cell5m,gdd
2126127,960
2126128,960
2126129,960
2126130,960
2126131,960
2126357,1126
2126358,1126
2126359,1135
2126360,1135
2126361,1135
2126362,1135
2126363,1135
2126364,1135
2126365,1130
2126366,1117
2126367,1117
2126368,1117
2126369,1117
2126370,1117
2126371,1117
2126372,1117
2126373,1117
2126374,1116
2126375,1116
2126376,1116
2126377,1116
2126378,1116
2126379,1116
2126380,1116
2126381,1124
2126382,1124
2126383,1124
2126384,1124
2126385,1124
2126386,1124
2126387,1124
2126388,1124
2126389,1060
2126390,1060
2126391,1060
2126392,1060
2126393,1060
2126395,1065
2126396,1012
2126397,1012
2126398,1012
2126400,1012
2126401,1012
2126402,1012
2126403,1006
2126404,1037
2126405,1037
2126406,1037
2126407,1037
2126408,1037
2126409,1037
2126410,1037
2126411,1056
2126412,1056
2126413,1056
2126414,1056
2126415,1056
2126416,1056
2126417,1056
2126418,1056
2126419,1108
2126420,1108
2126421,1114
2126422,1114
2126423,1114
2126424,1114
2126425,1108
2126426,1191
2126427,1191
2126428,1191
2126429,1191
2126430,1191
2126431,1191
2126432,1191
2126433,1245
2126434,1195
2126435,1195
2126436,1195
2126437,1195
2126438,1195
2126439,1195
2126440,1195
2126441,1135
2126442,1135
2126443,1135
2126444,1135
2126445,1135
2126446,1135
2126447,1135
2126448,1135
2126449,1132
2126450,1132
2126451,1132
2126452,1132
2126453,1132
2126454,1132
2126455,1132
2126456,1173
2126458,1173
2126459,1173
2126460,1173
2130447,960
2130448,960
2130449,960
2130450,960
2130451,960
2130452,960
2130671,1126
2130672,1126
2130673,1126
2130679,1135
2130680,1135
2130681,1135
2130682,1135
2130683,1135
2130685,1130
2130686,1117
2130687,1117
2130688,1117
2130689,1117
2130690,1117
2130691,1117
2130692,1117
2130693,1117
2130694,1116
2130695,1116
2130696,1116
2130697,1116
2130698,1116
2130699,1116
2130700,1116
2130701,1124
2130702,1124
2130703,1124
2130704,1124
2130705,1124
2130706,1124
2130707,1124
2130708,1124
2130709,1060
2130710,1060
2130711,1060
2130712,1060
2130713,1060
2130714,1060
2130715,1060
2130716,1012
2130717,1012
2130718,1012
2130719,1012
2130720,1012
2130723,1006
2130724,1037
2130725,1037
2130726,1037
2130727,1037
2130728,1037
2130729,1037
2130730,1037
2130731,1056
2130732,1056
2130733,1056
2130734,1056
2130735,1056
2130736,1056
2130737,1056
2130738,1056
2130739,1108
2130740,1108
2130741,1108
2130742,1114
2130743,1114
2130744,1114
2130745,1108
2130746,1191
2130747,1191
2130748,1191
2130749,1191
2130750,1191
2130751,1191
2130752,1191
2130753,1191
2130754,1195
2130755,1195
2130756,1195
2130757,1195
2130758,1195
2130759,1195
2130760,1195
2130761,1135
2130762,1135
2130763,1135
2130764,1135
2130765,1135
2130766,1135
2130767,1135
2130768,1135
2130769,1132
2130770,1132
2130771,1132
2130772,1132
2130773,1132
2130774,1132
2130775,1132
2130776,1173
2130777,1173
2130778,1173
2130779,1173
2130780,1173
2130781,1173
2130782,1173
2130783,1173
2134768,960
2134769,960
2134770,960
2134773,960
2134991,1126
2134992,1126
2134993,1126
2134994,1126
2134995,1126
2134998,1126
2134999,1135
2135000,1135
2135005,1130
2135006,1117
2135007,1117
2135008,1117
2135009,1117
2135010,1117
2135011,1117
2135012,1117
2135013,1117
2135014,1116
2135015,1116
2135016,1116
2135017,1116
2135018,1116
2135019,1116
2135020,1116
2135021,1124
2135022,1124
2135023,1124
2135024,1124
2135025,1124
2135026,1124
2135027,1124
2135028,1124
2135029,1060
2135030,1060
2135031,1060
2135032,1060
2135033,1060
2135034,1060
2135035,1060
2135036,1006
2135037,1006
2135038,1006
2135039,1006
2135040,1006
2135041,1006
2135042,1006
2135043,1006
2135044,1037
2135045,1037
2135046,1037
2135047,1037
2135048,1037
2135049,1037
2135050,1037
2135051,1056
2135052,1056
2135053,1056
2135054,1056
2135055,1056
2135056,1056
2135057,1056
2135058,1056
2135059,1108
2135060,1108
2135061,1108
2135062,1108
2135063,1108
2135064,1114
2135065,1108
2135066,1191
2135067,1191
2135068,1191
2135069,1191
2135070,1191
2135071,1191
2135072,1191
2135073,1191
2135074,1195
2135075,1195
2135076,1195
2135077,1195
2135078,1195
2135079,1195
2135080,1195
2135081,1135
2135082,1135
2135083,1135
2135084,1135
2135085,1135
2135086,1135
2135087,1135
2135088,1135
2135089,1132
2135090,1132
2135091,1132
2135092,1132
2135093,1132
2135094,1132
2135095,1132
2135096,1173
2135097,1102
2135098,1102
2135099,1173
2135100,1173
2135101,1173
2135102,1173
2135103,1173
2139311,1177
2139312,1177
2139313,1177
2139314,1177
2139315,1177
2139316,1177
2139317,1177
2139318,1177
2139319,1130
2139320,1130
2139325,1125
2139326,1093
2139327,1093
2139328,1098
2139329,1093
2139330,1093
2139331,1093
2139332,1093
2139333,1093
2139334,1125
2139335,1125
2139336,1125
2139337,1125
2139338,1125
2139339,1125
2139340,1125
2139341,1169
2139342,1169
2139343,1169
2139344,1169
2139345,1169
2139346,1169
2139347,1169
2139348,1169
2139349,1175
2139350,1175
2139351,1175
2139352,1175
2139353,1175
2139354,1175
2139355,1175
2139356,1137
2139357,1137
2139358,1137
2139359,1137
2139360,1137
2139361,1137
2139362,1137
2139363,1137
2139364,1126
2139365,1126
2139366,1126
2139367,1126
2139368,1126
2139369,1126
2139370,1126
2139371,1115
2139372,1115
2139373,1115
2139374,1115
2139375,1120
2139376,1120
2139377,1115
2139378,1115
2139379,1128
2139380,1128
2139381,1128
2139382,1128
2139383,1128
2139384,1133
2139385,1128
2139386,1201
2139387,1201
2139388,1201
2139389,1201
2139390,1201
2139391,1201
2139392,1201
2139393,1201
2139394,1191
2139395,1245
2139396,1245
2139397,1245
2139398,1245
2139399,1245
2139400,1245
2139401,1172
2139402,1172
2139403,1172
2139404,1172
2139405,1172
2139406,1172
2139407,1172
2139408,1172
2139409,1136
2139410,1136
2139411,1136
2139412,1136
2139413,1136
2139414,1058
2139415,1058
2139416,1066
2139420,1144
2139421,1144
2139422,1144
2139423,1144
2139424,1147
2143630,1221
2143645,1125
2143646,1093
2143647,1093
2143648,1093
2143649,1093
2143650,1093
2143651,1093
2143652,1093
2143653,1093
2143654,1125
2143655,1125
2143656,1125
2143657,1125
2143658,1125
2143659,1125
2143660,1125
2143661,1169
2143662,1169
2143663,1169
2143664,1169
2143665,1169
2143666,1169
2143667,1169
2143668,1169
2143669,1175
2143670,1180
2143671,1175
2143672,1175
2143673,1175
2143674,1175
2143675,1175
2143676,1137
2143677,1137
2143678,1137
2143679,1137
2143680,1137
2143681,1137
2143682,1137
2143683,1137
2143684,1126
2143685,1126
2143686,1126
2143687,1126
2143688,1126
2143689,1126
2143690,1126
2143691,1115
2143692,1120
2143693,1115
2143694,1115
2143695,1115
2143696,1120
2143697,1120
2143698,1115
2143699,1128
2143700,1128
2143701,1128
2143702,1128
2143703,1128
2143704,1133
2143705,1128
2143706,1201
2143707,1201
2143708,1201
2143709,1201
2143710,1201
2143711,1201
2143712,1201
2143713,1201
2143714,1191
2143715,1245
2143716,1245
2143717,1245
2143718,1245
2143719,1245
2143720,1245
2143721,1172
2143722,1172
2143723,1172
2143724,1172
2143725,1172
2143726,1172
2143727,1172
2143728,1172
2143729,1136
2143730,1136
2143731,1136
2143732,1136
2143733,1136
2143734,1058
2143743,1144
2143744,1147
2143745,1147
2143746,1147
2143747,1147
2143748,1147
2143749,1147
2143750,1147
2143751,1124
2143752,1124
2143753,1124
2147725,878
2147730,878
2147731,878
2147732,878
2147733,878
2147735,725
2147736,725
2147737,725
2147945,1221
2147946,1221
2147948,1221
2147949,1221
2147950,1221
2147973,1098
2147974,1130
2147975,1130
2147976,1125
2147977,1125
2147978,1125
2147979,1125
2147980,1125
2147981,1169
2147982,1169
2147983,1169
2147984,1169
2147985,1169
2147986,1169
2147987,1169
2147988,1169
2147989,1175
2147990,1175
2147991,1180
2147992,1175
2147993,1175
2147994,1175
2147995,1175
2147996,1137
2147997,1137
2147998,1137
2147999,1137
2148000,1137
2148001,1137
2148002,1137
2148003,1137
2148004,1126
2148005,1126
2148006,1126
2148007,1126
2148008,1126
2148009,1126
2148010,1126
2148011,1115
2148012,1115
2148013,1115
2148014,1115
2148015,1115
2148016,1115
2148017,1115
2148018,1115
2148019,1128
2148020,1128
2148021,1128
2148022,1128
2148023,1128
2148024,1128
2148025,1128
2148026,1201
2148027,1201
2148028,1201
2148029,1201
2148030,1201
2148031,1201
2148032,1201
2148033,1201
2148034,1245
2148035,1245
2148036,1245
2148037,1245
2148038,1245
2148039,1245
2148040,1245
2148041,1172
2148042,1172
2148043,1172
2148044,1172
2148045,1172
2148046,1172
2148047,1172
2148048,1172
2148049,1136
2148050,1136
2148051,1136
2148052,1136
2148053,1136
2148054,1136
2148063,1144
2148064,1147
2148065,1147
2148066,1147
2148067,1147
2148069,1147
2148073,1124
2148078,1124
2148079,1120
2148080,1120
2152045,878
2152049,878
2152050,878
2152051,878
2152052,878
2152053,878
2152265,1221
2152266,1221
2152267,1221
2152268,1221
2152269,1221
2152270,1221
2152289,1098
2152290,1098
2152291,1098
2152292,1098
2152293,1098
2152294,1130
2152295,1130
2152296,1125
2152297,1125
2152298,1125
2152299,1125
2152300,1125
2152301,1169
2152302,1169
2152303,1169
2152304,1169
2152305,1169
2152306,1169
2152307,1174
2152308,1169
2152309,1180
2152310,1175
2152311,1175
2152312,1175
2152313,1175
2152314,1175
2152315,1175
2152316,1137
2152317,1137
2152318,1137
2152319,1137
2152320,1137
2152321,1137
2152322,1137
2152323,1137
2152324,1126
2152325,1126
2152326,1126
2152327,1126
2152328,1126
2152329,1126
2152330,1126
2152331,1115
2152332,1115
2152333,1115
2152334,1115
2152335,1115
2152336,1115
2152337,1115
2152338,1115
2152339,1128
2152340,1128
2152341,1128
2152342,1128
2152343,1128
2152344,1128
2152345,1128
2152346,1201
2152347,1201
2152348,1201
2152349,1201
2152350,1201
2152351,1201
2152352,1201
2152353,1201
2152354,1245
2152355,1245
2152356,1245
2152357,1245
2152358,1245
2152359,1245
2152360,1245
2152361,1172
2152362,1172
2152363,1172
2152364,1172
2152365,1172
2152366,1172
2152367,1172
2152368,1172
2152369,1136
2152370,1136
2152371,1136
2152372,1136
2152373,1058
2152383,1144
2152384,1147
2152385,1147
2152393,1124
2152394,1124
2152395,1124
2152396,1124
2152397,1124
2152398,1124
2152399,1120
2152400,1120
2152401,1120
2156368,878
2156370,878
2156371,878
2156372,878
2156584,1221
2156585,1221
2156586,1221
2156587,1221
2156588,1221
2156589,1221
2156590,1221
2156610,1098
2156611,1098
2156612,1098
2156613,1098
2156614,1130
2156615,1130
2156616,1125
2156617,1125
2156618,1125
2156619,1125
2156620,1125
2156621,1169
2156622,1169
2156623,1169
2156624,1169
2156625,1169
2156626,1169
2156627,1174
2156628,1169
2156629,1175
2156630,1175
2156631,1175
2156632,1175
2156633,1175
2156634,1175
2156635,1175
2156636,1137
2156637,1137
2156638,1137
2156639,1137
2156640,1137
2156641,1137
2156642,1137
2156643,1137
2156644,1126
2156645,1126
2156646,1126
2156647,1126
2156648,1126
2156649,1126
2156650,1126
2156651,1115
2156652,1115
2156653,1115
2156654,1115
2156655,1115
2156656,1115
2156657,1115
2156658,1115
2156659,1128
2156660,1128
2156661,1128
2156662,1128
2156663,1128
2156664,1128
2156665,1128
2156666,1201
2156667,1201
2156668,1201
2156669,1201
2156670,1201
2156671,1201
2156672,1201
2156673,1201
2156674,1245
2156675,1245
2156676,1245
2156677,1245
2156678,1245
2156679,1245
2156680,1245
2156681,1172
2156682,1172
2156683,1172
2156684,1172
2156685,1172
2156686,1172
2156687,1172
2156688,1172
2156689,1136
2156690,1136
2156691,1136
2156692,1136
2156693,1058
2156694,1058
2156714,1124
2156715,1124
2156716,1124
2156717,1124
2156718,1124
2156719,1120
2156720,1120
2156721,1120
2160687,878
2160692,878
2160906,1221
2160907,1221
2160908,1221
2160909,1221
2160930,1098
2160931,1098
2160932,1098
2160933,1098
2160934,1130
2160935,1130
2160936,1130
2160937,1125
2160938,1125
2160939,1125
2160940,1125
2160941,1169
2160942,1169
2160943,1169
2160944,1169
2160945,1169
2160946,1169
2160947,1169
2160948,1169
2160949,1175
2160950,1175
2160951,1175
2160952,1175
2160953,1175
2160954,1175
2160955,1180
2160956,1143
2160957,1137
2160958,1137
2160959,1137
2160960,1137
2160961,1137
2160962,1137
2160963,1137
2160964,1126
2160965,1126
2160966,1126
2160967,1126
2160968,1126
2160969,1126
2160970,1126
2160971,1115
2160972,1115
2160973,1115
2160974,1115
2160975,1115
2160976,1115
2160977,1115
2160978,1115
2160979,1128
2160980,1128
2160981,1128
2160982,1128
2160983,1128
2160984,1128
2160985,1128
2160986,1201
2160987,1201
2160988,1201
2160989,1201
2160990,1201
2160991,1201
2160992,1201
2160993,1201
2160994,1191
2160995,1245
2160996,1245
2160997,1245
2160998,1245
2160999,1245
2161000,1245
2161001,1172
2161002,1172
2161003,1172
2161004,1172
2161005,1172
2161006,1172
2161007,1172
2161008,1172
2161009,1136
2161010,1136
2161011,1136
2161012,1136
2161014,1058
2161015,1058
2161016,1066
2161037,1124
2161038,1124
2161039,1120
2161044,1048
2161045,1048
2161046,1010
2165007,1007
2165008,1007
2165012,1007
2165013,1007
2165014,839
2165015,839
2165226,1288
2165227,1288
2165228,1288
2165229,1288
2165250,1191
2165251,1191
2165252,1191
2165253,1191
2165254,1169
2165255,1169
2165256,1169
2165257,1164
2165258,1164
2165259,1164
2165260,1164
2165261,1177
2165262,1177
2165263,1177
2165264,1177
2165265,1177
2165266,1177
2165267,1177
2165268,1177
2165269,1207
2165270,1212
2165271,1207
2165272,1207
2165273,1207
2165274,1207
2165275,1207
2165276,1196
2165277,1196
2165278,1196
2165279,1196
2165280,1196
2165281,1196
2165282,1196
2165283,1196
2165284,1188
2165285,1188
2165286,1188
2165287,1188
2165288,1188
2165289,1188
2165290,1188
2165291,1187
2165292,1187
2165293,1187
2165294,1187
2165295,1187
2165296,1187
2165297,1187
2165298,1187
2165299,1174
2165300,1174
2165301,1174
2165302,1174
2165303,1174
2165304,1174
2165305,1174
2165306,1225
2165307,1225
2165308,1225
2165309,1225
2165310,1225
2165311,1225
2165312,1225
2165313,1225
2165314,1294
2165315,1294
2165316,1294
2165317,1294
2165318,1294
2165319,1294
2165320,1294
2165321,1220
2165322,1220
2165323,1220
2165324,1220
2165325,1220
2165326,1220
2165327,1220
2165328,1220
2165329,1182
2165330,1182
2165331,1182
2165332,1182
2165333,1103
2165334,1103
2165335,1103
2165336,1134
2165337,1134
2165346,1102
2165347,1176
2169333,1007
2169334,839
2169550,1288
2169570,1191
2169571,1191
2169572,1191
2169573,1191
2169574,1169
2169575,1169
2169576,1169
2169577,1164
2169578,1164
2169579,1164
2169580,1164
2169581,1177
2169582,1177
2169583,1177
2169584,1177
2169585,1177
2169586,1177
2169587,1177
2169588,1177
2169589,1207
2169590,1207
2169591,1212
2169592,1207
2169593,1212
2169594,1207
2169595,1207
2169596,1196
2169597,1196
2169598,1196
2169599,1196
2169600,1196
2169601,1196
2169602,1196
2169604,1188
2169605,1188
2169606,1188
2169607,1188
2169609,1188
2169610,1188
2169611,1187
2169612,1187
2169613,1187
2169614,1187
2169615,1187
2169616,1187
2169617,1187
2169618,1187
2169619,1174
2169620,1174
2169621,1174
2169622,1174
2169623,1174
2169624,1174
2169625,1174
2169626,1225
2169627,1225
2169628,1225
2169629,1225
2169630,1225
2169631,1225
2169632,1225
2169633,1225
2169634,1294
2169635,1294
2169636,1294
2169637,1294
2169638,1294
2169639,1294
2169640,1294
2169641,1220
2169642,1220
2169643,1220
2169644,1220
2169645,1220
2169646,1220
2169647,1220
2169648,1220
2169649,1182
2169650,1182
2169651,1182
2169652,1182
2169653,1103
2169665,1102
2169667,1176
2173654,839
2173883,1218
2173887,1186
2173891,1191
2173892,1191
2173893,1191
2173894,1169
2173895,1169
2173896,1169
2173897,1164
2173898,1164
2173899,1164
2173900,1164
2173901,1177
2173902,1177
2173903,1177
2173904,1177
2173905,1177
2173906,1177
2173907,1177
2173908,1182
2173909,1212
2173910,1212
2173911,1207
2173912,1207
2173913,1212
2173914,1207
2173915,1207
2173916,1202
2173917,1196
2173918,1196
2173919,1196
2173920,1196
2173921,1196
2173922,1196
2173924,1188
2173925,1188
2173926,1188
2173927,1188
2173928,1188
2173929,1188
2173930,1188
2173931,1187
2173932,1187
2173933,1193
2173934,1187
2173935,1187
2173936,1187
2173937,1187
2173938,1187
2173939,1174
2173940,1174
2173941,1174
2173942,1174
2173943,1174
2173944,1174
2173945,1174
2173946,1225
2173947,1225
2173948,1225
2173949,1225
2173950,1225
2173951,1225
2173952,1225
2173953,1225
2173954,1238
2173955,1294
2173956,1294
2173957,1294
2173958,1294
2173959,1294
2173960,1294
2173961,1220
2173962,1220
2173963,1220
2173964,1220
2173965,1220
2173966,1220
2173967,1220
2173968,1220
2173969,1182
2173970,1182
2173971,1182
2173972,1182
2173973,1103
2177966,1007
2177973,1007
2177974,839
2178199,1218
2178200,1218
2178202,1218
2178203,1218
2178207,1186
2178212,1191
2178213,1191
2178214,1169
2178215,1169
2178216,1169
2178217,1169
2178218,1164
2178219,1164
2178220,1164
2178221,1177
2178222,1177
2178223,1177
2178224,1177
2178225,1177
2178226,1177
2178227,1177
2178228,1177
2178229,1207
2178230,1207
2178231,1212
2178232,1212
2178233,1207
2178234,1212
2178235,1207
2178236,1196
2178237,1202
2178238,1196
2178239,1196
2178240,1196
2178241,1196
2178242,1196
2178243,1196
2178244,1188
2178245,1188
2178246,1188
2178247,1188
2178248,1188
2178249,1188
2178250,1188
2178251,1187
2178252,1187
2178253,1187
2178254,1187
2178255,1187
2178256,1187
2178257,1187
2178258,1187
2178259,1174
2178260,1174
2178261,1174
2178262,1174
2178263,1174
2178264,1174
2178265,1174
2178266,1225
2178267,1225
2178268,1225
2178269,1225
2178270,1225
2178271,1225
2178272,1225
2178273,1225
2178274,1238
2178275,1294
2178276,1294
2178277,1294
2178278,1294
2178279,1294
2178280,1294
2178281,1220
2178282,1220
2178283,1220
2178284,1220
2178285,1220
2178286,1220
2178287,1220
2178288,1220
2178289,1182
2178290,1182
2178291,1182
2178292,1182
2178293,1182
2178294,1103
2178303,1134
2178304,1102
2178305,1102
2178306,1102
2178307,1176
2178308,1176
2178309,1176
2178310,1176
2178311,1137
2178312,1137
2178322,1099
2178323,1029
2178324,1029
2178325,1029
2182293,1007
2182294,839
2182295,839
2182296,839
2182297,839
2182526,1186
2182527,1186
2182528,1191
2182532,1191
2182533,1191
2182534,1169
2182535,1169
2182536,1169
2182537,1169
2182538,1164
2182539,1164
2182540,1164
2182541,1177
2182542,1177
2182543,1177
2182544,1177
2182545,1177
2182546,1177
2182547,1177
2182548,1177
2182549,1212
2182550,1212
2182551,1212
2182552,1212
2182553,1212
2182554,1212
2182555,1207
2182556,1196
2182557,1196
2182558,1196
2182559,1196
2182560,1196
2182561,1196
2182562,1196
2182563,1196
2182564,1188
2182565,1188
2182566,1188
2182567,1188
2182568,1188
2182569,1188
2182570,1188
2182571,1187
2182572,1187
2182573,1187
2182574,1187
2182575,1187
2182576,1187
2182577,1187
2182578,1187
2182579,1174
2182580,1174
2182581,1174
2182582,1174
2182583,1174
2182584,1174
2182585,1174
2182586,1225
2182587,1225
2182588,1225
2182589,1225
2182590,1225
2182591,1225
2182592,1225
2182593,1225
2182594,1238
2182595,1238
2182596,1294
2182597,1294
2182598,1294
2182599,1294
2182600,1294
2182601,1220
2182602,1220
2182603,1220
2182604,1220
2182605,1220
2182606,1220
2182607,1220
2182608,1220
2182609,1182
2182610,1182
2182611,1182
2182612,1182
2182614,1182
2182615,1182
2182622,1134
2182623,1134
2182624,1102
2182625,1102
2182626,1102
2182627,1176
2182628,1176
2182629,1176
2182630,1176
2182631,1137
2182632,1137
2182633,1137
2182643,1029
2182644,1029
2182645,1029
2182646,1003
2182647,1003
2182648,1003
2182649,1003
2186615,839
2186616,839
2186650,1327
2186651,1253
2186677,1094
2186843,1218
2186846,1186
2186847,1186
2186851,1186
2186852,1186
2186853,1186
2186854,1164
2186855,1164
2186856,1164
2186857,1164
2186858,1164
2186859,1164
2186860,1164
2186861,1177
2186862,1177
2186863,1177
2186864,1177
2186865,1177
2186866,1177
2186867,1177
2186868,1177
2186869,1207
2186870,1207
2186871,1207
2186872,1207
2186873,1207
2186874,1207
2186875,1207
2186876,1196
2186877,1196
2186878,1196
2186879,1196
2186880,1196
2186881,1196
2186882,1196
2186883,1196
2186884,1188
2186885,1188
2186886,1188
2186887,1188
2186888,1188
2186889,1188
2186890,1188
2186891,1187
2186892,1187
2186893,1187
2186894,1187
2186895,1187
2186896,1187
2186897,1187
2186898,1187
2186899,1174
2186900,1174
2186901,1174
2186902,1174
2186903,1174
2186904,1174
2186905,1174
2186906,1225
2186907,1225
2186908,1225
2186909,1225
2186910,1225
2186911,1225
2186912,1225
2186913,1225
2186914,1238
2186915,1238
2186916,1238
2186917,1294
2186918,1294
2186919,1294
2186920,1294
2186921,1220
2186922,1220
2186923,1220
2186924,1220
2186925,1220
2186926,1220
2186927,1220
2186928,1220
2186929,1182
2186930,1182
2186931,1182
2186932,1182
2186935,1182
2186936,1209
2186937,1209
2186938,1134
2186939,1134
2186940,1134
2186941,1134
2186942,1134
2186943,1134
2186944,1102
2186945,1102
2186946,1102
2186963,1029
2186964,1029
2186965,1029
2186966,1003
2186967,1003
2186968,1003
2186969,1003
2186996,765
2190933,1053
2190934,880
2190935,880
2190936,880
2190937,880
2190969,1440
2190970,1440
2190971,1417
2190994,1132
2191165,1234
2191166,1239
2191167,1244
2191173,1239
2191174,1257
2191175,1257
2191176,1257
2191177,1257
2191178,1257
2191179,1257
2191180,1257
2191181,1223
2191182,1223
2191183,1223
2191184,1223
2191185,1223
2191186,1223
2191187,1223
2191188,1223
2191189,1207
2191190,1207
2191191,1207
2191192,1207
2191193,1207
2191194,1207
2191195,1207
2191196,1201
2191197,1201
2191198,1201
2191199,1201
2191200,1201
2191201,1201
2191202,1201
2191203,1201
2191204,1199
2191205,1199
2191206,1199
2191207,1199
2191208,1199
2191209,1199
2191210,1199
2191211,1214
2191212,1214
2191213,1214
2191214,1214
2191215,1214
2191216,1214
2191217,1214
2191218,1214
2191219,1204
2191220,1204
2191221,1204
2191222,1204
2191223,1204
2191224,1204
2191225,1204
2191226,1255
2191227,1255
2191228,1255
2191229,1255
2191230,1255
2191231,1255
2191232,1255
2191233,1255
2191234,1273
2191235,1273
2191236,1273
2191237,1331
2191238,1331
2191239,1331
2191240,1331
2191241,1269
2191242,1269
2191243,1269
2191244,1269
2191245,1269
2191246,1269
2191247,1269
2191248,1269
2191249,1190
2191250,1190
2191251,1190
2191252,1190
2191255,1190
2191256,1183
2191257,1183
2191258,1109
2191259,1109
2191260,1109
2191261,1109
2191262,1109
2191263,1109
2191264,1114
2191265,1114
2191266,1114
2191285,1033
2191286,981
2191287,981
2195256,880
2195257,880
2195290,1440
2195291,1417
2195348,948
2195349,948
2195350,948
2195408,1158
2195493,1239
2195494,1257
2195495,1257
2195496,1257
2195497,1257
2195498,1257
2195499,1257
2195500,1257
2195501,1223
2195502,1223
2195503,1223
2195504,1223
2195505,1223
2195506,1223
2195507,1223
2195508,1223
2195509,1207
2195510,1207
2195511,1207
2195512,1207
2195513,1207
2195514,1207
2195515,1207
2195516,1201
2195517,1201
2195518,1201
2195519,1201
2195520,1201
2195521,1201
2195522,1201
2195523,1201
2195524,1199
2195525,1199
2195526,1199
2195527,1199
2195528,1199
2195529,1199
2195530,1199
2195531,1214
2195532,1214
2195533,1214
2195534,1214
2195535,1214
2195536,1214
2195537,1214
2195538,1214
2195539,1204
2195540,1204
2195541,1204
2195542,1204
2195543,1204
2195544,1204
2195545,1204
2195546,1255
2195547,1255
2195548,1255
2195549,1255
2195550,1255
2195551,1255
2195552,1255
2195553,1255
2195554,1273
2195555,1273
2195556,1273
2195557,1331
2195558,1331
2195559,1331
2195560,1331
2195561,1269
2195562,1269
2195563,1269
2195564,1269
2195565,1269
2195566,1269
2195567,1269
2195568,1269
2195569,1190
2195570,1190
2195571,1190
2195572,1190
2195573,1190
2195574,1190
2195575,1190
2195576,1183
2195577,1183
2195578,1109
2195579,1109
2195580,1109
2195581,1109
2195582,1109
2195583,1109
2195584,1114
2195610,981
2195611,981
2195612,981
2195613,981
2195614,922
2199610,1440
2199668,948
2199669,948
2199670,948
2199803,1234
2199804,1234
2199805,1234
2199806,1239
2199813,1239
2199814,1257
2199815,1262
2199816,1257
2199817,1257
2199818,1257
2199819,1257
2199820,1257
2199821,1229
2199822,1223
2199823,1223
2199824,1223
2199825,1223
2199826,1223
2199827,1223
2199828,1223
2199829,1207
2199830,1207
2199831,1207
2199832,1207
2199833,1207
2199834,1207
2199835,1207
2199836,1201
2199837,1201
2199838,1201
2199839,1201
2199840,1201
2199841,1201
2199842,1201
2199843,1201
2199844,1199
2199845,1199
2199846,1199
2199847,1199
2199848,1199
2199849,1205
2199850,1199
2199851,1220
2199852,1220
2199853,1214
2199854,1214
2199855,1214
2199856,1214
2199857,1214
2199858,1214
2199859,1204
2199860,1204
2199861,1204
2199862,1204
2199863,1204
2199864,1204
2199865,1204
2199866,1255
2199867,1255
2199868,1255
2199869,1255
2199870,1255
2199871,1255
2199872,1255
2199873,1255
2199874,1273
2199875,1273
2199876,1273
2199877,1273
2199878,1331
2199879,1331
2199880,1331
2199881,1269
2199882,1269
2199883,1269
2199884,1269
2199885,1269
2199886,1269
2199887,1269
2199888,1269
2199889,1190
2199890,1190
2199891,1190
2199892,1190
2199893,1190
2199894,1190
2199895,1190
2199896,1183
2199897,1183
2199898,1109
2199899,1109
2199900,1109
2199901,1109
2199925,1033
2199926,981
2199928,981
2199929,981
2199933,981
2203957,1132
2203988,948
2203989,948
2203990,948
2204124,1234
2204125,1234
2204126,1239
2204127,1239
2204128,1239
2204129,1239
2204130,1239
2204131,1239
2204132,1239
2204133,1239
2204134,1257
2204135,1257
2204136,1257
2204137,1257
2204138,1257
2204142,1229
2204143,1223
2204144,1223
2204145,1223
2204146,1223
2204147,1223
2204148,1223
2204149,1207
2204150,1207
2204151,1207
2204152,1207
2204153,1207
2204154,1207
2204155,1207
2204156,1201
2204157,1201
2204158,1201
2204159,1201
2204160,1201
2204161,1201
2204162,1201
2204163,1201
2204164,1199
2204165,1199
2204166,1199
2204167,1199
2204168,1199
2204169,1205
2204170,1199
2204171,1220
2204172,1220
2204173,1214
2204174,1214
2204175,1220
2204176,1220
2204177,1220
2204178,1214
2204179,1204
2204180,1204
2204181,1204
2204182,1204
2204183,1204
2204184,1204
2204185,1204
2204186,1255
2204187,1255
2204188,1255
2204189,1255
2204190,1255
2204191,1255
2204192,1255
2204193,1255
2204194,1273
2204195,1273
2204196,1273
2204197,1273
2204198,1331
2204199,1331
2204200,1331
2204201,1269
2204202,1269
2204203,1269
2204204,1269
2204205,1269
2204206,1269
2204207,1269
2204208,1269
2204209,1190
2204210,1190
2204211,1190
2204212,1190
2204213,1190
2204214,1190
2204215,1190
2204216,1183
2204217,1183
2204218,1109
2204219,1109
2204220,1109
2204221,1109
2204222,1109
2204223,1109
2204245,1033
2204246,981
2204247,981
2204248,981
2204249,981
2204250,981
2204251,981
2204252,981
2204253,981
2204254,922
2208212,1053
2208213,1053
2208243,1250
2208278,1132
2208308,948
2208309,948
2208310,948
2208311,723
2208443,1234
2208444,1234
2208445,1234
2208446,1239
2208447,1239
2208448,1239
2208449,1239
2208450,1239
2208451,1239
2208452,1239
2208453,1239
2208454,1257
2208455,1257
2208456,1257
2208457,1257
2208458,1257
2208461,1223
2208462,1229
2208463,1223
2208464,1223
2208465,1223
2208466,1223
2208467,1223
2208468,1223
2208469,1207
2208470,1207
2208471,1207
2208472,1207
2208473,1207
2208474,1207
2208475,1207
2208476,1201
2208477,1201
2208478,1201
2208479,1201
2208480,1201
2208481,1201
2208482,1201
2208483,1201
2208484,1199
2208485,1199
2208486,1199
2208487,1199
2208488,1199
2208489,1199
2208490,1199
2208491,1220
2208492,1220
2208493,1214
2208494,1214
2208495,1220
2208496,1220
2208497,1214
2208498,1214
2208499,1204
2208500,1204
2208501,1204
2208502,1204
2208503,1204
2208504,1204
2208505,1204
2208506,1255
2208507,1255
2208508,1255
2208509,1255
2208510,1255
2208511,1255
2208512,1255
2208513,1255
2208514,1273
2208515,1273
2208516,1273
2208517,1273
2208518,1331
2208519,1331
2208520,1331
2208521,1269
2208522,1269
2208523,1269
2208524,1269
2208525,1269
2208526,1269
2208527,1269
2208528,1269
2208529,1190
2208530,1190
2208531,1190
2208532,1190
2208533,1190
2208534,1190
2208535,1190
2208536,1183
2208537,1183
2208538,1109
2208539,1109
2208540,1109
2208541,1109
2208542,1109
2208543,1109
2208563,1033
2208564,1033
2208565,1033
2208566,981
2208567,981
2208568,981
2208569,981
2208570,981
2208571,981
2208572,981
2208573,981
2208574,922
2212533,1053
2212534,880
2212535,880
2212631,723
2212666,1095
2212667,1095
2212670,1096
2212677,1209
2212678,1209
2212687,1158
2212751,1284
2212752,1284
2212753,1284
2212754,1284
2212755,1290
2212756,1290
2212759,1240
2212760,1240
2212761,1234
2212762,1234
2212763,1234
2212766,1239
2212767,1239
2212768,1239
2212769,1239
2212770,1239
2212771,1239
2212772,1239
2212773,1239
2212774,1257
2212775,1257
2212776,1257
2212777,1257
2212778,1257
2212779,1257
2212780,1257
2212781,1223
2212782,1229
2212783,1229
2212784,1223
2212785,1223
2212788,1223
2212789,1207
2212790,1207
2212791,1207
2212792,1207
2212793,1207
2212794,1207
2212795,1207
2212796,1201
2212797,1201
2212798,1201
2212799,1201
2212800,1201
2212801,1201
2212802,1201
2212803,1207
2212804,1205
2212805,1199
2212806,1199
2212807,1199
2212808,1199
2212809,1199
2212810,1199
2212811,1214
2212812,1214
2212813,1214
2212814,1214
2212815,1214
2212816,1214
2212818,1214
2212819,1204
2212820,1204
2212821,1204
2212822,1204
2212823,1204
2212824,1204
2212825,1204
2212826,1255
2212827,1255
2212828,1255
2212829,1255
2212830,1255
2212831,1255
2212832,1255
2212833,1255
2212834,1273
2212835,1273
2212836,1273
2212837,1273
2212838,1331
2212839,1331
2212840,1331
2212841,1269
2212842,1269
2212843,1269
2212844,1269
2212845,1269
2212846,1269
2212847,1269
2212848,1269
2212849,1190
2212850,1190
2212851,1190
2212852,1190
2212854,1190
2212855,1190
2212856,1183
2212857,1183
2212858,1109
2212859,1109
2212860,1109
2212861,1109
2212862,1109
2212863,1109
2212864,1186
2212885,1033
2212886,981
2212887,981
2212888,981
2212889,981
2212893,981
2216851,963
2216852,963
2216853,963
2216854,696
2216881,1390
2216882,1390
2216891,1533
2216994,728
2216997,989
2216998,989
2216999,989
2217071,1280
2217072,1280
2217073,1285
2217074,1285
2217076,1285
2217077,1285
2217079,1263
2217080,1263
2217081,1258
2217082,1258
2217083,1258
2217087,1259
2217088,1259
2217089,1259
2217090,1259
2217091,1259
2217092,1259
2217093,1259
2217094,1274
2217095,1274
2217096,1274
2217097,1274
2217098,1274
2217099,1274
2217103,1276
2217104,1276
2217105,1276
2217108,1276
2217109,1281
2217110,1281
2217111,1281
2217112,1281
2217113,1281
2217114,1281
2217115,1281
2217116,1251
2217117,1251
2217119,1251
2217120,1251
2217121,1251
2217122,1251
2217123,1251
2217124,1238
2217125,1238
2217126,1238
2217127,1238
2217128,1238
2217129,1238
2217130,1238
2217131,1251
2217132,1251
2217133,1251
2217134,1251
2217135,1251
2217136,1251
2217137,1251
2217138,1251
2217139,1253
2217140,1253
2217141,1253
2217142,1253
2217143,1253
2217144,1253
2217145,1253
2217146,1302
2217147,1302
2217148,1302
2217149,1302
2217150,1302
2217151,1302
2217152,1302
2217153,1302
2217154,1313
2217155,1313
2217156,1313
2217157,1313
2217158,1374
2217159,1374
2217160,1374
2217161,1298
2217162,1298
2217163,1298
2217164,1298
2217165,1298
2217166,1298
2217167,1298
2217168,1298
2217169,1200
2217170,1200
2217171,1200
2217178,1114
2217179,1114
2217180,1114
2217181,1114
2217182,1114
2217183,1114
2217205,1094
2217206,1028
2217207,1028
2217208,1028
2217209,1028
2217222,766
2217256,877
2217258,877
2217259,838
2217260,838
2221173,963
2221202,1390
2221203,1390
2221210,1642
2221211,1533
2221237,1099
2221317,989
2221318,989
2221319,989
2221326,961
2221391,1280
2221392,1280
2221393,1280
2221394,1280
2221395,1280
2221396,1285
2221397,1285
2221398,1285
2221399,1263
2221401,1263
2221403,1258
2221409,1259
2221410,1259
2221411,1259
2221412,1259
2221413,1259
2221414,1274
2221415,1274
2221416,1274
2221417,1274
2221418,1274
2221424,1276
2221425,1276
2221427,1276
2221428,1276
2221429,1281
2221430,1281
2221431,1281
2221433,1281
2221434,1281
2221435,1281
2221436,1251
2221437,1251
2221438,1251
2221439,1251
2221440,1251
2221441,1251
2221442,1251
2221443,1251
2221444,1238
2221445,1238
2221446,1238
2221447,1238
2221448,1238
2221449,1238
2221450,1238
2221451,1251
2221452,1251
2221453,1251
2221454,1251
2221455,1251
2221456,1251
2221457,1251
2221458,1251
2221459,1253
2221460,1253
2221461,1253
2221462,1253
2221463,1253
2221464,1253
2221465,1253
2221466,1302
2221467,1302
2221468,1302
2221469,1302
2221470,1302
2221471,1302
2221472,1302
2221473,1302
2221474,1313
2221475,1313
2221476,1313
2221477,1313
2221478,1374
2221479,1374
2221480,1374
2221481,1298
2221482,1298
2221483,1298
2221484,1298
2221485,1298
2221486,1298
2221487,1298
2221488,1298
2221489,1200
2221490,1200
2221491,1200
2221494,1200
2221495,1200
2221496,1190
2221497,1190
2221498,1114
2221523,1094
2221524,1094
2221525,1094
2221526,1028
2221527,1028
2221528,1028
2221529,1028
2221575,877
2221576,877
2221577,877
2221579,838
2225487,963
2225491,963
2225492,963
2225493,963
2225531,1533
2225638,989
2225639,989
2225646,961
2225711,1280
2225712,1280
2225713,1280
2225714,1280
2225715,1280
2225717,1285
2225719,1263
2225720,1263
2225723,1263
2225729,1259
2225730,1259
2225731,1259
2225732,1259
2225733,1259
2225734,1274
2225735,1274
2225736,1274
2225737,1274
2225745,1276
2225746,1276
2225747,1276
2225748,1276
2225749,1281
2225750,1281
2225751,1281
2225752,1281
2225753,1281
2225754,1281
2225755,1281
2225756,1251
2225757,1251
2225758,1251
2225759,1251
2225760,1251
2225761,1251
2225762,1251
2225763,1251
2225764,1238
2225765,1238
2225766,1238
2225767,1238
2225768,1238
2225769,1238
2225770,1238
2225771,1251
2225772,1251
2225773,1251
2225774,1251
2225775,1251
2225776,1251
2225777,1251
2225778,1251
2225779,1253
2225780,1253
2225781,1253
2225782,1253
2225783,1253
2225784,1253
2225785,1253
2225786,1302
2225787,1302
2225788,1302
2225789,1302
2225790,1302
2225791,1302
2225792,1302
2225793,1302
2225794,1313
2225795,1313
2225796,1313
2225797,1313
2225798,1374
2225799,1374
2225800,1374
2225801,1298
2225802,1298
2225803,1298
2225804,1298
2225805,1298
2225806,1298
2225807,1298
2225808,1298
2225809,1200
2225810,1200
2225811,1200
2225812,1200
2225814,1200
2225815,1200
2225816,1190
2225817,1190
2225818,1114
2225819,1114
2225820,1114
2225821,1114
2225822,1114
2225823,1114
2225843,1094
2225844,1094
2225845,1094
2225846,1028
2225847,1028
2225848,1028
2225858,934
2225859,934
2225896,877
2225897,877
2225898,877
2229804,963
2229805,963
2229806,963
2229807,963
2229809,963
2229810,963
2229876,1099
2229877,1099
2230031,1285
2230032,1280
2230033,1280
2230034,1280
2230035,1280
2230039,1263
2230040,1263
2230041,1258
2230042,1258
2230043,1258
2230044,1258
2230045,1258
2230046,1259
2230047,1259
2230048,1259
2230049,1259
2230050,1259
2230051,1259
2230052,1259
2230053,1259
2230054,1274
2230055,1274
2230056,1274
2230057,1274
2230058,1274
2230059,1274
2230061,1276
2230062,1276
2230063,1276
2230066,1276
2230067,1276
2230068,1276
2230069,1281
2230070,1281
2230071,1281
2230072,1281
2230073,1281
2230074,1281
2230075,1281
2230076,1251
2230077,1251
2230078,1251
2230079,1251
2230080,1251
2230081,1251
2230082,1251
2230083,1251
2230084,1238
2230085,1238
2230086,1238
2230087,1238
2230088,1238
2230089,1238
2230090,1238
2230091,1251
2230092,1251
2230093,1251
2230094,1251
2230095,1251
2230096,1251
2230097,1251
2230098,1251
2230099,1253
2230100,1253
2230101,1253
2230102,1253
2230103,1253
2230104,1253
2230105,1253
2230106,1302
2230107,1302
2230108,1302
2230109,1302
2230110,1302
2230111,1302
2230112,1302
2230113,1302
2230114,1313
2230115,1313
2230116,1313
2230117,1313
2230118,1374
2230119,1374
2230120,1374
2230121,1298
2230122,1298
2230123,1298
2230124,1298
2230125,1298
2230126,1298
2230127,1298
2230128,1298
2230129,1200
2230130,1200
2230131,1200
2230132,1200
2230133,1200
2230134,1200
2230135,1200
2230136,1190
2230137,1190
2230138,1190
2230139,1114
2230140,1114
2230141,1114
2230142,1114
2230143,1114
2230155,1118
2230156,1118
2230159,1094
2230160,1094
2230161,1094
2230164,1094
2230165,1094
2230166,1028
2230167,1028
2230168,1028
2230169,1028
2230170,1028
2230173,1028
2230174,934
2230175,934
2230176,934
2230177,934
2230216,877
2230217,877
2230218,877
2234120,963
2234123,963
2234124,963
2234125,963
2234126,963
2234127,963
2234128,963
2234129,963
2234130,963
2234131,963
2234171,1533
2234172,1533
2234351,1285
2234352,1280
2234353,1280
2234354,1280
2234355,1280
2234357,1285
2234359,1263
2234360,1263
2234361,1258
2234362,1258
2234363,1258
2234364,1258
2234365,1258
2234366,1259
2234367,1259
2234368,1259
2234369,1259
2234370,1259
2234371,1259
2234372,1259
2234373,1259
2234374,1274
2234375,1274
2234376,1274
2234377,1274
2234378,1274
2234379,1274
2234380,1274
2234381,1276
2234382,1276
2234383,1276
2234384,1276
2234385,1276
2234386,1276
2234387,1276
2234388,1276
2234389,1281
2234390,1281
2234391,1281
2234392,1281
2234393,1281
2234394,1281
2234395,1281
2234396,1251
2234397,1251
2234398,1251
2234399,1251
2234400,1251
2234401,1251
2234402,1251
2234403,1251
2234404,1238
2234405,1238
2234406,1238
2234407,1238
2234408,1238
2234409,1238
2234410,1238
2234411,1251
2234412,1251
2234413,1251
2234414,1251
2234415,1251
2234416,1251
2234417,1251
2234418,1251
2234419,1253
2234420,1253
2234421,1253
2234422,1253
2234423,1253
2234424,1253
2234425,1253
2234426,1302
2234427,1302
2234428,1302
2234429,1302
2234430,1302
2234431,1302
2234432,1302
2234433,1302
2234434,1313
2234435,1313
2234436,1313
2234437,1313
2234438,1313
2234439,1374
2234440,1374
2234441,1298
2234442,1298
2234443,1298
2234444,1298
2234445,1298
2234446,1298
2234447,1298
2234448,1298
2234449,1200
2234450,1200
2234451,1200
2234452,1200
2234453,1200
2234454,1200
2234455,1200
2234456,1190
2234457,1190
2234458,1190
2234459,1190
2234460,1190
2234461,1114
2234462,1114
2234463,1114
2234464,1230
2234476,1118
2234479,1094
2234483,1094
2234484,1094
2234485,1094
2234486,1028
2234487,1028
2234488,1028
2234489,1028
2234490,1028
2234491,1028
2234492,1028
2234495,934
2234528,766
2234529,766
2234535,877
2234536,877
2234537,877
2238442,963
2238443,963
2238444,963
2238445,963
2238446,963
2238491,1533
2238492,1533
2238515,1099
2238516,1099
2238671,1285
2238672,1280
2238673,1280
2238674,1280
2238675,1280
2238676,1285
2238677,1285
2238678,1285
2238679,1263
2238680,1263
2238681,1258
2238682,1258
2238683,1258
2238684,1258
2238685,1258
2238686,1259
2238687,1259
2238688,1259
2238689,1259
2238690,1259
2238691,1259
2238692,1259
2238693,1259
2238694,1274
2238696,1274
2238697,1274
2238698,1274
2238699,1274
2238700,1274
2238701,1276
2238702,1276
2238703,1276
2238704,1276
2238705,1276
2238706,1276
2238707,1276
2238708,1276
2238709,1281
2238710,1281
2238711,1281
2238712,1281
2238713,1281
2238714,1281
2238715,1281
2238716,1251
2238717,1251
2238718,1251
2238719,1251
2238720,1251
2238721,1251
2238722,1251
2238723,1251
2238724,1238
2238725,1238
2238726,1238
2238727,1238
2238728,1238
2238729,1238
2238730,1238
2238731,1251
2238732,1251
2238733,1251
2238734,1251
2238735,1251
2238736,1251
2238737,1251
2238738,1251
2238739,1253
2238740,1253
2238741,1253
2238742,1253
2238743,1253
2238744,1253
2238745,1253
2238746,1302
2238747,1302
2238748,1302
2238749,1302
2238750,1302
2238751,1302
2238752,1302
2238753,1302
2238754,1313
2238755,1313
2238756,1313
2238757,1313
2238758,1374
2238759,1374
2238760,1374
2238761,1298
2238762,1298
2238763,1298
2238764,1298
2238765,1298
2238766,1298
2238767,1298
2238768,1298
2238769,1200
2238770,1200
2238771,1200
2238772,1200
2238773,1200
2238774,1200
2238775,1200
2238776,1190
2238777,1190
2238778,1190
2238779,1190
2238781,1190
2238782,1190
2238783,1190
2238788,1230
2238789,1230
2238796,1118
2238797,1118
2238798,1118
2238799,1094
2238803,1094
2238804,1094
2238805,1094
2238806,1028
2238807,1028
2238808,1028
2238809,1028
2238810,1028
2238811,1028
2238812,1028
2238813,1028
2238846,766
2238847,766
2238848,766
2238849,766
2238850,766
2238851,877
2238854,877
2238855,877
2238856,877
2238857,877
2239105,712
2242763,913
2242764,913
2242765,913
2242766,905
2242802,1596
2242827,1309
2242828,1309
2242836,1352
2242837,1352
2242838,1352
2242839,1352
2242840,1352
2242841,1166
2242991,1293
2242992,1288
2242993,1288
2242994,1288
2242995,1288
2242996,1288
2242997,1293
2242999,1269
2243000,1269
2243001,1264
2243002,1264
2243003,1264
2243004,1264
2243005,1264
2243006,1269
2243007,1269
2243008,1269
2243009,1269
2243010,1269
2243011,1269
2243012,1269
2243013,1269
2243014,1300
2243016,1300
2243017,1300
2243018,1300
2243019,1300
2243020,1300
2243021,1331
2243022,1331
2243023,1331
2243024,1331
2243025,1331
2243026,1331
2243027,1331
2243028,1331
2243029,1345
2243030,1345
2243031,1345
2243032,1345
2243033,1345
2243034,1345
2243035,1345
2243036,1277
2243037,1277
2243038,1277
2243039,1277
2243040,1277
2243041,1277
2243042,1277
2243043,1277
2243044,1235
2243045,1235
2243046,1235
2243047,1235
2243048,1235
2243049,1235
2243050,1235
2243051,1289
2243052,1289
2243053,1289
2243054,1289
2243055,1289
2243056,1289
2243057,1289
2243058,1289
2243059,1305
2243060,1305
2243061,1305
2243062,1305
2243063,1305
2243064,1305
2243065,1305
2243066,1350
2243067,1350
2243068,1350
2243069,1350
2243070,1350
2243071,1350
2243072,1350
2243073,1350
2243074,1350
2243075,1350
2243076,1350
2243077,1350
2243078,1350
2243079,1413
2243080,1413
2243081,1333
2243082,1333
2243083,1333
2243084,1333
2243085,1333
2243086,1333
2243087,1333
2243088,1333
2243089,1270
2243090,1270
2243091,1270
2243092,1270
2243093,1270
2243094,1270
2243095,1270
2243096,1238
2243097,1238
2243098,1238
2243099,1238
2243100,1238
2243101,1238
2243102,1238
2243103,1238
2243105,1258
2243106,1258
2243107,1258
2243108,1258
2243109,1258
2243110,1258
2243111,1245
2243115,1171
2243116,1171
2243117,1171
2243118,1171
2243119,1119
2243120,1119
2243121,1119
2243122,1119
2243123,1119
2243124,1119
2243125,1119
2243126,1094
2243127,1094
2243128,1094
2243129,1094
2243130,1094
2243131,1094
2243132,1094
2243139,1115
2243140,1115
2243169,1001
2243170,1001
2243171,1000
2243172,1000
2243178,1000
2243179,977
2247083,913
2247084,913
2247085,913
2247086,905
2247087,905
2247145,1478
2247146,1309
2247147,1309
2247148,1309
2247156,1352
2247157,1352
2247158,1352
2247159,1352
2247160,1352
2247161,1166
2247162,1166
2247227,849
2247311,1288
2247312,1288
2247313,1288
2247314,1288
2247315,1288
2247316,1288
2247317,1288
2247318,1288
2247320,1264
2247321,1264
2247322,1264
2247323,1264
2247324,1264
2247325,1264
2247326,1269
2247327,1269
2247328,1269
2247329,1269
2247330,1269
2247331,1269
2247332,1269
2247333,1269
2247334,1300
2247335,1305
2247336,1300
2247337,1300
2247338,1300
2247339,1300
2247340,1300
2247341,1331
2247342,1331
2247343,1331
2247344,1331
2247345,1331
2247346,1331
2247347,1331
2247348,1331
2247349,1345
2247350,1345
2247351,1345
2247352,1345
2247353,1345
2247354,1345
2247355,1345
2247356,1277
2247357,1277
2247358,1283
2247359,1277
2247360,1283
2247363,1277
2247365,1235
2247366,1235
2247367,1235
2247368,1235
2247369,1235
2247370,1235
2247371,1289
2247372,1289
2247373,1289
2247374,1289
2247375,1295
2247376,1295
2247377,1289
2247378,1289
2247379,1305
2247380,1305
2247381,1305
2247382,1305
2247383,1305
2247384,1305
2247385,1305
2247386,1350
2247387,1350
2247388,1350
2247389,1350
2247390,1350
2247391,1350
2247392,1350
2247393,1350
2247394,1350
2247395,1350
2247396,1350
2247397,1350
2247398,1350
2247399,1413
2247400,1413
2247401,1333
2247402,1333
2247403,1333
2247404,1333
2247405,1333
2247406,1333
2247407,1333
2247408,1333
2247409,1270
2247410,1270
2247411,1270
2247412,1270
2247413,1270
2247414,1270
2247415,1270
2247416,1238
2247417,1238
2247419,1238
2247420,1238
2247421,1238
2247422,1238
2247423,1238
2247424,1258
2247425,1258
2247426,1258
2247427,1258
2247428,1258
2247432,1245
2247433,1245
2247434,1245
2247435,1171
2247436,1171
2247437,1171
2247438,1171
2247439,1119
2247440,1119
2247441,1119
2247442,1119
2247443,1119
2247444,1119
2247445,1119
2247446,1094
2247447,1094
2247448,1094
2247449,1094
2247450,1094
2247451,1094
2247452,1076
2247453,1163
2247454,1115
2247455,1115
2247456,1115
2247457,1115
2247458,1115
2247459,1115
2247460,1115
2247467,1095
2247468,1095
2247486,1001
2247487,1001
2247488,1001
2247489,1001
2247490,1001
2247497,1000
2251404,913
2251405,913
2251406,905
2251407,905
2251408,905
2251409,905
2251410,905
2251415,791
2251416,791
2251417,791
2251464,1478
2251465,1478
2251466,1309
2251467,1309
2251476,1352
2251477,1352
2251478,1352
2251479,1352
2251480,1352
2251481,1166
2251482,1166
2251483,1166
2251547,849
2251548,849
2251549,742
2251556,949
2251631,1293
2251632,1293
2251633,1288
2251634,1288
2251635,1288
2251636,1288
2251637,1288
2251638,1288
2251639,1264
2251640,1264
2251641,1264
2251642,1264
2251643,1264
2251644,1264
2251645,1264
2251646,1269
2251647,1269
2251648,1269
2251649,1269
2251650,1269
2251651,1269
2251652,1269
2251653,1269
2251654,1300
2251655,1305
2251656,1300
2251657,1300
2251658,1300
2251659,1300
2251660,1300
2251661,1331
2251662,1331
2251663,1331
2251664,1331
2251665,1331
2251666,1331
2251667,1331
2251668,1331
2251669,1345
2251670,1345
2251671,1345
2251672,1345
2251673,1345
2251674,1345
2251675,1345
2251676,1283
2251677,1277
2251678,1283
2251679,1283
2251680,1283
2251681,1277
2251682,1277
2251683,1277
2251684,1235
2251685,1235
2251686,1235
2251687,1235
2251688,1235
2251689,1235
2251690,1235
2251691,1289
2251692,1289
2251693,1295
2251694,1295
2251695,1289
2251696,1295
2251697,1289
2251698,1289
2251699,1311
2251700,1311
2251701,1311
2251702,1311
2251703,1305
2251704,1305
2251705,1305
2251706,1350
2251707,1350
2251708,1350
2251709,1350
2251710,1350
2251711,1350
2251712,1350
2251713,1350
2251714,1350
2251715,1350
2251716,1350
2251717,1350
2251718,1350
2251719,1413
2251720,1413
2251721,1333
2251722,1333
2251723,1333
2251724,1333
2251725,1333
2251726,1333
2251727,1333
2251728,1333
2251729,1270
2251730,1270
2251731,1270
2251732,1270
2251733,1270
2251734,1270
2251735,1270
2251736,1238
2251737,1238
2251739,1238
2251740,1238
2251741,1238
2251742,1238
2251743,1238
2251744,1258
2251745,1258
2251746,1258
2251747,1258
2251748,1258
2251750,1258
2251752,1245
2251753,1245
2251754,1171
2251755,1171
2251756,1171
2251757,1171
2251758,1171
2251760,1119
2251761,1119
2251762,1119
2251763,1119
2251764,1119
2251765,1119
2251766,1094
2251767,1094
2251768,1094
2251769,1094
2251770,1094
2251771,1094
2251772,1163
2251773,1163
2251774,1115
2251775,1115
2251776,1115
2251777,1115
2251778,1115
2251779,1033
2251780,1033
2251786,1095
2251787,1095
2251788,1095
2251789,1086
2251790,1086
2251793,1008
2251794,1086
2251795,1086
2251797,995
2251798,995
2251806,1001
2251807,1001
2251808,1001
2251809,1001
2251810,1001
2251811,1000
2251816,1000
2251817,1000
2255724,913
2255725,913
2255726,905
2255727,905
2255753,1233
2255782,1478
2255783,1478
2255784,1478
2255790,1309
2255792,1309
2255793,1309
2255794,1352
2255795,1352
2255796,1352
2255797,1352
2255798,1352
2255799,1352
2255800,1352
2255801,1166
2255802,1166
2255803,1166
2255804,1166
2255868,849
2255952,1288
2255953,1288
2255954,1288
2255955,1288
2255956,1288
2255957,1288
2255958,1288
2255959,1264
2255960,1264
2255961,1264
2255962,1264
2255963,1264
2255964,1264
2255965,1264
2255966,1269
2255967,1269
2255968,1269
2255969,1269
2255970,1269
2255971,1269
2255972,1269
2255973,1269
2255974,1300
2255975,1300
2255980,1305
2255981,1331
2255982,1331
2255983,1331
2255984,1331
2255985,1331
2255986,1331
2255987,1331
2255988,1331
2255989,1345
2255990,1345
2255991,1345
2255992,1345
2255993,1345
2255994,1345
2255995,1351
2255996,1277
2255997,1277
2255998,1277
2255999,1277
2256000,1277
2256001,1277
2256002,1277
2256003,1277
2256004,1235
2256005,1235
2256006,1235
2256007,1235
2256008,1235
2256009,1235
2256010,1235
2256011,1289
2256012,1289
2256013,1289
2256014,1295
2256015,1295
2256016,1295
2256017,1295
2256018,1289
2256019,1305
2256020,1305
2256021,1305
2256022,1311
2256023,1305
2256024,1305
2256025,1305
2256026,1350
2256027,1350
2256028,1350
2256029,1350
2256030,1350
2256031,1350
2256032,1350
2256033,1350
2256034,1350
2256035,1350
2256036,1350
2256037,1350
2256038,1350
2256039,1413
2256040,1413
2256041,1333
2256042,1333
2256043,1333
2256044,1333
2256045,1333
2256046,1333
2256047,1333
2256048,1333
2256049,1270
2256050,1270
2256051,1270
2256052,1270
2256053,1270
2256054,1270
2256055,1270
2256056,1238
2256057,1238
2256058,1238
2256062,1238
2256063,1238
2256064,1258
2256065,1258
2256071,1245
2256072,1245
2256073,1245
2256074,1171
2256075,1171
2256076,1171
2256077,1171
2256078,1171
2256079,1119
2256080,1119
2256081,1119
2256083,1119
2256084,1119
2256085,1119
2256086,1094
2256087,1094
2256088,1094
2256089,1094
2256090,1094
2256091,1094
2256092,1163
2256093,1076
2256100,1033
2256102,1095
2256106,1095
2256107,1095
2256108,1095
2256109,1086
2256110,1086
2256111,1086
2256113,1086
2256114,1086
2256115,1086
2256116,924
2256117,953
2256119,995
2256126,1001
2256128,1001
2256129,1001
2256130,1001
2256131,1000
2256132,1000
2256140,977
2256151,911
2256152,911
2256155,832
2256156,832
2256184,850
2256187,850
2256188,850
2256189,850
2260044,913
2260045,913
2260074,1233
2260078,1596
2260079,1596
2260102,1478
2260111,1309
2260112,1309
2260113,1309
2260117,1352
2260118,1352
2260119,1352
2260120,1352
2260121,1166
2260122,1166
2260123,1166
2260124,1166
2260125,1166
2260126,1166
2260127,1166
2260271,1288
2260272,1288
2260273,1288
2260274,1288
2260275,1288
2260276,1288
2260277,1288
2260278,1288
2260279,1264
2260280,1264
2260281,1264
2260282,1264
2260283,1264
2260284,1264
2260285,1264
2260286,1269
2260287,1269
2260288,1269
2260289,1269
2260290,1269
2260291,1269
2260292,1269
2260293,1269
2260294,1300
2260295,1305
2260296,1305
2260297,1305
2260298,1305
2260301,1331
2260302,1331
2260303,1331
2260304,1331
2260305,1331
2260306,1331
2260307,1331
2260308,1331
2260309,1345
2260310,1345
2260311,1345
2260312,1345
2260313,1345
2260314,1345
2260315,1345
2260316,1277
2260317,1283
2260318,1283
2260319,1283
2260320,1277
2260321,1277
2260322,1277
2260323,1277
2260324,1235
2260325,1235
2260326,1235
2260327,1235
2260328,1235
2260329,1235
2260330,1235
2260331,1289
2260332,1289
2260333,1289
2260334,1295
2260335,1289
2260336,1295
2260337,1289
2260338,1289
2260339,1305
2260340,1305
2260341,1305
2260342,1311
2260343,1305
2260344,1305
2260345,1305
2260346,1350
2260347,1350
2260348,1350
2260349,1350
2260350,1350
2260351,1350
2260352,1350
2260353,1350
2260354,1350
2260355,1350
2260356,1350
2260357,1350
2260358,1350
2260359,1350
2260360,1413
2260361,1333
2260362,1333
2260363,1333
2260364,1333
2260365,1333
2260366,1333
2260367,1333
2260368,1333
2260369,1270
2260370,1270
2260371,1270
2260372,1270
2260373,1270
2260374,1270
2260375,1270
2260376,1238
2260377,1238
2260382,1238
2260383,1238
2260384,1258
2260385,1258
2260389,1258
2260390,1258
2260391,1245
2260392,1245
2260393,1245
2260394,1171
2260396,1171
2260397,1171
2260398,1171
2260400,1119
2260403,1192
2260404,1192
2260405,1192
2260406,1163
2260407,1163
2260420,1033
2260427,1095
2260428,1095
2260429,1086
2260430,1086
2260431,1086
2260432,1086
2260433,1086
2260472,911
2260473,911
2260474,832
2260475,832
2260476,832
2260477,832
2260480,832
2260490,850
2260493,850
2260494,850
2260497,824
2260503,824
2260504,850
2260505,850
2260506,850
2260507,850
2260508,850
2264400,1596
2264420,1478
2264421,1478
2264432,1309
2264433,1309
2264434,1352
2264437,1352
2264438,1352
2264439,1352
2264440,1352
2264441,1166
2264442,1166
2264443,1166
2264444,1166
2264445,1166
2264446,1166
2264508,849
2264510,742
2264511,742
2264591,1288
2264592,1288
2264593,1288
2264594,1288
2264595,1288
2264596,1288
2264597,1288
2264598,1288
2264599,1264
2264600,1264
2264601,1264
2264602,1264
2264603,1264
2264604,1264
2264605,1264
2264606,1269
2264607,1269
2264608,1269
2264609,1269
2264610,1269
2264611,1269
2264612,1269
2264613,1269
2264614,1300
2264615,1305
2264616,1305
2264617,1305
2264618,1305
2264619,1305
2264620,1305
2264621,1337
2264622,1337
2264623,1337
2264624,1331
2264625,1331
2264626,1337
2264627,1331
2264628,1331
2264629,1345
2264630,1345
2264631,1345
2264632,1345
2264633,1345
2264634,1351
2264635,1345
2264636,1277
2264637,1277
2264638,1277
2264639,1277
2264640,1277
2264641,1277
2264642,1277
2264643,1277
2264644,1235
2264645,1235
2264646,1235
2264647,1235
2264648,1235
2264649,1235
2264650,1235
2264651,1289
2264652,1289
2264653,1289
2264654,1289
2264655,1289
2264656,1289
2264657,1289
2264658,1289
2264659,1305
2264660,1305
2264661,1305
2264662,1305
2264663,1305
2264664,1305
2264665,1305
2264666,1350
2264667,1350
2264668,1350
2264669,1350
2264670,1350
2264671,1350
2264672,1350
2264673,1350
2264674,1350
2264675,1350
2264676,1350
2264677,1350
2264678,1350
2264679,1350
2264680,1350
2264681,1333
2264682,1333
2264683,1333
2264684,1333
2264685,1333
2264686,1333
2264687,1333
2264688,1333
2264689,1270
2264690,1270
2264691,1270
2264692,1270
2264693,1270
2264694,1270
2264695,1270
2264696,1238
2264697,1238
2264698,1238
2264699,1238
2264700,1238
2264701,1238
2264702,1238
2264703,1238
2264704,1258
2264705,1258
2264706,1258
2264707,1258
2264708,1258
2264709,1258
2264710,1258
2264711,1245
2264712,1245
2264713,1245
2264717,1171
2264718,1171
2264719,1119
2264720,1119
2264721,1119
2264723,1192
2264724,1192
2264725,1192
2264726,1163
2264727,1163
2264728,1163
2264737,1115
2264738,1115
2264740,1115
2264752,1008
2264781,977
2264782,977
2264796,832
2264797,832
2264809,850
2264810,850
2264811,850
2264812,850
2264813,850
2264814,850
2264823,824
2264824,850
2264825,850
2264826,850
2264827,850
2264828,850
2264829,850
2268679,951
2268739,1133
2268740,1133
2268741,1133
2268753,1080
2268754,1216
2268755,1216
2268760,1216
2268761,1114
2268762,1114
2268763,1114
2268764,1114
2268765,1114
2268766,1114
2268911,1299
2268912,1293
2268913,1293
2268914,1293
2268915,1293
2268916,1293
2268917,1293
2268918,1293
2268919,1304
2268920,1304
2268921,1304
2268922,1304
2268923,1304
2268924,1304
2268925,1304
2268926,1308
2268927,1308
2268928,1308
2268929,1308
2268930,1308
2268931,1308
2268932,1308
2268933,1308
2268934,1328
2268935,1328
2268936,1333
2268938,1333
2268939,1333
2268940,1333
2268941,1380
2268942,1380
2268943,1380
2268944,1380
2268945,1380
2268946,1374
2268947,1374
2268948,1374
2268949,1396
2268950,1396
2268951,1396
2268952,1396
2268953,1396
2268954,1396
2268955,1396
2268956,1349
2268957,1349
2268958,1355
2268959,1355
2268960,1355
2268961,1349
2268962,1349
2268963,1349
2268964,1274
2268965,1274
2268966,1274
2268967,1274
2268968,1274
2268969,1274
2268970,1274
2268971,1329
2268972,1329
2268973,1329
2268974,1329
2268975,1329
2268976,1329
2268977,1329
2268978,1329
2268979,1361
2268980,1361
2268981,1361
2268982,1361
2268983,1361
2268984,1361
2268985,1361
2268986,1391
2268987,1391
2268988,1391
2268989,1391
2268990,1391
2268991,1391
2268992,1391
2268993,1391
2268994,1383
2268995,1383
2268996,1383
2268997,1383
2268998,1383
2268999,1383
2269000,1383
2269001,1427
2269002,1427
2269003,1427
2269004,1427
2269005,1427
2269006,1427
2269007,1427
2269008,1427
2269009,1324
2269010,1324
2269011,1324
2269012,1324
2269013,1324
2269014,1324
2269015,1324
2269016,1279
2269017,1279
2269018,1279
2269019,1279
2269020,1279
2269021,1279
2269022,1279
2269023,1279
2269024,1300
2269025,1300
2269026,1300
2269027,1300
2269028,1300
2269029,1300
2269030,1300
2269031,1277
2269032,1277
2269033,1277
2269034,1196
2269037,1277
2269038,1277
2269039,1175
2269040,1175
2269041,1175
2269042,1175
2269043,1255
2269044,1255
2269045,1255
2269046,1232
2269047,1232
2269048,1153
2269054,1074
2269055,1074
2269093,1010
2269095,1010
2269098,1010
2269116,1055
2269117,1055
2269128,958
2269129,913
2269130,913
2269131,913
2269132,913
2269133,913
2269138,893
2269142,893
2269143,893
2269144,912
2269145,912
2269146,912
2269147,912
2269148,912
2273004,951
2273042,1585
2273043,1585
2273044,1690
2273045,1690
2273046,1690
2273047,1690
2273058,1638
2273059,1133
2273060,1133
2273062,1133
2273075,1216
2273082,1114
2273083,1114
2273084,1114
2273085,1114
2273086,1114
2273087,1114
2273231,1299
2273232,1293
2273233,1293
2273234,1293
2273235,1293
2273236,1293
2273237,1293
2273238,1293
2273239,1304
2273240,1304
2273241,1304
2273242,1304
2273243,1304
2273244,1304
2273245,1304
2273246,1308
2273247,1308
2273248,1308
2273249,1308
2273250,1308
2273251,1308
2273252,1308
2273253,1308
2273254,1328
2273255,1328
2273256,1333
2273257,1333
2273258,1333
2273259,1333
2273260,1333
2273261,1380
2273262,1380
2273264,1374
2273265,1374
2273266,1374
2273267,1374
2273268,1374
2273269,1396
2273270,1396
2273271,1396
2273272,1396
2273273,1396
2273274,1402
2273275,1396
2273276,1355
2273277,1355
2273278,1355
2273279,1355
2273280,1355
2273281,1349
2273282,1349
2273283,1349
2273284,1274
2273285,1274
2273286,1274
2273287,1274
2273288,1274
2273289,1274
2273290,1274
2273291,1329
2273292,1329
2273293,1329
2273294,1329
2273295,1329
2273296,1329
2273297,1329
2273298,1329
2273299,1361
2273300,1361
2273301,1361
2273302,1361
2273303,1361
2273304,1361
2273305,1361
2273306,1391
2273307,1391
2273308,1391
2273309,1391
2273310,1391
2273311,1391
2273312,1391
2273313,1391
2273314,1383
2273315,1383
2273316,1383
2273317,1383
2273318,1383
2273319,1383
2273320,1383
2273321,1427
2273322,1427
2273323,1427
2273324,1427
2273325,1427
2273326,1427
2273327,1427
2273328,1427
2273329,1324
2273330,1324
2273331,1324
2273332,1324
2273333,1324
2273334,1324
2273335,1324
2273336,1279
2273337,1279
2273338,1279
2273339,1279
2273340,1279
2273341,1279
2273342,1279
2273343,1279
2273344,1300
2273345,1300
2273346,1300
2273347,1300
2273348,1300
2273349,1300
2273350,1300
2273351,1277
2273352,1277
2273353,1277
2273354,1277
2273355,1277
2273356,1277
2273357,1277
2273358,1277
2273359,1255
2273360,1255
2273361,1255
2273362,1255
2273363,1255
2273364,1255
2273365,1255
2273366,1232
2273367,1232
2273368,1232
2273369,1232
2273372,1232
2273373,1232
2273374,1168
2273375,1168
2273378,1168
2273379,1168
2273383,1108
2273384,1108
2273392,976
2273393,1063
2273394,976
2273400,933
2273414,1010
2273415,1010
2273416,1010
2273417,1010
2273419,1048
2273422,1048
2273427,1035
2273431,1086
2273432,1086
2273433,1035
2273436,1055
2273437,1055
2273451,913
2273452,913
2273453,913
2273460,893
2273463,893
2273464,912
2273465,912
2273466,912
2273467,912
2273468,912
2273469,912
2273470,912
2277364,1690
2277365,1690
2277366,1690
2277367,1690
2277377,1638
2277378,1638
2277379,1133
2277380,1133
2277381,1133
2277403,1114
2277404,1114
2277405,1114
2277406,1114
2277407,1114
2277471,798
2277472,798
2277551,1299
2277552,1293
2277553,1293
2277554,1293
2277555,1293
2277556,1293
2277557,1293
2277558,1293
2277559,1304
2277560,1304
2277561,1304
2277562,1304
2277563,1304
2277564,1304
2277565,1304
2277566,1308
2277567,1308
2277568,1308
2277569,1308
2277570,1308
2277571,1308
2277572,1308
2277573,1308
2277574,1328
2277575,1328
2277576,1328
2277577,1328
2277578,1333
2277579,1333
2277580,1333
2277581,1380
2277582,1374
2277583,1374
2277584,1374
2277585,1374
2277586,1374
2277587,1374
2277588,1374
2277589,1396
2277590,1396
2277591,1396
2277592,1396
2277593,1396
2277594,1396
2277595,1396
2277596,1349
2277597,1349
2277598,1355
2277599,1355
2277600,1355
2277601,1349
2277602,1349
2277603,1349
2277604,1274
2277605,1274
2277606,1274
2277607,1274
2277608,1274
2277609,1274
2277610,1274
2277611,1329
2277612,1329
2277613,1329
2277614,1329
2277615,1329
2277616,1329
2277617,1329
2277618,1329
2277619,1361
2277620,1361
2277621,1361
2277622,1361
2277623,1361
2277624,1361
2277625,1361
2277626,1391
2277627,1391
2277628,1391
2277629,1391
2277630,1391
2277631,1391
2277632,1391
2277633,1391
2277634,1383
2277635,1383
2277636,1383
2277637,1383
2277638,1383
2277639,1383
2277640,1383
2277641,1427
2277642,1427
2277643,1427
2277644,1427
2277645,1328
2277646,1328
2277647,1328
2277648,1328
2277649,1235
2277650,1235
2277651,1324
2277652,1324
2277653,1324
2277654,1324
2277655,1324
2277656,1279
2277657,1279
2277658,1279
2277659,1279
2277660,1279
2277661,1279
2277662,1279
2277663,1279
2277664,1300
2277665,1300
2277666,1300
2277667,1300
2277668,1300
2277669,1300
2277670,1300
2277671,1277
2277672,1277
2277673,1277
2277674,1277
2277675,1277
2277676,1277
2277677,1277
2277678,1277
2277679,1255
2277680,1255
2277681,1255
2277682,1255
2277683,1255
2277684,1255
2277685,1255
2277686,1232
2277687,1232
2277688,1232
2277689,1232
2277690,1232
2277692,1232
2277693,1232
2277697,1168
2277702,1108
2277703,1108
2277704,1108
2277705,1108
2277712,1063
2277713,1063
2277714,1063
2277715,976
2277721,933
2277722,933
2277731,1010
2277734,1010
2277735,1010
2277736,1010
2277737,1010
2277738,1010
2277739,1048
2277740,1048
2277742,1048
2277743,996
2277744,996
2277745,996
2277746,1035
2277748,1035
2277749,1086
2277750,1086
2277751,1086
2277752,1086
2277753,1086
2277754,1013
2277755,1013
2277756,1013
2277762,958
2277764,958
2277765,958
2277766,958
2277767,958
2277768,958
2277771,913
2277772,913
2277782,893
2277786,912
2277787,912
2277788,912
2277789,912
2277790,912
2277791,840
2281646,1056
2281682,1585
2281683,1585
2281684,1690
2281686,1690
2281723,1114
2281724,1114
2281725,1114
2281726,1114
2281727,1114
2281791,798
2281792,798
2281793,798
2281871,1299
2281872,1299
2281873,1299
2281874,1299
2281875,1299
2281876,1299
2281877,1299
2281878,1293
2281879,1304
2281880,1304
2281881,1304
2281882,1310
2281883,1310
2281884,1304
2281885,1304
2281886,1308
2281887,1308
2281888,1308
2281889,1308
2281890,1308
2281891,1308
2281892,1308
2281893,1308
2281894,1328
2281895,1328
2281896,1328
2281897,1328
2281898,1328
2281899,1328
2281900,1328
2281901,1374
2281902,1374
2281903,1374
2281904,1374
2281905,1374
2281906,1374
2281907,1374
2281908,1374
2281909,1396
2281910,1396
2281911,1396
2281912,1396
2281913,1396
2281914,1396
2281915,1396
2281916,1349
2281917,1349
2281918,1355
2281919,1349
2281920,1355
2281921,1349
2281922,1349
2281923,1349
2281924,1274
2281925,1274
2281926,1274
2281927,1274
2281928,1274
2281929,1274
2281930,1274
2281931,1329
2281932,1329
2281933,1329
2281934,1329
2281935,1329
2281936,1329
2281937,1329
2281938,1329
2281939,1361
2281940,1361
2281941,1361
2281942,1361
2281943,1361
2281944,1361
2281945,1361
2281946,1391
2281947,1391
2281948,1391
2281949,1391
2281950,1391
2281951,1391
2281952,1391
2281953,1391
2281954,1383
2281955,1383
2281956,1383
2281957,1383
2281958,1383
2281959,1383
2281960,1383
2281961,1427
2281962,1427
2281963,1427
2281964,1427
2281965,1328
2281966,1328
2281967,1328
2281968,1328
2281969,1235
2281970,1235
2281971,1324
2281972,1324
2281973,1324
2281974,1324
2281975,1324
2281976,1279
2281977,1279
2281978,1279
2281979,1279
2281980,1279
2281981,1279
2281982,1279
2281983,1279
2281984,1300
2281985,1300
2281986,1300
2281987,1300
2281988,1300
2281989,1300
2281990,1300
2281991,1277
2281992,1277
2281993,1277
2281994,1277
2281995,1277
2281996,1277
2281997,1277
2281998,1277
2281999,1255
2282000,1255
2282001,1255
2282002,1255
2282003,1255
2282004,1255
2282005,1255
2282006,1232
2282007,1232
2282008,1232
2282009,1232
2282014,1168
2282016,1168
2282017,1168
2282018,1168
2282019,1168
2282020,1168
2282021,1108
2282022,1108
2282023,1108
2282033,1063
2282034,1063
2282048,1017
2282049,1017
2282057,926
2282059,1048
2282060,1048
2282061,1048
2282062,1048
2282064,996
2282065,996
2282066,1035
2282067,1035
2282068,1035
2282072,1086
2282073,1035
2282074,1013
2282075,1055
2282076,1013
2282077,1013
2282080,1013
2282081,930
2282082,958
2282083,958
2282084,958
2282101,893
2282102,893
2285967,1056
2285968,1056
2285969,1056
2286005,1662
2286007,1662
2286044,1114
2286045,1114
2286112,798
2286113,798
2286114,798
2286193,1238
2286195,1238
2286196,1238
2286203,1247
2286204,1247
2286205,1332
2286206,1337
2286207,1337
2286208,1337
2286209,1337
2286210,1337
2286211,1337
2286212,1337
2286213,1337
2286214,1357
2286215,1357
2286216,1266
2286217,1266
2286218,1266
2286219,1266
2286220,1266
2286221,1309
2286222,1309
2286225,1309
2286228,1405
2286229,1427
2286230,1427
2286231,1427
2286232,1427
2286233,1427
2286234,1427
2286235,1427
2286236,1379
2286237,1379
2286238,1379
2286239,1379
2286240,1379
2286241,1379
2286242,1379
2286243,1379
2286244,1302
2286245,1302
2286246,1302
2286247,1302
2286248,1302
2286249,1302
2286250,1302
2286251,1359
2286252,1359
2286253,1359
2286254,1359
2286255,1359
2286256,1359
2286257,1359
2286258,1359
2286259,1392
2286260,1392
2286261,1392
2286262,1392
2286263,1392
2286264,1392
2286265,1392
2286266,1424
2286267,1424
2286268,1424
2286269,1424
2286270,1424
2286271,1424
2286272,1424
2286273,1424
2286274,1416
2286275,1416
2286276,1416
2286277,1416
2286278,1416
2286279,1416
2286280,1416
2286281,1427
2286282,1427
2286283,1427
2286284,1427
2286285,1328
2286286,1328
2286287,1328
2286288,1328
2286289,1235
2286290,1235
2286291,1324
2286292,1324
2286293,1324
2286294,1324
2286295,1324
2286296,1279
2286297,1279
2286298,1279
2286299,1279
2286300,1279
2286301,1279
2286302,1279
2286303,1279
2286304,1300
2286305,1300
2286306,1300
2286307,1300
2286308,1300
2286309,1300
2286310,1300
2286311,1277
2286312,1277
2286313,1277
2286314,1277
2286315,1277
2286316,1277
2286317,1277
2286318,1277
2286319,1255
2286320,1255
2286321,1255
2286322,1255
2286323,1255
2286324,1255
2286325,1255
2286326,1232
2286327,1232
2286328,1232
2286329,1232
2286330,1232
2286331,1232
2286332,1232
2286333,1232
2286334,1168
2286335,1168
2286336,1168
2286337,1168
2286338,1168
2286339,1168
2286340,1168
2286341,1108
2286342,1108
2286347,1108
2286348,1108
2286366,932
2286367,932
2286369,1017
2286376,926
2286380,962
2286381,1048
2286382,962
2286384,996
2286385,996
2286387,1035
2286390,1086
2286391,1086
2286392,1035
2286393,1086
2286394,1055
2286395,1013
2286397,1055
2286400,1055
2286403,958
2290287,1056
2290288,1056
2290289,1056
2290324,1662
2290325,1662
2290326,1662
2290327,1662
2290433,798
2290513,1238
2290514,1238
2290515,1238
2290522,1247
2290523,1247
2290524,1247
2290525,1332
2290526,1337
2290527,1337
2290528,1337
2290529,1337
2290530,1337
2290531,1337
2290532,1337
2290533,1337
2290534,1357
2290535,1357
2290536,1266
2290537,1266
2290538,1266
2290539,1266
2290540,1266
2290541,1309
2290548,1405
2290549,1427
2290550,1427
2290551,1427
2290552,1427
2290553,1427
2290554,1427
2290555,1427
2290556,1379
2290557,1379
2290558,1379
2290559,1379
2290560,1379
2290561,1379
2290562,1379
2290563,1379
2290564,1302
2290565,1302
2290566,1302
2290567,1302
2290568,1302
2290569,1302
2290570,1302
2290571,1359
2290572,1359
2290573,1359
2290574,1359
2290575,1359
2290576,1359
2290577,1359
2290578,1359
2290579,1392
2290580,1392
2290581,1392
2290582,1392
2290583,1392
2290584,1392
2290585,1392
2290586,1424
2290587,1424
2290588,1424
2290589,1424
2290590,1424
2290591,1424
2290592,1424
2290593,1424
2290594,1416
2290595,1416
2290596,1416
2290597,1416
2290598,1416
2290599,1416
2290600,1416
2290601,1427
2290602,1427
2290603,1427
2290604,1427
2290605,1328
2290606,1328
2290607,1328
2290608,1328
2290609,1235
2290610,1235
2290611,1324
2290612,1324
2290613,1324
2290614,1324
2290615,1324
2290616,1279
2290617,1279
2290618,1279
2290619,1279
2290620,1279
2290621,1279
2290622,1279
2290623,1279
2290624,1300
2290625,1300
2290626,1300
2290627,1300
2290628,1300
2290629,1300
2290630,1300
2290631,1277
2290632,1277
2290633,1277
2290634,1277
2290635,1277
2290636,1277
2290637,1277
2290639,1255
2290640,1255
2290641,1255
2290642,1255
2290643,1255
2290644,1255
2290646,1232
2290647,1232
2290648,1232
2290649,1232
2290650,1232
2290651,1232
2290652,1232
2290653,1232
2290654,1168
2290655,1168
2290656,1168
2290657,1168
2290658,1168
2290659,1168
2290660,1168
2290664,1108
2290665,1108
2290666,1108
2290667,1108
2290668,1108
2290669,1063
2290683,933
2290686,932
2290687,932
2290688,932
2290689,932
2290699,962
2290701,1048
2290702,1048
2290703,996
2290704,996
2290705,996
2290706,1035
2290707,1035
2290710,1086
2290711,1086
2290712,1035
2290713,1086
2290714,1055
2290716,1013
2290717,1013
2290721,930
2294607,1199
2294608,1199
2294609,1199
2294610,1199
2294645,1443
2294733,773
2294738,843
2294832,1266
2294833,1266
2294834,1266
2294837,1266
2294838,1266
2294839,1284
2294842,1284
2294843,1284
2294844,1284
2294845,1371
2294846,1397
2294847,1397
2294848,1397
2294849,1397
2294850,1397
2294851,1397
2294852,1397
2294853,1397
2294854,1432
2294855,1432
2294856,1337
2294857,1337
2294858,1337
2294866,1352
2294868,1450
2294869,1473
2294870,1473
2294871,1473
2294872,1473
2294873,1473
2294874,1473
2294875,1473
2294876,1449
2294877,1449
2294878,1449
2294879,1449
2294880,1449
2294881,1449
2294882,1449
2294883,1449
2294884,1404
2294885,1404
2294886,1404
2294887,1404
2294888,1404
2294889,1404
2294890,1404
2294891,1443
2294892,1443
2294893,1443
2294894,1443
2294895,1443
2294896,1443
2294897,1443
2294898,1443
2294899,1446
2294900,1446
2294901,1446
2294902,1446
2294903,1446
2294904,1446
2294905,1446
2294906,1328
2294907,1328
2294908,1328
2294909,1328
2294910,1328
2294911,1328
2294912,1328
2294913,1328
2294914,1409
2294915,1409
2294916,1409
2294917,1409
2294918,1409
2294919,1439
2294920,1439
2294921,1460
2294922,1460
2294923,1460
2294924,1460
2294925,1460
2294926,1460
2294927,1460
2294928,1460
2294929,1404
2294930,1404
2294931,1307
2294932,1307
2294933,1307
2294934,1307
2294935,1307
2294936,1262
2294937,1262
2294938,1262
2294939,1262
2294940,1262
2294941,1262
2294942,1262
2294943,1262
2294944,1266
2294945,1266
2294946,1266
2294947,1266
2294948,1266
2294949,1355
2294950,1355
2294951,1356
2294952,1356
2294953,1356
2294954,1356
2294955,1356
2294956,1356
2294957,1356
2294958,1356
2294962,1332
2294965,1332
2294967,1263
2294968,1263
2294969,1263
2294970,1263
2294971,1263
2294972,1263
2294973,1263
2294974,1182
2294975,1182
2294976,1182
2294977,1182
2294978,1182
2294979,1182
2294980,1182
2294981,1164
2294982,1164
2294983,1164
2294984,1164
2294985,1164
2294986,1164
2294987,1164
2294994,1097
2294995,1097
2295004,931
2295005,931
2295006,931
2295007,931
2295008,931
2295009,931
2295010,931
2295012,1030
2295013,945
2295018,1030
2295019,1126
2295022,1126
2295023,1126
2295024,1126
2295025,1126
2295026,1142
2295027,1142
2295028,1142
2295029,1142
2295030,1142
2295031,1142
2295032,1142
2295033,1142
2295036,982
2295040,982
2295041,914
2295053,908
2295061,971
2298930,1199
2298934,973
2299047,773
2299064,708
2299066,708
2299151,1266
2299152,1266
2299153,1266
2299154,1266
2299157,1266
2299158,1266
2299163,1284
2299164,1284
2299165,1371
2299166,1397
2299167,1397
2299168,1397
2299169,1397
2299170,1397
2299171,1397
2299172,1397
2299173,1397
2299174,1432
2299175,1432
2299181,1352
2299183,1352
2299184,1352
2299185,1352
2299186,1352
2299187,1352
2299188,1450
2299189,1473
2299190,1473
2299191,1473
2299192,1473
2299193,1473
2299194,1473
2299195,1473
2299196,1449
2299197,1449
2299198,1449
2299199,1449
2299200,1449
2299201,1449
2299202,1449
2299203,1449
2299204,1404
2299205,1404
2299206,1404
2299207,1404
2299208,1404
2299209,1404
2299210,1404
2299211,1443
2299212,1443
2299213,1443
2299214,1443
2299215,1443
2299216,1443
2299217,1443
2299218,1443
2299219,1446
2299220,1446
2299221,1446
2299222,1446
2299223,1446
2299224,1446
2299225,1446
2299226,1328
2299227,1328
2299228,1328
2299229,1328
2299230,1328
2299231,1328
2299232,1328
2299233,1328
2299234,1409
2299235,1409
2299236,1409
2299237,1409
2299238,1439
2299239,1439
2299240,1439
2299241,1460
2299242,1460
2299243,1460
2299244,1460
2299245,1460
2299246,1460
2299247,1460
2299248,1460
2299249,1404
2299250,1404
2299251,1307
2299252,1307
2299253,1307
2299254,1307
2299255,1307
2299256,1262
2299257,1262
2299258,1262
2299259,1262
2299260,1262
2299261,1262
2299262,1262
2299263,1262
2299264,1266
2299265,1266
2299266,1266
2299267,1266
2299268,1266
2299269,1266
2299270,1355
2299271,1356
2299272,1356
2299273,1356
2299274,1356
2299275,1356
2299279,1332
2299280,1332
2299281,1332
2299282,1332
2299283,1332
2299284,1332
2299285,1332
2299286,1263
2299287,1263
2299288,1263
2299289,1263
2299290,1263
2299291,1263
2299292,1263
2299293,1263
2299294,1086
2299295,1086
2299296,1086
2299297,1086
2299298,1086
2299299,1086
2299300,1086
2299301,1069
2299302,1164
2299304,1164
2299305,1164
2299306,1164
2299311,1097
2299313,1097
2299314,1097
2299315,1097
2299316,1047
2299322,961
2299323,1047
2299324,931
2299325,931
2299326,931
2299328,931
2299329,931
2299330,931
2299332,945
2299333,945
2299334,945
2299335,945
2299336,945
2299337,1030
2299338,1030
2299342,1126
2299344,1126
2299346,1142
2299347,1142
2299348,1142
2299349,1142
2299350,1142
2299351,1142
2299352,1142
2299360,996
2299379,971
2299380,971
2299381,971
2299382,971
2299383,996
2299384,1052
2299385,1052
2299386,1052
2299388,1052
2303281,1502
2303282,1502
2303283,1502
2303371,773
2303472,1266
2303473,1266
2303481,1284
2303482,1284
2303483,1284
2303484,1284
2303485,1371
2303486,1397
2303487,1397
2303488,1397
2303489,1397
2303490,1397
2303491,1397
2303492,1397
2303493,1397
2303494,1432
2303495,1432
2303496,1337
2303497,1337
2303501,1352
2303502,1352
2303503,1352
2303504,1352
2303505,1352
2303506,1352
2303507,1352
2303508,1450
2303509,1473
2303510,1473
2303511,1473
2303512,1473
2303513,1473
2303514,1473
2303515,1473
2303516,1449
2303517,1449
2303518,1449
2303519,1449
2303520,1449
2303521,1449
2303522,1449
2303523,1449
2303524,1404
2303525,1404
2303526,1404
2303527,1404
2303528,1404
2303529,1404
2303530,1404
2303531,1443
2303532,1443
2303533,1443
2303534,1443
2303535,1443
2303536,1443
2303537,1443
2303538,1443
2303539,1446
2303540,1446
2303541,1446
2303542,1446
2303543,1446
2303544,1446
2303545,1446
2303546,1328
2303547,1328
2303548,1328
2303549,1328
2303550,1328
2303551,1328
2303552,1328
2303553,1328
2303554,1409
2303555,1409
2303556,1409
2303557,1409
2303558,1409
2303559,1439
2303560,1439
2303561,1460
2303562,1460
2303563,1460
2303564,1460
2303565,1460
2303566,1460
2303567,1460
2303568,1460
2303569,1404
2303570,1404
2303571,1307
2303572,1307
2303573,1307
2303574,1307
2303575,1307
2303576,1262
2303577,1262
2303578,1262
2303579,1262
2303580,1262
2303581,1262
2303582,1262
2303583,1262
2303584,1266
2303585,1266
2303586,1266
2303587,1266
2303588,1266
2303589,1266
2303590,1355
2303591,1356
2303592,1356
2303593,1356
2303594,1356
2303595,1356
2303596,1356
2303597,1356
2303598,1356
2303599,1332
2303600,1332
2303601,1332
2303602,1332
2303603,1332
2303604,1332
2303605,1332
2303606,1263
2303607,1263
2303608,1263
2303609,1263
2303610,1263
2303611,1263
2303612,1263
2303613,1263
2303614,1086
2303615,1086
2303616,1086
2303617,1086
2303618,1086
2303619,1086
2303620,1086
2303621,1069
2303623,1164
2303624,1164
2303625,1164
2303626,1164
2303627,1164
2303628,1164
2303629,1097
2303630,1097
2303631,1097
2303632,1097
2303633,1097
2303634,1097
2303645,1015
2303646,931
2303647,931
2303651,945
2303652,945
2303653,945
2303655,945
2303656,945
2303662,1126
2303663,1126
2303666,1069
2303667,1142
2303668,1142
2303669,1142
2303670,1142
2303671,1142
2303699,971
2303700,971
2303701,971
2303702,971
2303703,996
2303704,1052
2303705,1052
2303706,1052
2303707,1052
2303708,1052
2307600,1502
2307601,1502
2307687,773
2307688,773
2307690,773
2307691,773
2307692,773
2307693,773
2307712,737
2307805,1371
2307806,1397
2307807,1397
2307808,1397
2307809,1397
2307810,1397
2307811,1397
2307812,1397
2307813,1397
2307814,1432
2307815,1432
2307816,1337
2307817,1337
2307818,1337
2307819,1337
2307820,1337
2307821,1352
2307822,1352
2307823,1352
2307824,1352
2307825,1352
2307826,1352
2307827,1352
2307828,1450
2307829,1473
2307830,1473
2307831,1473
2307832,1473
2307833,1373
2307837,1449
2307838,1449
2307839,1449
2307840,1449
2307841,1449
2307842,1449
2307843,1449
2307844,1404
2307845,1404
2307846,1404
2307847,1404
2307848,1404
2307849,1404
2307850,1404
2307851,1443
2307852,1443
2307853,1443
2307854,1443
2307855,1443
2307856,1443
2307857,1443
2307858,1443
2307859,1446
2307860,1446
2307861,1446
2307862,1446
2307863,1446
2307864,1446
2307865,1446
2307866,1328
2307867,1328
2307868,1328
2307869,1328
2307870,1328
2307871,1328
2307872,1328
2307873,1328
2307874,1409
2307875,1409
2307876,1409
2307877,1409
2307878,1409
2307879,1439
2307880,1439
2307881,1460
2307882,1460
2307883,1460
2307884,1460
2307885,1460
2307886,1460
2307887,1460
2307888,1460
2307889,1404
2307890,1404
2307891,1307
2307892,1307
2307893,1307
2307894,1307
2307895,1307
2307896,1262
2307897,1262
2307898,1262
2307899,1262
2307900,1262
2307901,1262
2307902,1262
2307903,1262
2307904,1266
2307905,1266
2307906,1266
2307907,1266
2307908,1266
2307909,1266
2307910,1266
2307911,1356
2307912,1356
2307913,1356
2307914,1356
2307915,1356
2307916,1356
2307917,1356
2307918,1356
2307919,1332
2307920,1332
2307921,1332
2307922,1332
2307923,1332
2307924,1332
2307925,1332
2307927,1263
2307928,1263
2307929,1263
2307930,1263
2307931,1263
2307932,1263
2307933,1263
2307934,1086
2307935,1086
2307936,1086
2307937,1086
2307938,1086
2307939,1086
2307940,1086
2307941,1069
2307942,1164
2307943,1164
2307944,1164
2307945,1164
2307946,1164
2307947,1164
2307948,1164
2307949,1097
2307950,1097
2307951,1097
2307952,1097
2307953,1097
2307954,1097
2307955,1097
2307958,1047
2307964,1015
2307971,945
2307973,945
2307975,945
2307976,945
2307983,1126
2307984,1126
2307986,1142
2307987,1142
2307988,1142
2307989,1142
2307990,1142
2308019,971
2308020,971
2308021,971
2308022,971
2308023,996
2308026,1052
2308027,1052
2308030,1052
2308031,966
2308032,966
2311953,1037
2312007,773
2312008,773
2312009,773
2312010,773
2312011,773
2312014,843
2312125,1371
2312126,1397
2312127,1397
2312128,1397
2312129,1397
2312130,1397
2312131,1397
2312132,1397
2312133,1397
2312134,1432
2312135,1432
2312136,1337
2312137,1337
2312138,1337
2312140,1432
2312141,1352
2312142,1352
2312143,1352
2312144,1352
2312145,1352
2312146,1450
2312147,1450
2312148,1450
2312149,1373
2312157,1351
2312158,1449
2312159,1449
2312160,1449
2312161,1449
2312162,1449
2312163,1449
2312164,1404
2312165,1404
2312166,1404
2312167,1404
2312168,1404
2312169,1404
2312170,1404
2312171,1443
2312172,1443
2312173,1443
2312174,1443
2312175,1443
2312176,1443
2312177,1443
2312178,1443
2312179,1446
2312180,1446
2312181,1446
2312182,1446
2312183,1446
2312184,1446
2312185,1446
2312186,1328
2312187,1328
2312188,1328
2312189,1328
2312190,1328
2312191,1328
2312192,1328
2312193,1328
2312194,1409
2312195,1409
2312196,1409
2312197,1409
2312198,1409
2312199,1409
2312200,1409
2312201,1428
2312202,1460
2312203,1460
2312204,1460
2312207,1359
2312208,1359
2312209,1307
2312210,1307
2312211,1307
2312212,1307
2312213,1307
2312214,1307
2312215,1307
2312216,1262
2312217,1262
2312218,1262
2312219,1262
2312220,1262
2312221,1262
2312222,1262
2312223,1262
2312224,1266
2312225,1266
2312226,1266
2312227,1266
2312228,1266
2312229,1266
2312230,1266
2312231,1356
2312232,1356
2312233,1356
2312234,1356
2312235,1356
2312236,1356
2312237,1356
2312238,1356
2312239,1332
2312240,1332
2312241,1332
2312242,1332
2312243,1332
2312244,1332
2312245,1332
2312246,1263
2312247,1263
2312248,1263
2312249,1263
2312250,1263
2312251,1263
2312252,1263
2312253,1263
2312254,1086
2312255,1086
2312256,1086
2312257,1086
2312258,1086
2312259,1086
2312260,1086
2312261,1069
2312262,1164
2312263,1164
2312264,1164
2312265,1164
2312266,1164
2312267,1164
2312268,1164
2312269,1097
2312270,1097
2312271,1097
2312273,1097
2312274,1097
2312275,1097
2312276,1047
2312277,1047
2312278,1047
2312286,1015
2312292,945
2312293,1030
2312294,1030
2312295,945
2312302,1126
2312303,1126
2312304,1126
2312305,1126
2312306,1142
2312307,1142
2312308,1142
2312309,1142
2312310,1142
2312340,971
2312341,971
2312342,971
2312343,996
2312345,1052
2312346,1052
2312347,1052
2312348,1052
2312349,1052
2312350,1052
2312351,966
2312352,966
2312354,966
2312355,966
2316327,773
2316328,773
2316329,773
2316330,773
2316445,1371
2316446,1397
2316447,1397
2316448,1397
2316449,1397
2316450,1397
2316451,1397
2316452,1397
2316453,1397
2316454,1432
2316455,1432
2316461,1450
2316462,1450
2316463,1450
2316464,1450
2316465,1450
2316466,1450
2316474,1473
2316477,1449
2316478,1449
2316479,1449
2316480,1449
2316481,1449
2316482,1449
2316483,1449
2316484,1404
2316485,1404
2316486,1404
2316487,1404
2316488,1404
2316489,1404
2316490,1404
2316491,1443
2316492,1443
2316493,1443
2316494,1443
2316495,1443
2316496,1443
2316497,1443
2316498,1443
2316499,1446
2316500,1446
2316501,1446
2316502,1446
2316503,1446
2316504,1446
2316505,1446
2316506,1328
2316507,1328
2316508,1328
2316509,1328
2316510,1328
2316511,1328
2316512,1328
2316513,1328
2316514,1409
2316515,1409
2316516,1409
2316517,1409
2316518,1409
2316519,1409
2316520,1409
2316521,1428
2316522,1428
2316523,1460
2316524,1460
2316525,1460
2316527,1359
2316528,1359
2316529,1307
2316530,1307
2316531,1307
2316532,1307
2316533,1307
2316534,1307
2316535,1307
2316536,1262
2316537,1262
2316538,1262
2316539,1262
2316540,1262
2316541,1262
2316542,1262
2316543,1352
2316544,1355
2316545,1355
2316546,1355
2316547,1266
2316548,1266
2316549,1355
2316550,1355
2316551,1356
2316552,1356
2316553,1356
2316554,1356
2316555,1356
2316556,1356
2316557,1356
2316558,1356
2316559,1332
2316560,1332
2316561,1332
2316562,1332
2316563,1332
2316564,1332
2316565,1332
2316566,1263
2316567,1263
2316568,1263
2316569,1263
2316570,1263
2316571,1263
2316572,1263
2316573,1263
2316574,1086
2316575,1086
2316576,1086
2316577,1086
2316578,1086
2316579,1086
2316580,1086
2316581,1069
2316582,1164
2316583,1164
2316584,1164
2316585,1164
2316586,1164
2316587,1164
2316588,1164
2316589,1097
2316590,1097
2316591,1097
2316595,1097
2316596,1047
2316597,1047
2316598,1047
2316603,1047
2316605,1015
2316606,1015
2316607,1015
2316608,1015
2316609,931
2316610,931
2316611,945
2316613,1030
2316616,1030
2316617,1030
2316621,1126
2316622,1126
2316623,1126
2316624,1126
2316625,1126
2316626,1142
2316627,1142
2316628,1142
2316629,1142
2316630,1142
2316656,996
2316657,996
2316658,996
2316659,996
2316660,971
2316661,971
2316662,971
2316664,1052
2316668,1052
2316669,1052
2316671,966
2316672,966
2316676,966
2320646,691
2320647,691
2320648,691
2320649,691
2320659,517
2320765,1426
2320766,1444
2320767,1444
2320768,1444
2320769,1444
2320770,1444
2320771,1444
2320772,1444
2320773,1444
2320774,1482
2320775,1482
2320779,1383
2320780,1383
2320781,1405
2320782,1405
2320789,1526
2320790,1423
2320794,1526
2320795,1526
2320797,1490
2320798,1490
2320799,1490
2320800,1490
2320801,1490
2320802,1490
2320803,1490
2320804,1461
2320805,1461
2320806,1461
2320807,1461
2320808,1461
2320809,1461
2320810,1461
2320811,1499
2320812,1499
2320813,1499
2320814,1499
2320815,1499
2320816,1499
2320817,1499
2320818,1499
2320819,1468
2320820,1468
2320821,1468
2320822,1468
2320823,1468
2320824,1468
2320825,1468
2320826,1368
2320827,1368
2320828,1368
2320829,1368
2320830,1368
2320831,1368
2320832,1368
2320833,1368
2320834,1364
2320835,1364
2320836,1364
2320837,1364
2320838,1364
2320839,1364
2320840,1364
2320841,1453
2320842,1453
2320843,1486
2320844,1486
2320845,1486
2320847,1384
2320848,1384
2320849,1371
2320850,1371
2320851,1371
2320852,1371
2320853,1371
2320854,1371
2320855,1371
2320856,1334
2320857,1334
2320858,1334
2320859,1334
2320860,1334
2320861,1334
2320862,1334
2320863,1431
2320864,1410
2320865,1410
2320866,1410
2320867,1410
2320868,1410
2320869,1410
2320870,1410
2320871,1395
2320872,1395
2320873,1395
2320874,1395
2320875,1395
2320876,1395
2320877,1395
2320878,1395
2320879,1394
2320880,1394
2320881,1394
2320882,1394
2320883,1394
2320884,1394
2320885,1394
2320886,1278
2320887,1278
2320888,1278
2320889,1278
2320890,1278
2320891,1278
2320892,1278
2320893,1278
2320894,1162
2320895,1162
2320896,1162
2320897,1162
2320898,1162
2320899,1162
2320900,1162
2320901,1256
2320902,1256
2320903,1256
2320904,1256
2320905,1256
2320906,1256
2320907,1256
2320908,1256
2320909,1168
2320910,1168
2320911,1168
2320912,1168
2320913,1168
2320914,1168
2320915,1168
2320916,1103
2320917,1103
2320918,1103
2320919,1103
2320920,1103
2320921,1103
2320922,1103
2320923,1103
2320924,1093
2320925,1093
2320926,1093
2320927,1093
2320928,1093
2320929,1002
2320930,1093
2320931,1141
2320932,1049
2320933,1141
2320934,1141
2320935,1141
2320936,1141
2320937,1141
2320941,1234
2320942,1234
2320943,1234
2320944,1234
2320945,1234
2320946,1168
2320947,1168
2320948,1168
2320949,1168
2320973,1066
2320975,1092
2320976,1096
2320977,1096
2320978,1096
2320979,1096
2320980,1096
2320981,1047
2320982,1047
2320983,1096
2320984,1089
2320985,1089
2320992,1178
2320993,1178
2320994,1178
2320996,1178
2320997,1178
2324967,691
2324968,691
2325085,1426
2325086,1444
2325087,1444
2325088,1444
2325089,1444
2325090,1444
2325091,1444
2325092,1444
2325093,1444
2325094,1482
2325095,1482
2325097,1383
2325098,1383
2325099,1482
2325100,1482
2325101,1506
2325102,1405
2325103,1506
2325104,1506
2325105,1405
2325106,1405
2325107,1405
2325108,1506
2325109,1526
2325110,1526
2325111,1526
2325117,1490
2325118,1490
2325119,1490
2325120,1490
2325121,1490
2325122,1490
2325123,1490
2325124,1461
2325125,1461
2325126,1461
2325127,1461
2325128,1461
2325129,1461
2325130,1461
2325131,1499
2325132,1499
2325133,1499
2325134,1499
2325135,1396
2325136,1499
2325137,1499
2325138,1499
2325139,1468
2325140,1468
2325141,1468
2325142,1468
2325143,1468
2325144,1468
2325145,1468
2325146,1368
2325147,1368
2325148,1368
2325149,1368
2325150,1368
2325151,1368
2325152,1368
2325153,1368
2325154,1364
2325155,1364
2325156,1364
2325157,1364
2325158,1364
2325159,1364
2325160,1364
2325161,1453
2325162,1453
2325163,1486
2325164,1486
2325165,1486
2325166,1486
2325167,1486
2325177,1334
2325178,1334
2325179,1334
2325180,1334
2325181,1334
2325182,1334
2325183,1431
2325184,1410
2325185,1410
2325186,1410
2325187,1410
2325188,1316
2325189,1410
2325190,1410
2325191,1395
2325192,1395
2325193,1395
2325194,1395
2325195,1395
2325197,1395
2325198,1395
2325199,1394
2325202,1394
2325203,1394
2325204,1394
2325205,1394
2325206,1278
2325207,1278
2325208,1278
2325209,1278
2325210,1278
2325211,1278
2325212,1278
2325213,1278
2325214,1162
2325215,1162
2325216,1162
2325217,1162
2325218,1162
2325219,1162
2325220,1264
2325221,1256
2325222,1256
2325223,1256
2325224,1256
2325225,1256
2325226,1256
2325227,1256
2325228,1256
2325229,1168
2325230,1168
2325231,1168
2325232,1168
2325233,1168
2325234,1168
2325235,1168
2325236,1103
2325237,1103
2325238,1103
2325239,1103
2325240,1103
2325241,1103
2325242,1103
2325243,1103
2325244,1093
2325245,1093
2325246,1093
2325247,1093
2325248,1093
2325249,1093
2325250,1002
2325251,1141
2325252,1141
2325253,1141
2325254,1141
2325255,1141
2325258,1141
2325259,1234
2325260,1234
2325261,1234
2325262,1234
2325263,1234
2325264,1234
2325265,1234
2325266,1168
2325267,1168
2325268,1168
2325273,1168
2325274,986
2325292,1092
2325296,1047
2325297,1096
2325298,1096
2325299,1096
2325300,1096
2325301,1096
2325302,1096
2325303,1096
2325308,1038
2325309,1038
2325310,1038
2325311,1132
2325312,1178
2325313,1178
2325314,1178
2325315,1178
2325316,1178
2325317,1178
2329399,1426
2329405,1426
2329406,1444
2329407,1444
2329408,1444
2329409,1444
2329410,1444
2329411,1444
2329412,1444
2329413,1444
2329414,1482
2329415,1482
2329416,1482
2329417,1482
2329418,1482
2329419,1482
2329420,1482
2329421,1506
2329422,1506
2329423,1506
2329424,1506
2329425,1506
2329426,1506
2329427,1506
2329428,1506
2329429,1526
2329430,1526
2329431,1526
2329432,1526
2329434,1526
2329435,1526
2329436,1490
2329437,1490
2329438,1490
2329439,1490
2329440,1490
2329441,1490
2329442,1490
2329443,1490
2329444,1461
2329445,1461
2329446,1461
2329447,1461
2329448,1461
2329449,1461
2329450,1461
2329451,1499
2329452,1499
2329453,1499
2329454,1499
2329455,1396
2329456,1499
2329457,1499
2329458,1499
2329459,1468
2329460,1468
2329461,1468
2329462,1468
2329463,1468
2329464,1468
2329465,1468
2329466,1368
2329467,1368
2329468,1368
2329469,1368
2329470,1368
2329471,1368
2329472,1368
2329473,1368
2329474,1364
2329475,1364
2329476,1364
2329477,1364
2329478,1364
2329479,1364
2329480,1364
2329481,1453
2329482,1453
2329483,1486
2329484,1486
2329485,1486
2329486,1486
2329487,1486
2329488,1486
2329489,1474
2329490,1474
2329491,1474
2329492,1474
2329493,1474
2329494,1474
2329495,1474
2329496,1431
2329497,1334
2329498,1334
2329499,1334
2329500,1334
2329501,1334
2329502,1334
2329503,1431
2329504,1410
2329505,1410
2329506,1410
2329507,1410
2329508,1410
2329509,1410
2329510,1410
2329511,1395
2329512,1395
2329513,1395
2329514,1395
2329515,1395
2329516,1395
2329517,1395
2329518,1395
2329524,1394
2329525,1394
2329526,1278
2329527,1278
2329528,1278
2329529,1278
2329530,1278
2329531,1278
2329532,1278
2329533,1278
2329534,1162
2329535,1162
2329536,1162
2329537,1162
2329538,1162
2329539,1162
2329540,1264
2329541,1256
2329542,1256
2329543,1256
2329544,1256
2329545,1256
2329546,1256
2329547,1256
2329548,1256
2329549,1168
2329550,1168
2329551,1168
2329552,1168
2329553,1168
2329554,1168
2329555,1168
2329556,1103
2329557,1103
2329558,1103
2329559,1103
2329560,1103
2329561,1103
2329562,1103
2329563,1103
2329564,1093
2329565,1093
2329566,1093
2329567,1093
2329568,1093
2329569,1093
2329570,1093
2329571,1141
2329572,1141
2329578,1141
2329579,1234
2329580,1234
2329581,1234
2329582,1234
2329583,1234
2329584,1234
2329585,1234
2329586,1168
2329587,1168
2329592,1168
2329593,1168
2329611,1092
2329612,1092
2329615,1092
2329616,1096
2329617,1096
2329618,1096
2329619,1096
2329620,1096
2329621,1047
2329622,1096
2329623,1096
2329624,1089
2329625,1089
2329626,1089
2329628,1038
2329629,1038
2329630,1038
2329631,1132
2329632,1178
2329633,1178
2329634,1178
2329635,1178
2329636,1178
2329637,1178
2333543,994
2333544,994
2333650,849
2333719,1426
2333720,1426
2333739,1482
2333740,1482
2333741,1506
2333742,1506
2333743,1506
2333744,1506
2333745,1506
2333746,1506
2333754,1526
2333755,1526
2333756,1490
2333757,1490
2333758,1490
2333759,1490
2333760,1490
2333761,1490
2333762,1490
2333763,1490
2333764,1461
2333765,1461
2333766,1461
2333767,1461
2333768,1461
2333769,1461
2333770,1461
2333771,1499
2333772,1499
2333773,1499
2333774,1499
2333775,1396
2333776,1396
2333777,1396
2333778,1499
2333779,1468
2333780,1468
2333781,1468
2333782,1468
2333783,1367
2333784,1468
2333785,1468
2333786,1368
2333787,1368
2333788,1368
2333789,1368
2333790,1368
2333791,1368
2333792,1368
2333793,1368
2333794,1364
2333795,1364
2333796,1364
2333797,1364
2333798,1364
2333799,1364
2333800,1364
2333801,1453
2333802,1453
2333803,1486
2333804,1486
2333805,1486
2333806,1486
2333807,1486
2333808,1486
2333809,1474
2333810,1474
2333811,1474
2333812,1474
2333813,1474
2333814,1474
2333815,1474
2333816,1431
2333817,1334
2333818,1334
2333819,1334
2333820,1334
2333821,1334
2333822,1334
2333823,1431
2333824,1410
2333825,1410
2333826,1410
2333827,1410
2333828,1410
2333829,1410
2333830,1410
2333831,1395
2333832,1395
2333833,1395
2333834,1395
2333835,1395
2333836,1395
2333844,1394
2333845,1394
2333846,1278
2333847,1278
2333848,1278
2333849,1278
2333850,1278
2333851,1278
2333852,1278
2333853,1278
2333854,1162
2333855,1162
2333856,1162
2333857,1162
2333858,1162
2333859,1162
2333860,1264
2333861,1256
2333862,1256
2333863,1256
2333864,1256
2333865,1256
2333866,1256
2333867,1256
2333868,1256
2333869,1168
2333870,1168
2333871,1168
2333872,1168
2333873,1168
2333874,1168
2333875,1168
2333876,1103
2333877,1103
2333878,1103
2333879,1103
2333880,1103
2333881,1103
2333882,1103
2333883,1103
2333884,1093
2333885,1093
2333886,1093
2333887,1093
2333888,1093
2333889,1093
2333890,1093
2333891,1141
2333892,1141
2333893,1141
2333894,1141
2333895,1049
2333898,1141
2333899,1234
2333900,1234
2333901,1234
2333902,1234
2333903,1234
2333904,1234
2333905,1234
2333912,1168
2333913,1168
2333930,1092
2333931,1092
2333932,1092
2333935,1092
2333936,1096
2333937,1047
2333938,1096
2333939,1096
2333940,1096
2333941,1096
2333945,1089
2333946,1089
2333947,1089
2333948,1038
2333949,1038
2333950,1038
2333951,1132
2333952,1132
2333953,1178
2333954,1178
2333955,1178
2333956,1178
2333957,1178
2334061,1299
2334062,1299
2334063,1299
2334064,1290
2334065,1290
2334066,1290
2334067,1290
2334068,1290
2334069,1290
2334070,1290
2334071,1280
2334078,1187
2334079,1193
2337864,994
2337865,994
2337978,1257
2337980,1044
2338040,1426
2338044,1426
2338060,1482
2338062,1506
2338063,1506
2338064,1405
2338065,1506
2338066,1506
2338067,1506
2338074,1526
2338075,1526
2338076,1490
2338077,1490
2338078,1490
2338079,1490
2338080,1490
2338081,1490
2338082,1490
2338083,1490
2338084,1461
2338085,1461
2338086,1461
2338087,1461
2338088,1461
2338089,1461
2338090,1461
2338091,1499
2338092,1499
2338093,1499
2338094,1499
2338095,1499
2338096,1396
2338097,1396
2338098,1396
2338099,1468
2338100,1468
2338101,1468
2338102,1468
2338103,1468
2338104,1468
2338105,1468
2338106,1368
2338107,1368
2338108,1368
2338109,1368
2338110,1368
2338111,1368
2338112,1368
2338113,1368
2338114,1364
2338115,1364
2338116,1364
2338117,1364
2338118,1364
2338119,1364
2338120,1364
2338121,1453
2338122,1453
2338123,1486
2338124,1486
2338125,1486
2338126,1486
2338127,1486
2338128,1486
2338129,1474
2338130,1474
2338131,1474
2338132,1474
2338133,1474
2338134,1474
2338135,1474
2338136,1431
2338137,1431
2338138,1431
2338139,1431
2338140,1431
2338141,1431
2338142,1431
2338143,1431
2338144,1410
2338145,1410
2338146,1410
2338147,1410
2338148,1410
2338149,1410
2338150,1410
2338151,1395
2338152,1395
2338153,1395
2338154,1395
2338155,1395
2338156,1395
2338157,1395
2338162,1301
2338163,1301
2338164,1394
2338166,1278
2338167,1278
2338168,1278
2338169,1278
2338170,1278
2338171,1278
2338172,1278
2338173,1278
2338174,1162
2338175,1162
2338176,1162
2338177,1162
2338178,1162
2338179,1162
2338180,1264
2338181,1256
2338182,1256
2338183,1256
2338184,1256
2338185,1256
2338186,1256
2338187,1256
2338188,1256
2338189,1168
2338190,1168
2338191,1168
2338192,1168
2338193,1168
2338194,1168
2338195,1168
2338196,1103
2338197,1103
2338198,1103
2338199,1103
2338200,1103
2338201,1103
2338202,1103
2338203,1103
2338204,1093
2338205,1093
2338206,1093
2338207,1093
2338208,1093
2338209,1093
2338210,1093
2338211,1141
2338212,1141
2338213,1141
2338214,1141
2338215,1141
2338216,1141
2338217,1141
2338218,1141
2338219,1234
2338220,1234
2338221,1234
2338222,1234
2338223,1234
2338224,1234
2338225,1234
2338230,1168
2338231,1168
2338232,1168
2338247,976
2338248,969
2338249,1092
2338250,1092
2338251,1092
2338255,1092
2338256,1096
2338257,1047
2338258,1047
2338259,1047
2338260,1096
2338268,1038
2338269,1038
2338270,1038
2338271,1178
2338272,1132
2338276,1178
2338277,1178
2338278,1178
2338378,1299
2338379,1299
2338380,1299
2338381,1299
2338382,1299
2338383,1299
2338384,1290
2338385,1290
2338386,1290
2338387,1290
2338388,1290
2338389,1290
2338390,1290
2338391,1280
2338398,1187
2342185,994
2342292,1257
2342294,1257
2342295,1257
2342296,1257
2342298,1257
2342356,1394
2342357,1394
2342358,1394
2342382,1506
2342383,1506
2342384,1506
2342385,1506
2342386,1506
2342387,1506
2342391,1423
2342393,1423
2342394,1526
2342395,1526
2342396,1490
2342397,1490
2342398,1490
2342399,1490
2342400,1490
2342401,1490
2342402,1490
2342403,1490
2342404,1461
2342405,1461
2342406,1461
2342407,1461
2342408,1461
2342409,1461
2342410,1461
2342411,1499
2342412,1499
2342413,1499
2342414,1499
2342415,1499
2342416,1396
2342417,1396
2342418,1396
2342419,1468
2342420,1468
2342421,1468
2342422,1468
2342423,1468
2342424,1468
2342425,1468
2342426,1368
2342427,1368
2342428,1368
2342429,1368
2342430,1275
2342431,1275
2342432,1275
2342433,1275
2342434,1271
2342435,1271
2342436,1271
2342437,1364
2342438,1364
2342439,1364
2342440,1364
2342441,1453
2342442,1453
2342443,1486
2342444,1486
2342445,1486
2342446,1486
2342447,1486
2342448,1486
2342449,1474
2342450,1474
2342451,1474
2342452,1474
2342453,1474
2342454,1474
2342455,1474
2342456,1431
2342457,1431
2342458,1431
2342459,1431
2342460,1431
2342461,1431
2342462,1431
2342463,1431
2342464,1410
2342465,1410
2342466,1410
2342467,1410
2342468,1410
2342469,1410
2342470,1410
2342471,1395
2342472,1395
2342473,1395
2342474,1395
2342475,1395
2342476,1395
2342477,1395
2342478,1395
2342479,1394
2342480,1301
2342481,1301
2342482,1301
2342483,1301
2342484,1394
2342487,1278
2342488,1278
2342489,1278
2342490,1278
2342491,1278
2342492,1278
2342493,1278
2342494,1162
2342495,1162
2342496,1162
2342497,1162
2342498,1162
2342499,1162
2342500,1264
2342501,1256
2342502,1256
2342503,1256
2342504,1256
2342505,1256
2342506,1256
2342507,1256
2342508,1256
2342509,1168
2342510,1168
2342511,1168
2342512,1168
2342513,1168
2342514,1168
2342515,1168
2342516,1103
2342517,1103
2342518,1103
2342519,1103
2342520,1103
2342521,1103
2342522,1103
2342523,1103
2342524,1093
2342525,1093
2342526,1093
2342527,1093
2342528,1093
2342529,1093
2342530,1093
2342531,1141
2342532,1141
2342533,1141
2342534,1141
2342535,1141
2342536,1141
2342537,1141
2342538,1141
2342539,1234
2342540,1234
2342541,1234
2342542,1234
2342543,1234
2342544,1234
2342548,1168
2342549,1168
2342550,1168
2342551,1168
2342567,976
2342568,976
2342569,1092
2342570,1092
2342571,1092
2342574,1092
2342575,1092
2342576,1047
2342577,1047
2342578,1047
2342579,1047
2342584,1089
2342590,1089
2342591,1178
2342599,975
2342696,1299
2342697,1299
2342698,1299
2342699,1299
2342700,1299
2342701,1299
2342702,1299
2342703,1299
2342704,1290
2342705,1290
2342706,1290
2342707,1290
2342708,1290
2342709,1290
2342718,1187
2346466,1170
2346611,1227
2346612,1227
2346613,1227
2346614,1227
2346615,1227
2346616,1227
2346636,1066
2346674,1290
2346675,1290
2346676,1290
2346677,1290
2346678,1290
2346679,1478
2346702,1562
2346703,1562
2346704,1562
2346705,1562
2346706,1562
2346707,1562
2346708,1562
2346709,1593
2346710,1593
2346711,1593
2346712,1593
2346713,1487
2346714,1593
2346715,1593
2346716,1561
2346717,1561
2346718,1561
2346719,1561
2346720,1561
2346721,1561
2346722,1561
2346723,1561
2346724,1499
2346725,1499
2346726,1499
2346727,1499
2346728,1499
2346729,1499
2346730,1499
2346731,1515
2346732,1515
2346733,1515
2346734,1515
2346735,1515
2346736,1412
2346737,1412
2346738,1515
2346739,1519
2346740,1519
2346741,1519
2346742,1519
2346743,1519
2346744,1519
2346745,1519
2346746,1430
2346747,1430
2346748,1430
2346749,1430
2346750,1333
2346751,1333
2346752,1333
2346753,1333
2346754,1299
2346755,1299
2346756,1299
2346757,1394
2346758,1394
2346759,1394
2346760,1394
2346761,1404
2346762,1404
2346763,1435
2346764,1435
2346765,1435
2346766,1435
2346767,1435
2346768,1435
2346769,1490
2346770,1490
2346771,1490
2346772,1490
2346773,1490
2346774,1490
2346775,1490
2346776,1494
2346777,1494
2346778,1494
2346779,1494
2346780,1494
2346781,1494
2346782,1494
2346783,1494
2346784,1486
2346785,1486
2346786,1486
2346787,1486
2346788,1486
2346789,1486
2346790,1486
2346791,1451
2346792,1451
2346793,1451
2346794,1451
2346795,1451
2346796,1451
2346797,1451
2346798,1451
2346799,1408
2346800,1315
2346801,1408
2346802,1408
2346803,1408
2346804,1408
2346805,1408
2346806,1377
2346807,1377
2346808,1377
2346809,1377
2346810,1377
2346811,1377
2346812,1377
2346813,1377
2346814,1244
2346815,1244
2346816,1244
2346817,1244
2346818,1244
2346819,1244
2346820,1353
2346821,1309
2346822,1309
2346823,1309
2346824,1309
2346825,1309
2346826,1309
2346827,1309
2346828,1309
2346830,1280
2346831,1280
2346832,1280
2346833,1280
2346834,1280
2346835,1280
2346836,1233
2346837,1233
2346838,1233
2346839,1233
2346840,1233
2346841,1233
2346842,1233
2346843,1233
2346844,1211
2346845,1211
2346846,1211
2346847,1211
2346848,1211
2346849,1211
2346850,1211
2346851,1281
2346852,1281
2346853,1281
2346854,1281
2346855,1281
2346856,1281
2346857,1281
2346858,1281
2346859,1289
2346860,1289
2346861,1289
2346862,1289
2346863,1289
2346867,1241
2346868,1241
2346869,1241
2346870,1241
2346871,1241
2346886,1055
2346887,1074
2346888,1074
2346889,1186
2346891,1186
2346892,1186
2346893,1186
2346897,1099
2346898,1099
2346899,1099
2346909,1173
2346910,1173
2346911,1188
2346912,1188
2346918,1188
2346919,1052
2347014,1343
2347015,1343
2347016,1168
2347017,1168
2347018,1168
2347019,1168
2347020,1168
2347021,1168
2347022,1168
2347023,1168
2347024,1020
2350932,1227
2350997,1290
2350998,1290
2350999,1478
2351000,1478
2351022,1562
2351023,1562
2351024,1562
2351025,1562
2351026,1562
2351027,1562
2351028,1562
2351029,1593
2351030,1593
2351031,1593
2351032,1593
2351033,1593
2351034,1593
2351035,1593
2351036,1561
2351037,1561
2351038,1561
2351039,1561
2351040,1561
2351041,1561
2351042,1561
2351043,1561
2351044,1499
2351045,1499
2351046,1499
2351047,1499
2351048,1499
2351049,1499
2351050,1499
2351051,1515
2351052,1515
2351053,1515
2351054,1515
2351055,1515
2351056,1515
2351057,1515
2351058,1515
2351059,1519
2351060,1519
2351061,1519
2351062,1519
2351063,1519
2351064,1519
2351065,1519
2351066,1430
2351067,1430
2351068,1430
2351069,1430
2351070,1333
2351071,1333
2351072,1333
2351073,1333
2351074,1299
2351075,1299
2351076,1299
2351077,1394
2351078,1394
2351079,1394
2351080,1394
2351081,1404
2351082,1404
2351083,1435
2351084,1435
2351085,1435
2351086,1435
2351087,1435
2351088,1435
2351089,1490
2351090,1490
2351091,1490
2351092,1490
2351093,1490
2351094,1490
2351095,1490
2351096,1494
2351097,1494
2351098,1494
2351099,1494
2351100,1494
2351101,1494
2351102,1494
2351103,1494
2351104,1486
2351105,1486
2351106,1486
2351107,1486
2351108,1486
2351109,1486
2351110,1486
2351111,1451
2351112,1451
2351113,1451
2351114,1451
2351115,1451
2351116,1451
2351117,1451
2351118,1451
2351119,1408
2351120,1408
2351121,1408
2351122,1408
2351123,1408
2351124,1408
2351125,1408
2351126,1377
2351127,1377
2351128,1377
2351129,1377
2351130,1377
2351131,1377
2351132,1377
2351133,1377
2351134,1353
2351135,1353
2351136,1353
2351137,1353
2351138,1353
2351139,1353
2351140,1353
2351141,1309
2351142,1309
2351143,1309
2351144,1309
2351145,1309
2351146,1309
2351147,1309
2351148,1309
2351149,1280
2351150,1280
2351151,1280
2351152,1280
2351153,1280
2351154,1280
2351155,1280
2351156,1233
2351157,1233
2351158,1233
2351159,1233
2351160,1233
2351161,1233
2351162,1233
2351163,1233
2351164,1211
2351165,1211
2351166,1211
2351167,1211
2351168,1211
2351169,1211
2351170,1211
2351171,1281
2351172,1281
2351173,1281
2351174,1281
2351175,1281
2351176,1281
2351177,1281
2351178,1281
2351179,1289
2351180,1289
2351181,1289
2351182,1289
2351183,1289
2351186,1241
2351187,1241
2351188,1241
2351189,1241
2351190,1241
2351205,1055
2351206,1074
2351207,1074
2351208,1055
2351209,1134
2351210,1186
2351211,1186
2351212,1186
2351213,1186
2351216,1099
2351217,1099
2351218,1099
2351219,1099
2351223,1154
2351238,1188
2351239,1052
2351333,1343
2351334,1343
2351335,1343
2351336,1168
2351337,1168
2351338,1168
2351339,1168
2351340,1168
2351341,1168
2351342,1168
2355105,1170
2355252,1227
2355311,1290
2355312,1290
2355313,1290
2355314,1290
2355315,1290
2355316,1290
2355317,1290
2355318,1290
2355319,1478
2355320,1381
2355338,1548
2355339,1548
2355340,1548
2355341,1562
2355342,1562
2355343,1562
2355344,1562
2355345,1562
2355346,1562
2355347,1562
2355348,1562
2355349,1593
2355350,1593
2355351,1593
2355352,1593
2355353,1593
2355354,1593
2355355,1593
2355356,1561
2355357,1561
2355358,1561
2355359,1561
2355360,1561
2355361,1561
2355362,1561
2355363,1561
2355364,1499
2355365,1499
2355366,1499
2355367,1499
2355368,1499
2355369,1499
2355370,1499
2355371,1515
2355372,1515
2355373,1515
2355374,1515
2355375,1515
2355376,1515
2355377,1515
2355378,1515
2355379,1519
2355380,1519
2355381,1519
2355382,1519
2355383,1519
2355384,1519
2355385,1519
2355386,1430
2355387,1430
2355388,1430
2355389,1430
2355390,1430
2355391,1430
2355392,1430
2355393,1430
2355394,1394
2355395,1394
2355396,1394
2355397,1394
2355398,1394
2355399,1394
2355400,1394
2355401,1404
2355402,1404
2355403,1435
2355404,1435
2355405,1435
2355406,1435
2355407,1435
2355408,1435
2355409,1490
2355410,1490
2355411,1490
2355412,1490
2355413,1490
2355414,1490
2355415,1490
2355416,1494
2355417,1494
2355418,1494
2355419,1494
2355420,1494
2355421,1494
2355422,1494
2355423,1494
2355424,1486
2355425,1486
2355426,1486
2355427,1486
2355428,1486
2355429,1486
2355430,1486
2355431,1451
2355432,1451
2355433,1451
2355434,1451
2355435,1451
2355436,1451
2355437,1451
2355438,1451
2355439,1408
2355441,1408
2355442,1408
2355443,1408
2355444,1408
2355445,1408
2355446,1377
2355447,1377
2355448,1377
2355449,1377
2355450,1377
2355451,1377
2355452,1377
2355453,1377
2355454,1353
2355455,1353
2355456,1353
2355457,1353
2355458,1353
2355459,1353
2355460,1353
2355461,1309
2355462,1309
2355463,1309
2355464,1309
2355465,1309
2355466,1309
2355467,1309
2355468,1309
2355469,1280
2355470,1280
2355471,1280
2355472,1280
2355473,1280
2355474,1280
2355475,1280
2355476,1233
2355477,1233
2355478,1233
2355479,1233
2355480,1233
2355481,1233
2355482,1233
2355483,1233
2355484,1211
2355485,1211
2355486,1211
2355487,1211
2355488,1211
2355489,1211
2355490,1211
2355491,1281
2355492,1281
2355493,1281
2355494,1281
2355495,1281
2355496,1281
2355497,1281
2355498,1281
2355499,1289
2355500,1289
2355501,1289
2355502,1289
2355503,1289
2355505,1289
2355506,1241
2355507,1241
2355508,1241
2355509,1241
2355525,1074
2355526,1074
2355527,1074
2355528,1055
2355529,1186
2355530,1186
2355533,1186
2355534,1186
2355536,1099
2355537,1099
2355538,1099
2355539,1099
2355540,1099
2355541,1099
2355542,1154
2355559,1052
2355651,1343
2355652,1343
2355653,1343
2355654,1343
2355655,1343
2355656,1168
2355657,1168
2355658,1168
2355659,1168
2355677,1054
2359578,1227
2359579,1397
2359631,1290
2359632,1290
2359633,1290
2359634,1290
2359635,1290
2359636,1290
2359637,1290
2359638,1290
2359639,1381
2359640,1381
2359641,1381
2359642,1381
2359643,1381
2359655,1548
2359656,1548
2359657,1548
2359658,1548
2359659,1548
2359660,1548
2359661,1562
2359662,1562
2359663,1562
2359664,1562
2359665,1562
2359666,1562
2359667,1562
2359668,1562
2359669,1593
2359670,1593
2359671,1593
2359672,1593
2359673,1487
2359674,1593
2359675,1487
2359676,1561
2359677,1561
2359678,1561
2359679,1561
2359680,1561
2359681,1561
2359682,1561
2359683,1561
2359684,1499
2359685,1499
2359686,1499
2359687,1499
2359688,1499
2359689,1499
2359690,1499
2359691,1515
2359692,1515
2359693,1515
2359694,1515
2359695,1515
2359696,1515
2359697,1515
2359698,1515
2359699,1519
2359700,1519
2359701,1519
2359702,1519
2359703,1519
2359704,1519
2359705,1519
2359706,1430
2359707,1430
2359708,1430
2359709,1430
2359710,1430
2359711,1430
2359712,1430
2359713,1430
2359714,1394
2359715,1394
2359716,1394
2359717,1394
2359718,1394
2359719,1394
2359720,1394
2359721,1404
2359722,1404
2359723,1435
2359724,1435
2359725,1435
2359726,1435
2359727,1435
2359728,1435
2359729,1490
2359730,1490
2359731,1490
2359732,1490
2359733,1490
2359734,1490
2359735,1490
2359736,1494
2359737,1494
2359738,1494
2359739,1494
2359740,1494
2359741,1494
2359742,1494
2359743,1494
2359744,1486
2359745,1486
2359746,1486
2359747,1486
2359748,1486
2359749,1486
2359750,1486
2359751,1451
2359752,1451
2359753,1451
2359754,1451
2359755,1451
2359756,1451
2359757,1451
2359758,1451
2359759,1408
2359764,1408
2359765,1408
2359766,1377
2359767,1377
2359768,1377
2359769,1377
2359770,1377
2359771,1377
2359772,1377
2359773,1377
2359774,1353
2359775,1353
2359776,1353
2359777,1353
2359778,1353
2359779,1353
2359780,1353
2359781,1309
2359782,1204
2359783,1309
2359784,1309
2359785,1309
2359786,1309
2359787,1309
2359788,1309
2359789,1280
2359790,1280
2359791,1177
2359792,1280
2359793,1280
2359794,1280
2359795,1280
2359796,1233
2359797,1233
2359798,1233
2359799,1233
2359800,1233
2359801,1233
2359802,1233
2359803,1233
2359804,1211
2359805,1211
2359806,1211
2359807,1211
2359808,1211
2359809,1211
2359810,1211
2359811,1281
2359812,1281
2359813,1281
2359814,1281
2359815,1281
2359816,1281
2359817,1281
2359818,1281
2359819,1289
2359820,1289
2359821,1289
2359822,1289
2359823,1289
2359824,1289
2359825,1289
2359826,1241
2359827,1241
2359828,1241
2359829,1241
2359845,1074
2359846,1074
2359847,1074
2359848,1074
2359849,1186
2359850,1186
2359851,1186
2359852,1186
2359853,1186
2359854,1186
2359855,1186
2359856,1154
2359857,1154
2359858,1154
2359859,1154
2359860,1154
2359866,1173
2359870,1173
2359971,1343
2359972,1343
2359976,1168
2359977,1168
2363899,1397
2363900,1397
2363958,1290
2363959,1478
2363960,1381
2363961,1381
2363962,1381
2363963,1381
2363972,1518
2363973,1518
2363974,1548
2363975,1548
2363976,1548
2363977,1548
2363978,1548
2363979,1548
2363980,1548
2363981,1562
2363982,1562
2363983,1562
2363984,1562
2363985,1562
2363986,1562
2363987,1562
2363988,1562
2363989,1593
2363990,1593
2363991,1593
2363992,1593
2363993,1593
2363994,1593
2363995,1593
2363996,1456
2363997,1456
2363998,1456
2363999,1456
2364000,1561
2364001,1561
2364002,1561
2364003,1561
2364004,1499
2364005,1499
2364006,1499
2364007,1499
2364008,1499
2364009,1499
2364010,1499
2364011,1515
2364012,1515
2364013,1515
2364014,1515
2364015,1515
2364016,1515
2364017,1515
2364018,1515
2364019,1519
2364020,1519
2364021,1519
2364022,1519
2364023,1519
2364024,1519
2364025,1519
2364026,1430
2364027,1430
2364028,1430
2364029,1430
2364030,1430
2364031,1430
2364032,1430
2364033,1430
2364034,1394
2364035,1394
2364036,1394
2364037,1394
2364038,1394
2364039,1394
2364040,1394
2364041,1404
2364042,1404
2364043,1435
2364044,1435
2364045,1435
2364046,1435
2364047,1435
2364048,1435
2364049,1490
2364050,1490
2364051,1490
2364052,1490
2364053,1490
2364054,1490
2364055,1490
2364056,1494
2364057,1494
2364058,1494
2364059,1494
2364060,1494
2364061,1494
2364062,1494
2364063,1494
2364064,1385
2364065,1486
2364066,1486
2364067,1486
2364068,1486
2364069,1486
2364070,1486
2364071,1451
2364072,1451
2364073,1451
2364074,1451
2364075,1451
2364076,1451
2364077,1451
2364078,1451
2364079,1408
2364080,1408
2364081,1408
2364082,1408
2364083,1408
2364084,1408
2364085,1408
2364086,1377
2364087,1377
2364088,1377
2364089,1377
2364090,1377
2364091,1377
2364092,1377
2364093,1377
2364094,1353
2364095,1353
2364096,1353
2364097,1353
2364098,1353
2364099,1353
2364100,1353
2364101,1309
2364102,1309
2364103,1309
2364104,1309
2364105,1309
2364106,1309
2364107,1309
2364108,1309
2364109,1280
2364110,1280
2364115,1280
2364116,1233
2364117,1233
2364118,1233
2364119,1233
2364120,1233
2364121,1233
2364122,1233
2364123,1233
2364124,1211
2364125,1211
2364126,1211
2364127,1211
2364128,1211
2364129,1211
2364130,1211
2364131,1281
2364132,1281
2364133,1281
2364134,1281
2364135,1281
2364136,1281
2364137,1281
2364138,1281
2364139,1289
2364140,1289
2364141,1289
2364142,1289
2364143,1289
2364144,1289
2364145,1289
2364146,1241
2364147,1241
2364148,1241
2364149,1241
2364165,1074
2364166,1074
2364167,1074
2364168,1074
2364169,1186
2364170,1186
2364171,1186
2364172,1186
2364173,1186
2364174,1186
2364175,1186
2364176,1154
2364177,1154
2364178,1154
2364179,1154
2364180,1154
2364181,1154
2364183,1154
2364189,1173
2364190,1173
2364191,1188
2364192,1188
2364193,1188
2364194,1188
2368124,1159
2368278,1290
2368279,1478
2368280,1478
2368281,1381
2368282,1381
2368283,1381
2368292,1518
2368293,1518
2368294,1548
2368295,1548
2368296,1548
2368297,1548
2368298,1548
2368299,1548
2368300,1548
2368301,1562
2368302,1562
2368303,1562
2368304,1562
2368305,1562
2368306,1562
2368307,1562
2368308,1562
2368309,1593
2368310,1593
2368311,1593
2368312,1593
2368313,1593
2368314,1593
2368315,1593
2368316,1561
2368317,1561
2368318,1561
2368319,1456
2368320,1561
2368321,1561
2368322,1561
2368323,1561
2368324,1499
2368325,1499
2368326,1499
2368327,1499
2368328,1499
2368329,1499
2368330,1499
2368331,1515
2368332,1515
2368333,1515
2368334,1515
2368335,1515
2368336,1515
2368337,1515
2368338,1515
2368339,1519
2368340,1519
2368341,1519
2368342,1519
2368343,1519
2368344,1519
2368345,1519
2368346,1430
2368347,1430
2368348,1430
2368349,1430
2368350,1430
2368351,1430
2368352,1430
2368353,1430
2368354,1394
2368355,1394
2368356,1394
2368357,1394
2368358,1394
2368359,1394
2368360,1394
2368361,1404
2368362,1404
2368363,1435
2368364,1435
2368365,1435
2368366,1435
2368367,1435
2368368,1435
2368369,1490
2368370,1490
2368371,1490
2368372,1490
2368373,1490
2368374,1490
2368375,1490
2368376,1494
2368377,1494
2368378,1494
2368379,1494
2368380,1494
2368381,1494
2368382,1494
2368383,1494
2368384,1486
2368385,1486
2368386,1385
2368387,1486
2368388,1486
2368389,1486
2368390,1486
2368391,1451
2368392,1451
2368393,1451
2368394,1451
2368395,1451
2368396,1451
2368397,1451
2368398,1451
2368399,1408
2368400,1408
2368401,1408
2368402,1408
2368403,1408
2368404,1408
2368405,1408
2368406,1377
2368407,1377
2368408,1377
2368409,1377
2368410,1377
2368411,1377
2368412,1377
2368413,1377
2368414,1353
2368415,1353
2368416,1353
2368417,1353
2368418,1353
2368419,1353
2368420,1353
2368421,1309
2368422,1309
2368423,1309
2368424,1309
2368425,1309
2368426,1309
2368427,1309
2368428,1309
2368429,1280
2368430,1280
2368431,1280
2368433,1280
2368435,1280
2368438,1233
2368439,1233
2368440,1233
2368441,1233
2368442,1233
2368443,1233
2368444,1211
2368445,1211
2368446,1211
2368447,1211
2368448,1211
2368449,1211
2368450,1211
2368451,1281
2368452,1281
2368453,1281
2368454,1281
2368455,1281
2368456,1281
2368457,1281
2368458,1281
2368459,1289
2368460,1289
2368461,1289
2368462,1289
2368463,1289
2368464,1289
2368465,1289
2368466,1241
2368467,1241
2368468,1241
2368469,1241
2368484,1074
2368485,1074
2368486,1074
2368487,1074
2368488,1074
2368490,1186
2368491,1186
2368492,1186
2368493,1186
2368494,1186
2368495,1186
2368496,1154
2368497,1154
2368498,1154
2368499,1154
2368500,1154
2368501,1154
2368506,1173
2368507,1173
2368508,1173
2368509,1173
2368510,1173
2368511,1188
2368512,1188
2368513,1188
2368514,1188
2368515,1188
2368516,1188
2368517,1188
2368608,1349
2368609,1343
2368610,1343
2368612,1343
2368613,1343
2372436,1764
2372444,1401
2372599,1461
2372600,1461
2372601,1367
2372602,1367
2372603,1367
2372612,1557
2372613,1557
2372614,1579
2372615,1579
2372616,1579
2372617,1579
2372618,1579
2372619,1579
2372620,1579
2372621,1609
2372622,1609
2372623,1609
2372624,1609
2372625,1609
2372626,1609
2372627,1609
2372628,1609
2372629,1600
2372630,1600
2372631,1600
2372632,1600
2372633,1600
2372634,1600
2372635,1600
2372636,1597
2372637,1597
2372638,1597
2372639,1597
2372640,1597
2372641,1597
2372642,1597
2372643,1597
2372644,1591
2372645,1591
2372646,1591
2372647,1591
2372648,1591
2372649,1591
2372650,1591
2372651,1543
2372652,1543
2372653,1543
2372654,1543
2372655,1543
2372656,1543
2372657,1543
2372658,1543
2372659,1574
2372660,1574
2372661,1574
2372662,1574
2372663,1574
2372664,1574
2372665,1574
2372666,1496
2372667,1496
2372668,1496
2372669,1496
2372670,1496
2372671,1496
2372672,1496
2372673,1496
2372674,1443
2372675,1443
2372676,1443
2372677,1443
2372678,1443
2372679,1443
2372680,1443
2372681,1412
2372682,1412
2372684,1443
2372686,1443
2372687,1443
2372688,1443
2372689,1450
2372690,1450
2372691,1450
2372692,1450
2372693,1450
2372694,1450
2372695,1450
2372696,1491
2372697,1491
2372698,1491
2372699,1491
2372700,1491
2372701,1491
2372702,1491
2372703,1491
2372704,1509
2372705,1509
2372706,1509
2372707,1407
2372708,1509
2372709,1509
2372710,1509
2372711,1464
2372712,1464
2372713,1464
2372714,1464
2372715,1464
2372716,1464
2372717,1464
2372718,1464
2372719,1378
2372720,1378
2372721,1378
2372722,1378
2372723,1378
2372724,1378
2372725,1378
2372726,1360
2372727,1360
2372728,1360
2372729,1360
2372730,1360
2372731,1360
2372732,1360
2372733,1360
2372734,1366
2372735,1366
2372736,1366
2372737,1366
2372738,1366
2372739,1366
2372740,1366
2372741,1275
2372742,1275
2372743,1275
2372744,1275
2372745,1275
2372746,1385
2372747,1385
2372748,1385
2372749,1357
2372750,1357
2372751,1357
2372753,1357
2372754,1357
2372755,1357
2372756,1351
2372758,1351
2372759,1351
2372760,1351
2372761,1351
2372762,1351
2372763,1351
2372764,1346
2372765,1346
2372766,1346
2372767,1346
2372768,1346
2372769,1346
2372770,1346
2372771,1349
2372772,1349
2372774,1349
2372775,1349
2372776,1349
2372777,1349
2372778,1349
2372779,1331
2372780,1331
2372781,1331
2372782,1331
2372783,1331
2372784,1331
2372785,1331
2372786,1224
2372787,1224
2372788,1224
2372789,1224
2372804,1239
2372805,1239
2372810,1229
2372812,1229
2372813,1229
2372814,1229
2372815,1229
2372816,1213
2372817,1213
2372818,1213
2372819,1213
2372820,1213
2372821,1213
2372826,1259
2372827,1259
2372828,1259
2372829,1259
2372830,1259
2372831,1249
2372832,1249
2372833,1249
2372834,1249
2372835,1249
2372836,1249
2372926,1256
2372927,1256
2372928,1256
2372929,1193
2372930,1193
2372931,1193
2372932,1193
2376756,1736
2376757,1764
2376758,1764
2376759,1764
2376760,1764
2376761,1401
2376763,1401
2376764,1401
2376865,1403
2376919,1461
2376920,1461
2376921,1461
2376922,1461
2376923,1461
2376924,1461
2376925,1461
2376926,1557
2376927,1557
2376928,1557
2376929,1557
2376930,1557
2376931,1557
2376932,1557
2376933,1557
2376934,1579
2376935,1579
2376936,1579
2376937,1579
2376938,1579
2376939,1579
2376940,1579
2376941,1609
2376942,1609
2376943,1609
2376944,1609
2376945,1609
2376946,1609
2376951,1493
2376952,1493
2376953,1493
2376954,1493
2376956,1489
2376957,1489
2376958,1489
2376959,1597
2376960,1597
2376961,1597
2376962,1597
2376963,1597
2376964,1591
2376965,1591
2376966,1591
2376967,1591
2376968,1591
2376969,1591
2376970,1591
2376971,1543
2376972,1543
2376973,1543
2376974,1543
2376975,1543
2376976,1543
2376977,1543
2376978,1543
2376979,1574
2376980,1574
2376981,1574
2376982,1574
2376983,1574
2376984,1574
2376985,1574
2376986,1496
2376987,1496
2376988,1496
2376989,1496
2376990,1496
2376991,1496
2376992,1496
2376993,1496
2376994,1443
2376995,1443
2376996,1443
2376997,1443
2376998,1443
2376999,1443
2377000,1443
2377001,1412
2377002,1412
2377003,1443
2377004,1443
2377005,1443
2377006,1346
2377007,1443
2377008,1443
2377009,1450
2377010,1450
2377011,1450
2377012,1450
2377013,1450
2377014,1450
2377015,1450
2377016,1491
2377017,1491
2377018,1491
2377019,1491
2377020,1491
2377021,1491
2377022,1491
2377023,1491
2377024,1509
2377025,1509
2377026,1509
2377027,1407
2377028,1509
2377029,1509
2377030,1509
2377031,1464
2377032,1464
2377033,1464
2377034,1464
2377035,1464
2377036,1464
2377037,1464
2377038,1464
2377039,1378
2377040,1378
2377041,1378
2377042,1378
2377043,1378
2377044,1378
2377045,1378
2377046,1360
2377047,1360
2377048,1360
2377049,1360
2377050,1360
2377051,1360
2377052,1360
2377053,1360
2377054,1366
2377055,1366
2377056,1366
2377057,1366
2377058,1366
2377059,1366
2377060,1366
2377061,1385
2377062,1385
2377063,1385
2377064,1275
2377065,1275
2377066,1385
2377067,1385
2377068,1385
2377069,1357
2377070,1357
2377071,1357
2377072,1357
2377073,1357
2377074,1357
2377075,1357
2377076,1351
2377077,1244
2377078,1351
2377079,1351
2377080,1351
2377081,1351
2377082,1351
2377083,1351
2377084,1346
2377085,1346
2377086,1346
2377087,1346
2377088,1346
2377089,1346
2377090,1346
2377091,1349
2377092,1349
2377093,1349
2377094,1349
2377095,1349
2377096,1349
2377097,1349
2377098,1349
2377100,1331
2377101,1331
2377102,1331
2377103,1331
2377104,1331
2377105,1331
2377106,1224
2377107,1224
2377108,1224
2377123,1239
2377124,1239
2377125,1239
2377126,1239
2377127,1239
2377128,1239
2377131,1229
2377132,1229
2377133,1229
2377134,1229
2377135,1229
2377136,1213
2377137,1213
2377138,1213
2377139,1213
2377140,1213
2377141,1213
2377142,1213
2377143,1213
2377144,1259
2377145,1259
2377146,1259
2377147,1259
2377148,1259
2377150,1259
2377151,1249
2377152,1249
2377153,1249
2377154,1249
2377155,1249
2377156,1249
2377244,1256
2377245,1256
2377246,1256
2377247,1256
2377248,1256
2377249,1193
2377250,1193
2377251,1193
2377252,1193
2381075,1736
2381077,1764
2381078,1764
2381079,1764
2381080,1764
2381081,1401
2381082,1401
2381083,1401
2381084,1401
2381184,1403
2381185,1403
2381231,1106
2381241,1461
2381242,1461
2381243,1461
2381244,1461
2381245,1461
2381246,1557
2381247,1557
2381248,1557
2381249,1557
2381250,1557
2381251,1557
2381252,1557
2381253,1557
2381254,1579
2381255,1579
2381256,1579
2381257,1579
2381258,1579
2381259,1579
2381260,1579
2381261,1609
2381262,1609
2381263,1609
2381264,1609
2381265,1609
2381266,1609
2381267,1502
2381268,1502
2381269,1493
2381270,1493
2381271,1493
2381272,1493
2381273,1493
2381274,1493
2381275,1493
2381276,1489
2381277,1489
2381278,1489
2381279,1597
2381280,1597
2381281,1597
2381282,1597
2381283,1597
2381284,1591
2381285,1591
2381286,1591
2381287,1591
2381288,1591
2381289,1591
2381290,1591
2381291,1543
2381292,1543
2381293,1543
2381294,1543
2381295,1543
2381296,1543
2381297,1543
2381298,1543
2381299,1574
2381300,1574
2381301,1574
2381302,1574
2381303,1574
2381304,1574
2381305,1574
2381306,1496
2381307,1496
2381308,1496
2381309,1496
2381310,1496
2381311,1496
2381312,1496
2381313,1496
2381314,1443
2381315,1443
2381316,1443
2381317,1443
2381318,1443
2381319,1443
2381320,1443
2381321,1412
2381322,1412
2381323,1443
2381324,1443
2381325,1443
2381326,1443
2381327,1443
2381328,1443
2381329,1450
2381330,1450
2381331,1450
2381332,1450
2381333,1450
2381334,1450
2381335,1450
2381336,1491
2381337,1491
2381338,1491
2381339,1491
2381340,1491
2381341,1491
2381342,1491
2381343,1491
2381344,1509
2381345,1509
2381346,1509
2381347,1509
2381348,1509
2381349,1509
2381350,1509
2381351,1464
2381352,1464
2381353,1464
2381354,1464
2381355,1464
2381356,1464
2381357,1464
2381358,1464
2381359,1378
2381360,1378
2381361,1378
2381362,1378
2381363,1378
2381364,1378
2381365,1378
2381366,1360
2381367,1360
2381368,1360
2381369,1360
2381370,1360
2381371,1360
2381372,1360
2381373,1360
2381374,1366
2381375,1366
2381376,1366
2381377,1366
2381378,1366
2381379,1366
2381380,1366
2381381,1275
2381382,1385
2381383,1385
2381384,1385
2381385,1385
2381386,1385
2381387,1385
2381388,1385
2381389,1357
2381390,1357
2381391,1357
2381392,1357
2381394,1357
2381395,1357
2381396,1351
2381397,1351
2381398,1351
2381399,1351
2381400,1351
2381401,1351
2381402,1351
2381403,1351
2381404,1346
2381405,1346
2381406,1346
2381407,1346
2381408,1346
2381409,1346
2381410,1346
2381411,1349
2381412,1349
2381414,1349
2381415,1349
2381416,1349
2381417,1349
2381420,1331
2381421,1331
2381422,1331
2381423,1331
2381424,1331
2381425,1331
2381426,1224
2381427,1224
2381442,1239
2381443,1239
2381444,1239
2381445,1239
2381446,1239
2381451,1229
2381452,1229
2381453,1229
2381454,1229
2381455,1229
2381456,1213
2381457,1213
2381458,1213
2381459,1213
2381460,1213
2381461,1213
2381462,1213
2381463,1213
2381464,1259
2381465,1259
2381466,1259
2381467,1259
2381468,1259
2381470,1259
2381471,1249
2381472,1249
2381473,1249
2381474,1249
2381475,1249
2381484,1189
2381485,1189
2381564,1256
2381566,1256
2381567,1256
2381568,1256
2381569,1193
2381570,1193
2381571,1193
2381572,1193
2381573,1193
2385391,1557
2385392,1557
2385395,1736
2385396,1764
2385397,1764
2385398,1764
2385399,1764
2385400,1764
2385401,1401
2385402,1401
2385403,1401
2385404,1401
2385503,1403
2385504,1403
2385551,1106
2385560,1461
2385561,1461
2385562,1461
2385563,1461
2385564,1461
2385565,1461
2385566,1557
2385567,1557
2385568,1557
2385569,1557
2385570,1557
2385571,1557
2385572,1557
2385573,1557
2385574,1579
2385575,1579
2385576,1579
2385577,1579
2385578,1579
2385579,1579
2385580,1579
2385581,1609
2385582,1609
2385583,1609
2385584,1609
2385585,1609
2385586,1609
2385587,1502
2385588,1502
2385589,1493
2385590,1600
2385591,1600
2385592,1600
2385593,1600
2385594,1600
2385595,1600
2385596,1597
2385597,1597
2385598,1597
2385599,1597
2385600,1597
2385601,1597
2385602,1597
2385603,1597
2385604,1591
2385605,1591
2385606,1591
2385607,1591
2385608,1591
2385609,1591
2385610,1591
2385611,1543
2385612,1543
2385613,1543
2385614,1543
2385615,1543
2385616,1543
2385617,1543
2385618,1543
2385619,1574
2385620,1574
2385621,1574
2385622,1574
2385623,1574
2385624,1574
2385625,1574
2385626,1496
2385627,1496
2385628,1496
2385629,1496
2385630,1496
2385631,1496
2385632,1496
2385633,1496
2385634,1443
2385635,1443
2385636,1443
2385637,1443
2385638,1443
2385639,1443
2385640,1443
2385641,1412
2385642,1412
2385643,1443
2385644,1443
2385645,1443
2385646,1443
2385647,1443
2385648,1443
2385649,1450
2385650,1450
2385651,1450
2385652,1450
2385653,1450
2385654,1450
2385655,1450
2385656,1491
2385657,1491
2385658,1491
2385659,1491
2385660,1491
2385661,1491
2385662,1491
2385663,1491
2385664,1509
2385665,1509
2385666,1509
2385667,1509
2385668,1509
2385669,1509
2385670,1509
2385671,1464
2385672,1464
2385673,1464
2385674,1464
2385675,1464
2385676,1464
2385677,1464
2385678,1464
2385679,1378
2385680,1378
2385681,1378
2385682,1378
2385683,1378
2385684,1378
2385685,1378
2385686,1360
2385687,1360
2385688,1360
2385689,1360
2385690,1360
2385691,1360
2385692,1360
2385693,1360
2385694,1366
2385695,1366
2385696,1366
2385697,1366
2385698,1366
2385699,1366
2385700,1366
2385701,1385
2385702,1385
2385703,1385
2385704,1385
2385705,1385
2385706,1385
2385707,1385
2385708,1385
2385709,1357
2385710,1357
2385711,1357
2385712,1357
2385714,1357
2385715,1357
2385716,1351
2385717,1351
2385718,1351
2385719,1351
2385720,1351
2385721,1351
2385722,1351
2385723,1351
2385724,1346
2385725,1346
2385726,1346
2385727,1346
2385728,1346
2385729,1346
2385730,1346
2385731,1349
2385732,1349
2385734,1349
2385735,1349
2385736,1349
2385737,1349
2385740,1331
2385741,1331
2385742,1331
2385743,1331
2385744,1331
2385745,1331
2385746,1224
2385747,1224
2385763,1239
2385764,1239
2385765,1239
2385766,1239
2385767,1239
2385772,1229
2385773,1229
2385774,1229
2385775,1229
2385776,1213
2385777,1213
2385778,1213
2385779,1213
2385780,1213
2385781,1213
2385782,1213
2385783,1213
2385784,1259
2385785,1259
2385786,1259
2385787,1259
2385789,1259
2385790,1259
2385791,1249
2385792,1249
2385801,1189
2385802,1189
2385803,1189
2385804,1189
2385805,1189
2385806,1160
2385887,1256
2385888,1256
2385889,1193
2385890,1193
2385891,1193
2385892,1193
2385893,1193
2385894,1193
2389715,1736
2389716,1764
2389717,1764
2389718,1764
2389719,1764
2389720,1764
2389721,1401
2389722,1401
2389723,1401
2389724,1401
2389880,1461
2389881,1461
2389882,1461
2389883,1461
2389884,1461
2389885,1461
2389886,1557
2389887,1557
2389888,1557
2389889,1557
2389890,1557
2389891,1557
2389892,1557
2389893,1557
2389894,1579
2389895,1579
2389896,1579
2389897,1579
2389898,1579
2389899,1579
2389900,1579
2389901,1609
2389902,1609
2389903,1609
2389904,1609
2389905,1609
2389906,1609
2389907,1502
2389908,1502
2389909,1600
2389910,1600
2389911,1600
2389912,1600
2389913,1600
2389914,1600
2389915,1600
2389916,1597
2389917,1597
2389918,1597
2389919,1597
2389920,1597
2389921,1597
2389922,1597
2389923,1597
2389924,1591
2389925,1591
2389926,1591
2389927,1591
2389928,1591
2389929,1591
2389930,1591
2389931,1543
2389932,1543
2389933,1543
2389934,1543
2389935,1543
2389936,1543
2389937,1543
2389938,1543
2389939,1574
2389940,1574
2389941,1574
2389942,1574
2389943,1574
2389944,1574
2389945,1574
2389946,1496
2389947,1496
2389948,1496
2389949,1496
2389950,1496
2389951,1496
2389952,1496
2389953,1496
2389954,1443
2389955,1443
2389956,1443
2389957,1443
2389958,1443
2389959,1443
2389960,1443
2389961,1412
2389962,1412
2389963,1346
2389964,1443
2389965,1443
2389966,1346
2389967,1443
2389968,1443
2389969,1450
2389970,1450
2389971,1450
2389972,1450
2389973,1450
2389974,1450
2389975,1450
2389976,1491
2389977,1491
2389978,1491
2389979,1491
2389980,1491
2389981,1491
2389982,1491
2389983,1491
2389984,1509
2389985,1509
2389986,1509
2389987,1509
2389988,1509
2389989,1509
2389990,1509
2389991,1464
2389992,1464
2389993,1464
2389994,1464
2389995,1464
2389996,1464
2389997,1464
2389998,1464
2389999,1378
2390000,1378
2390001,1378
2390002,1378
2390003,1378
2390004,1378
2390005,1378
2390006,1360
2390007,1360
2390008,1360
2390009,1360
2390010,1360
2390011,1360
2390012,1360
2390013,1360
2390014,1366
2390015,1366
2390016,1366
2390017,1366
2390018,1366
2390019,1366
2390020,1366
2390021,1385
2390022,1385
2390023,1385
2390024,1385
2390025,1385
2390026,1385
2390027,1385
2390028,1385
2390029,1357
2390030,1357
2390031,1357
2390032,1357
2390033,1357
2390034,1357
2390035,1357
2390036,1351
2390037,1351
2390038,1351
2390039,1351
2390040,1351
2390041,1351
2390042,1351
2390043,1351
2390044,1346
2390045,1346
2390046,1346
2390047,1346
2390048,1346
2390049,1346
2390050,1346
2390051,1349
2390052,1349
2390053,1349
2390054,1349
2390055,1349
2390056,1349
2390057,1349
2390058,1349
2390059,1331
2390060,1331
2390061,1331
2390062,1331
2390063,1331
2390064,1331
2390065,1331
2390066,1224
2390083,1239
2390084,1239
2390085,1239
2390086,1239
2390087,1239
2390088,1239
2390092,1229
2390093,1229
2390094,1229
2390095,1229
2390096,1213
2390097,1213
2390098,1213
2390099,1213
2390100,1213
2390101,1213
2390102,1213
2390103,1213
2390104,1259
2390105,1259
2390106,1259
2390107,1259
2390108,1259
2390109,1259
2390110,1259
2390111,1249
2390112,1249
2390120,1189
2390121,1189
2390122,1189
2390123,1189
2390124,1189
2390125,1189
2390126,1160
2390127,1160
2390206,1256
2390207,1256
2390208,1256
2390209,1193
2390210,1193
2390211,1193
2390212,1193
2390213,1193
2390214,1193
2390215,1193
2390239,924
2394034,1736
2394035,1736
2394036,1764
2394037,1764
2394038,1764
2394039,1764
2394040,1764
2394042,1401
2394043,1401
2394044,1401
2394192,1106
2394200,1461
2394201,1461
2394202,1461
2394203,1461
2394204,1461
2394205,1461
2394206,1557
2394207,1557
2394208,1557
2394209,1557
2394210,1557
2394212,1557
2394213,1557
2394214,1579
2394215,1579
2394216,1579
2394217,1579
2394218,1579
2394219,1579
2394220,1579
2394221,1609
2394222,1609
2394223,1609
2394224,1609
2394225,1502
2394226,1502
2394227,1502
2394228,1502
2394229,1493
2394230,1600
2394232,1493
2394233,1600
2394234,1600
2394235,1600
2394236,1597
2394237,1597
2394238,1597
2394239,1597
2394240,1597
2394241,1597
2394242,1597
2394243,1597
2394244,1591
2394245,1591
2394246,1591
2394247,1591
2394248,1591
2394249,1591
2394250,1591
2394251,1543
2394252,1543
2394253,1543
2394254,1543
2394255,1543
2394256,1543
2394257,1543
2394258,1543
2394259,1574
2394260,1574
2394261,1574
2394262,1574
2394263,1574
2394264,1574
2394265,1574
2394266,1496
2394267,1496
2394268,1496
2394269,1496
2394270,1496
2394271,1496
2394272,1496
2394273,1496
2394274,1443
2394275,1443
2394276,1443
2394277,1443
2394278,1443
2394279,1443
2394280,1443
2394281,1412
2394282,1412
2394283,1443
2394284,1443
2394285,1443
2394286,1443
2394287,1443
2394288,1443
2394289,1450
2394290,1450
2394291,1450
2394292,1450
2394293,1450
2394294,1450
2394295,1450
2394296,1491
2394297,1491
2394298,1491
2394299,1491
2394300,1491
2394301,1491
2394302,1491
2394303,1491
2394304,1509
2394305,1509
2394306,1509
2394307,1509
2394308,1509
2394309,1509
2394310,1509
2394311,1464
2394312,1464
2394313,1464
2394314,1464
2394315,1464
2394316,1464
2394317,1464
2394318,1464
2394319,1378
2394320,1378
2394321,1378
2394322,1378
2394323,1378
2394324,1378
2394325,1378
2394326,1360
2394327,1360
2394328,1360
2394329,1360
2394330,1360
2394331,1360
2394332,1360
2394333,1360
2394334,1366
2394335,1366
2394336,1366
2394337,1366
2394338,1366
2394339,1366
2394340,1366
2394341,1385
2394342,1385
2394343,1385
2394344,1385
2394345,1385
2394346,1385
2394347,1385
2394348,1385
2394349,1357
2394350,1357
2394351,1357
2394352,1357
2394353,1357
2394354,1357
2394355,1357
2394356,1351
2394357,1351
2394358,1351
2394359,1351
2394360,1351
2394361,1351
2394362,1351
2394363,1351
2394364,1346
2394365,1346
2394366,1346
2394367,1346
2394368,1346
2394369,1346
2394370,1346
2394371,1349
2394372,1349
2394373,1349
2394374,1349
2394375,1349
2394376,1349
2394377,1349
2394378,1349
2394379,1331
2394380,1331
2394381,1331
2394382,1331
2394383,1331
2394384,1331
2394385,1331
2394386,1224
2394403,1239
2394404,1239
2394405,1239
2394406,1239
2394407,1239
2394411,1229
2394412,1229
2394413,1229
2394414,1229
2394415,1229
2394416,1213
2394417,1213
2394418,1213
2394419,1213
2394420,1213
2394421,1213
2394422,1213
2394423,1213
2394424,1259
2394425,1259
2394426,1259
2394427,1259
2394428,1259
2394429,1259
2394430,1259
2394431,1249
2394432,1249
2394439,1189
2394440,1189
2394441,1189
2394442,1189
2394443,1189
2394444,1189
2394445,1189
2394446,1160
2394447,1160
2394448,1160
2394525,1256
2394526,1256
2394527,1256
2394528,1256
2394529,1193
2394531,1193
2394532,1193
2394533,1193
2394534,1193
2394535,1193
2394559,1153
2398355,1660
2398356,1685
2398357,1685
2398358,1685
2398359,1685
2398360,1685
2398361,1623
2398362,1623
2398363,1623
2398364,1623
2398365,1623
2398511,1380
2398512,1380
2398515,1380
2398516,1380
2398520,1523
2398521,1523
2398522,1523
2398523,1523
2398524,1523
2398525,1523
2398526,1581
2398533,1581
2398534,1582
2398535,1582
2398536,1582
2398537,1582
2398538,1582
2398539,1582
2398540,1582
2398541,1594
2398542,1594
2398543,1594
2398544,1594
2398548,1594
2398549,1608
2398550,1608
2398551,1608
2398552,1608
2398553,1608
2398554,1608
2398555,1608
2398556,1618
2398557,1618
2398558,1618
2398559,1618
2398560,1618
2398561,1618
2398562,1618
2398563,1618
2398564,1632
2398565,1632
2398566,1632
2398567,1632
2398568,1632
2398569,1632
2398570,1632
2398571,1610
2398572,1610
2398573,1610
2398574,1610
2398575,1610
2398576,1610
2398577,1610
2398578,1610
2398579,1601
2398580,1601
2398581,1601
2398582,1601
2398583,1601
2398584,1601
2398585,1601
2398586,1573
2398587,1573
2398588,1573
2398589,1573
2398590,1573
2398591,1573
2398592,1573
2398593,1573
2398594,1533
2398595,1533
2398596,1533
2398597,1533
2398598,1533
2398599,1533
2398600,1533
2398601,1497
2398602,1497
2398603,1530
2398604,1530
2398605,1530
2398606,1530
2398607,1530
2398608,1530
2398609,1481
2398610,1481
2398611,1481
2398612,1481
2398613,1481
2398614,1481
2398615,1481
2398616,1491
2398617,1491
2398618,1491
2398619,1491
2398620,1491
2398621,1491
2398622,1491
2398623,1491
2398624,1510
2398625,1510
2398626,1510
2398627,1510
2398628,1510
2398629,1510
2398630,1510
2398631,1460
2398632,1460
2398633,1460
2398634,1460
2398635,1460
2398636,1460
2398637,1460
2398638,1460
2398639,1406
2398640,1406
2398641,1406
2398642,1406
2398643,1406
2398644,1406
2398645,1406
2398646,1357
2398647,1357
2398648,1357
2398649,1357
2398650,1357
2398651,1357
2398652,1357
2398653,1357
2398654,1364
2398655,1364
2398656,1364
2398657,1364
2398658,1364
2398659,1364
2398660,1364
2398661,1401
2398662,1401
2398663,1401
2398664,1401
2398665,1401
2398666,1401
2398667,1401
2398668,1401
2398669,1368
2398670,1368
2398671,1368
2398672,1368
2398673,1368
2398674,1368
2398675,1368
2398676,1368
2398677,1368
2398678,1368
2398679,1368
2398680,1368
2398681,1368
2398682,1368
2398683,1368
2398684,1392
2398685,1392
2398686,1392
2398687,1392
2398688,1392
2398689,1392
2398690,1392
2398691,1378
2398692,1378
2398693,1378
2398694,1378
2398695,1378
2398696,1378
2398697,1378
2398698,1378
2398699,1356
2398700,1356
2398701,1356
2398702,1356
2398703,1356
2398704,1356
2398705,1356
2398706,1225
2398707,1225
2398722,1274
2398723,1274
2398724,1274
2398725,1274
2398726,1274
2398727,1274
2398728,1274
2398730,1308
2398731,1308
2398732,1308
2398733,1308
2398734,1308
2398735,1308
2398736,1293
2398737,1293
2398738,1293
2398739,1293
2398740,1293
2398741,1293
2398742,1293
2398743,1293
2398744,1359
2398745,1359
2398746,1359
2398747,1359
2398748,1359
2398749,1359
2398750,1359
2398751,1356
2398752,1356
2398757,1356
2398758,1356
2398759,1355
2398760,1355
2398761,1355
2398762,1355
2398763,1355
2398764,1355
2398765,1355
2398766,1268
2398767,1268
2398768,1268
2398846,1353
2398847,1353
2398848,1353
2398853,1167
2398854,1167
2398855,1167
2402675,1660
2402676,1685
2402677,1685
2402678,1685
2402679,1685
2402680,1685
2402681,1623
2402682,1623
2402683,1623
2402684,1623
2402685,1623
2402831,1380
2402832,1380
2402834,1380
2402835,1380
2402836,1380
2402837,1380
2402840,1523
2402841,1523
2402842,1523
2402843,1523
2402844,1523
2402845,1523
2402846,1581
2402847,1581
2402848,1581
2402853,1581
2402854,1582
2402855,1582
2402856,1582
2402857,1582
2402858,1582
2402859,1582
2402860,1582
2402861,1594
2402862,1594
2402863,1594
2402864,1594
2402871,1608
2402872,1502
2402873,1608
2402874,1608
2402875,1608
2402876,1618
2402877,1618
2402878,1618
2402879,1618
2402880,1618
2402881,1618
2402882,1618
2402883,1618
2402884,1632
2402885,1632
2402886,1632
2402887,1632
2402888,1632
2402889,1632
2402890,1632
2402891,1610
2402892,1610
2402893,1610
2402894,1610
2402895,1610
2402896,1610
2402897,1610
2402898,1610
2402899,1601
2402900,1601
2402901,1601
2402902,1601
2402903,1601
2402904,1601
2402905,1601
2402906,1573
2402907,1573
2402908,1573
2402909,1573
2402910,1573
2402911,1573
2402912,1573
2402913,1573
2402914,1533
2402915,1533
2402916,1533
2402917,1533
2402918,1533
2402919,1533
2402920,1533
2402921,1497
2402922,1497
2402923,1530
2402924,1530
2402925,1530
2402926,1530
2402927,1530
2402928,1530
2402929,1481
2402930,1481
2402931,1481
2402932,1481
2402933,1481
2402934,1481
2402935,1481
2402936,1491
2402937,1491
2402938,1491
2402939,1491
2402940,1491
2402941,1491
2402942,1491
2402943,1491
2402944,1510
2402945,1510
2402946,1510
2402947,1510
2402948,1510
2402949,1510
2402950,1510
2402951,1460
2402952,1460
2402953,1460
2402954,1460
2402955,1460
2402956,1460
2402957,1460
2402958,1460
2402959,1406
2402960,1406
2402961,1406
2402962,1406
2402963,1406
2402964,1406
2402965,1406
2402966,1357
2402967,1357
2402968,1357
2402969,1357
2402970,1357
2402971,1357
2402972,1357
2402973,1357
2402974,1364
2402975,1364
2402976,1364
2402977,1364
2402978,1364
2402979,1364
2402980,1364
2402981,1401
2402982,1401
2402983,1401
2402984,1401
2402985,1401
2402986,1401
2402987,1401
2402988,1401
2402989,1368
2402990,1368
2402991,1368
2402992,1368
2402993,1368
2402994,1368
2402995,1368
2402996,1368
2402997,1368
2402998,1368
2402999,1368
2403000,1368
2403001,1368
2403002,1368
2403003,1368
2403004,1392
2403005,1392
2403006,1392
2403007,1392
2403008,1392
2403009,1392
2403010,1392
2403011,1378
2403012,1378
2403013,1378
2403014,1378
2403015,1378
2403016,1378
2403017,1378
2403018,1378
2403019,1356
2403020,1356
2403021,1356
2403022,1356
2403023,1356
2403024,1356
2403025,1356
2403026,1225
2403042,1274
2403043,1274
2403044,1274
2403045,1274
2403046,1274
2403047,1274
2403048,1274
2403049,1308
2403050,1308
2403051,1308
2403052,1308
2403053,1308
2403054,1308
2403055,1308
2403056,1293
2403057,1293
2403058,1293
2403059,1293
2403060,1293
2403061,1293
2403062,1293
2403063,1293
2403064,1359
2403065,1359
2403067,1359
2403068,1359
2403069,1359
2403070,1359
2403071,1356
2403072,1356
2403073,1356
2403074,1356
2403076,1356
2403077,1356
2403078,1356
2403079,1355
2403080,1355
2403081,1355
2403082,1355
2403083,1355
2403084,1355
2403085,1355
2403086,1268
2403087,1268
2403088,1268
2403166,1353
2403167,1353
2403168,1353
2403174,1167
2403175,1167
2406971,1298
2406996,1685
2406997,1685
2406998,1685
2406999,1685
2407000,1685
2407001,1623
2407002,1623
2407003,1623
2407004,1623
2407005,1623
2407155,1380
2407156,1380
2407159,1523
2407160,1523
2407161,1523
2407162,1523
2407163,1523
2407165,1523
2407166,1581
2407167,1581
2407168,1581
2407172,1581
2407173,1581
2407174,1582
2407175,1582
2407176,1582
2407177,1582
2407178,1582
2407179,1582
2407180,1582
2407181,1594
2407182,1594
2407183,1594
2407184,1594
2407185,1491
2407191,1502
2407192,1608
2407193,1608
2407194,1608
2407195,1608
2407196,1618
2407197,1618
2407198,1618
2407199,1618
2407200,1618
2407201,1618
2407202,1618
2407203,1618
2407204,1632
2407205,1632
2407206,1632
2407207,1632
2407208,1632
2407209,1632
2407210,1632
2407211,1610
2407212,1610
2407213,1610
2407214,1610
2407215,1610
2407216,1610
2407217,1610
2407218,1610
2407219,1601
2407220,1601
2407221,1601
2407222,1601
2407223,1601
2407224,1601
2407225,1601
2407226,1573
2407227,1573
2407228,1573
2407229,1573
2407230,1573
2407231,1573
2407232,1573
2407233,1573
2407234,1533
2407235,1533
2407236,1533
2407237,1533
2407238,1533
2407239,1533
2407240,1533
2407241,1497
2407242,1497
2407243,1530
2407244,1530
2407245,1530
2407246,1530
2407247,1530
2407248,1530
2407249,1481
2407250,1481
2407251,1481
2407252,1481
2407253,1481
2407254,1481
2407255,1481
2407256,1491
2407257,1491
2407258,1491
2407259,1491
2407260,1491
2407261,1491
2407262,1491
2407263,1491
2407264,1510
2407265,1510
2407266,1510
2407267,1510
2407268,1510
2407269,1510
2407270,1510
2407271,1460
2407272,1460
2407273,1460
2407274,1460
2407275,1460
2407276,1460
2407277,1460
2407278,1460
2407279,1406
2407280,1406
2407281,1406
2407282,1406
2407283,1406
2407284,1406
2407285,1406
2407286,1357
2407287,1357
2407288,1357
2407289,1357
2407290,1357
2407291,1357
2407292,1357
2407293,1357
2407294,1364
2407295,1364
2407296,1364
2407297,1364
2407298,1364
2407299,1364
2407300,1364
2407301,1401
2407302,1401
2407303,1401
2407304,1401
2407305,1401
2407306,1401
2407307,1401
2407308,1401
2407309,1368
2407310,1368
2407311,1368
2407312,1368
2407313,1368
2407314,1368
2407315,1368
2407316,1368
2407317,1368
2407318,1368
2407319,1368
2407320,1368
2407321,1368
2407322,1368
2407323,1368
2407324,1392
2407325,1392
2407326,1392
2407327,1392
2407328,1392
2407329,1392
2407330,1392
2407331,1378
2407332,1378
2407333,1378
2407334,1378
2407335,1378
2407336,1378
2407337,1378
2407338,1378
2407339,1356
2407340,1356
2407341,1356
2407342,1356
2407343,1356
2407344,1356
2407345,1356
2407362,1274
2407363,1274
2407364,1274
2407365,1274
2407366,1274
2407367,1274
2407368,1274
2407369,1308
2407370,1308
2407371,1308
2407372,1308
2407373,1308
2407374,1308
2407375,1308
2407376,1293
2407377,1293
2407378,1293
2407379,1293
2407380,1293
2407381,1293
2407382,1293
2407383,1293
2407384,1359
2407385,1359
2407386,1359
2407387,1359
2407388,1359
2407389,1359
2407390,1359
2407391,1356
2407392,1356
2407393,1356
2407394,1356
2407395,1356
2407396,1356
2407397,1356
2407398,1356
2407399,1355
2407400,1355
2407401,1355
2407402,1355
2407403,1355
2407404,1355
2407405,1355
2407406,1268
2407407,1268
2407408,1268
2407485,1353
2407486,1353
2407487,1353
2407488,1353
2407489,1167
2407494,1167
2407495,1167
2407496,1000
2407520,1105
2411318,1685
2411319,1685
2411320,1685
2411321,1623
2411322,1623
2411323,1623
2411324,1623
2411325,1623
2411332,1274
2411333,1274
2411485,1523
2411486,1581
2411487,1581
2411488,1581
2411489,1581
2411490,1581
2411491,1581
2411492,1581
2411493,1581
2411494,1582
2411495,1582
2411496,1582
2411497,1582
2411498,1582
2411499,1582
2411500,1582
2411501,1594
2411502,1594
2411503,1594
2411504,1594
2411505,1491
2411506,1491
2411507,1491
2411508,1594
2411510,1608
2411511,1608
2411512,1608
2411513,1608
2411514,1608
2411515,1608
2411516,1510
2411517,1618
2411518,1618
2411519,1618
2411520,1618
2411521,1618
2411522,1618
2411523,1618
2411524,1632
2411525,1632
2411526,1632
2411527,1632
2411528,1632
2411529,1632
2411530,1632
2411531,1610
2411532,1610
2411533,1610
2411534,1610
2411535,1610
2411536,1610
2411537,1610
2411538,1610
2411539,1601
2411540,1601
2411541,1601
2411542,1601
2411543,1601
2411544,1601
2411545,1601
2411546,1573
2411547,1573
2411548,1573
2411549,1573
2411550,1573
2411551,1464
2411552,1464
2411553,1464
2411554,1427
2411555,1427
2411556,1427
2411557,1533
2411558,1533
2411559,1533
2411560,1533
2411561,1556
2411562,1556
2411563,1556
2411564,1556
2411565,1556
2411566,1556
2411567,1556
2411568,1556
2411569,1506
2411570,1506
2411571,1506
2411572,1506
2411573,1506
2411574,1506
2411575,1506
2411576,1517
2411577,1517
2411578,1517
2411579,1517
2411580,1517
2411581,1517
2411582,1517
2411583,1517
2411584,1537
2411585,1537
2411586,1537
2411587,1537
2411588,1537
2411589,1537
2411590,1537
2411591,1485
2411592,1485
2411593,1485
2411594,1485
2411595,1485
2411596,1485
2411597,1485
2411598,1485
2411599,1430
2411600,1430
2411601,1430
2411602,1430
2411603,1430
2411604,1430
2411605,1430
2411606,1380
2411607,1380
2411608,1380
2411609,1380
2411610,1380
2411611,1380
2411612,1380
2411613,1380
2411614,1386
2411615,1386
2411616,1386
2411617,1386
2411618,1386
2411619,1386
2411620,1386
2411621,1424
2411622,1424
2411623,1424
2411624,1424
2411625,1401
2411626,1401
2411627,1401
2411628,1401
2411629,1368
2411630,1368
2411631,1368
2411632,1368
2411633,1368
2411634,1368
2411635,1368
2411636,1368
2411637,1368
2411638,1368
2411639,1368
2411640,1368
2411641,1368
2411642,1368
2411643,1368
2411644,1392
2411645,1392
2411646,1392
2411647,1392
2411648,1392
2411649,1392
2411650,1392
2411651,1378
2411652,1378
2411653,1378
2411654,1378
2411655,1378
2411656,1378
2411657,1378
2411658,1378
2411659,1356
2411660,1356
2411661,1356
2411662,1356
2411663,1356
2411664,1356
2411665,1356
2411683,1274
2411684,1274
2411686,1274
2411687,1274
2411688,1274
2411689,1308
2411690,1308
2411691,1308
2411692,1308
2411693,1308
2411694,1308
2411695,1308
2411696,1293
2411697,1293
2411698,1293
2411699,1293
2411700,1293
2411701,1293
2411702,1293
2411703,1293
2411704,1359
2411705,1359
2411706,1359
2411707,1359
2411708,1359
2411709,1359
2411710,1359
2411711,1356
2411712,1356
2411713,1356
2411714,1356
2411715,1356
2411716,1356
2411717,1356
2411718,1356
2411719,1355
2411720,1355
2411721,1355
2411722,1355
2411723,1355
2411724,1355
2411725,1355
2411726,1268
2411727,1268
2411728,1268
2411803,1353
2411804,1353
2411805,1353
2411806,1353
2411808,1353
2411809,1167
2411810,1167
2411815,1167
2411816,1000
2411837,1145
2411838,1145
2411839,1105
2411840,1105
2415639,1685
2415640,1685
2415641,1623
2415642,1623
2415643,1623
2415644,1623
2415645,1623
2415647,1623
2415648,1623
2415655,1274
2415795,1294
2415809,1581
2415810,1581
2415811,1581
2415812,1581
2415813,1581
2415814,1582
2415816,1479
2415817,1479
2415818,1479
2415819,1479
2415820,1479
2415821,1594
2415822,1491
2415823,1491
2415824,1594
2415825,1594
2415826,1491
2415827,1491
2415828,1594
2415829,1608
2415830,1608
2415831,1608
2415832,1608
2415833,1608
2415834,1608
2415835,1608
2415836,1618
2415837,1618
2415838,1618
2415839,1618
2415840,1618
2415841,1618
2415842,1618
2415843,1618
2415844,1632
2415845,1632
2415846,1632
2415847,1632
2415848,1632
2415849,1632
2415850,1632
2415851,1610
2415852,1610
2415853,1610
2415854,1610
2415855,1610
2415856,1610
2415857,1610
2415858,1610
2415859,1601
2415860,1601
2415861,1601
2415862,1601
2415863,1601
2415864,1601
2415865,1601
2415866,1573
2415867,1573
2415868,1573
2415869,1573
2415870,1573
2415871,1464
2415872,1464
2415873,1464
2415874,1427
2415875,1427
2415876,1427
2415877,1533
2415878,1533
2415879,1533
2415880,1533
2415881,1497
2415882,1556
2415883,1556
2415884,1556
2415885,1556
2415886,1556
2415887,1556
2415888,1556
2415889,1506
2415890,1506
2415891,1506
2415892,1506
2415893,1506
2415894,1506
2415895,1506
2415896,1517
2415897,1517
2415898,1517
2415899,1517
2415900,1517
2415901,1517
2415902,1517
2415903,1517
2415904,1537
2415905,1537
2415906,1537
2415907,1537
2415908,1537
2415909,1537
2415910,1537
2415911,1485
2415912,1485
2415913,1485
2415914,1485
2415915,1485
2415916,1485
2415917,1485
2415918,1485
2415919,1430
2415920,1430
2415921,1430
2415922,1430
2415923,1430
2415924,1430
2415925,1430
2415926,1380
2415927,1380
2415928,1380
2415929,1380
2415930,1380
2415931,1380
2415932,1380
2415933,1380
2415934,1386
2415935,1386
2415936,1386
2415937,1386
2415938,1386
2415939,1386
2415940,1386
2415941,1424
2415942,1424
2415943,1424
2415944,1424
2415945,1424
2415946,1401
2415947,1401
2415948,1401
2415949,1368
2415950,1368
2415951,1368
2415952,1368
2415953,1368
2415954,1368
2415955,1368
2415956,1368
2415957,1368
2415958,1368
2415959,1368
2415960,1368
2415961,1368
2415962,1368
2415963,1368
2415964,1392
2415965,1392
2415966,1392
2415967,1392
2415968,1392
2415969,1392
2415970,1392
2415971,1378
2415972,1378
2415973,1378
2415974,1378
2415975,1378
2415976,1378
2415977,1378
2415978,1378
2415979,1356
2415980,1356
2415981,1356
2415982,1356
2415983,1356
2415984,1356
2415985,1356
2416003,1274
2416004,1274
2416006,1274
2416007,1274
2416008,1274
2416009,1308
2416010,1308
2416011,1308
2416012,1308
2416013,1308
2416014,1308
2416015,1308
2416016,1293
2416017,1293
2416018,1293
2416019,1293
2416020,1293
2416021,1293
2416022,1293
2416023,1293
2416024,1359
2416025,1359
2416026,1359
2416027,1359
2416028,1359
2416029,1359
2416030,1359
2416031,1356
2416032,1356
2416033,1356
2416034,1356
2416035,1356
2416036,1356
2416037,1356
2416038,1356
2416039,1355
2416040,1355
2416041,1355
2416042,1355
2416043,1355
2416044,1355
2416045,1355
2416046,1268
2416047,1268
2416048,1268
2416049,1268
2416099,1279
2416102,1279
2416120,1299
2416121,1353
2416122,1353
2416123,1353
2416124,1353
2416125,1353
2416126,1353
2416129,1167
2416130,1167
2416131,1167
2416132,1167
2416133,1167
2416134,1167
2416135,1167
2416136,1000
2416137,1000
2416138,1000
2416157,1145
2416158,1145
2416159,1105
2416160,1105
2419961,1623
2419962,1623
2419963,1623
2419966,1623
2419967,1623
2419968,1623
2419969,1274
2419978,909
2420056,1102
2420124,1523
2420125,1523
2420126,1581
2420127,1581
2420130,1581
2420131,1581
2420132,1581
2420133,1581
2420134,1582
2420135,1479
2420136,1479
2420137,1479
2420138,1479
2420139,1479
2420140,1479
2420141,1491
2420142,1594
2420143,1594
2420144,1594
2420145,1594
2420146,1594
2420147,1594
2420148,1594
2420150,1608
2420151,1608
2420152,1608
2420153,1608
2420154,1608
2420155,1608
2420156,1618
2420157,1618
2420158,1618
2420159,1618
2420160,1618
2420161,1618
2420162,1618
2420163,1618
2420164,1632
2420165,1632
2420166,1632
2420167,1632
2420168,1632
2420169,1632
2420170,1632
2420171,1610
2420172,1610
2420173,1610
2420174,1610
2420175,1610
2420176,1610
2420177,1610
2420178,1610
2420179,1601
2420180,1601
2420181,1601
2420182,1601
2420183,1601
2420184,1601
2420185,1601
2420186,1573
2420187,1573
2420188,1573
2420189,1573
2420190,1573
2420191,1464
2420192,1464
2420193,1464
2420194,1427
2420195,1427
2420196,1427
2420197,1533
2420198,1533
2420199,1533
2420200,1533
2420201,1556
2420202,1556
2420203,1556
2420204,1556
2420205,1556
2420206,1556
2420207,1556
2420208,1556
2420209,1506
2420210,1506
2420211,1506
2420212,1506
2420213,1506
2420214,1506
2420215,1506
2420216,1517
2420217,1517
2420218,1517
2420219,1517
2420220,1517
2420221,1517
2420222,1517
2420223,1517
2420224,1537
2420225,1537
2420226,1537
2420227,1537
2420228,1537
2420229,1537
2420230,1537
2420231,1485
2420232,1485
2420233,1485
2420234,1485
2420235,1485
2420236,1485
2420237,1485
2420238,1485
2420239,1430
2420240,1430
2420241,1430
2420242,1430
2420243,1430
2420244,1430
2420245,1430
2420246,1380
2420247,1380
2420248,1380
2420249,1380
2420250,1380
2420251,1380
2420252,1380
2420253,1380
2420254,1386
2420255,1386
2420256,1386
2420257,1386
2420258,1386
2420259,1386
2420260,1386
2420261,1424
2420262,1424
2420263,1424
2420264,1424
2420265,1424
2420266,1424
2420267,1401
2420268,1401
2420269,1368
2420270,1368
2420271,1368
2420272,1368
2420273,1368
2420274,1368
2420275,1368
2420276,1368
2420277,1368
2420278,1368
2420279,1368
2420280,1368
2420281,1368
2420282,1368
2420283,1368
2420284,1392
2420285,1392
2420286,1392
2420287,1392
2420288,1392
2420289,1392
2420290,1392
2420291,1378
2420292,1378
2420293,1378
2420294,1378
2420295,1378
2420296,1378
2420297,1378
2420298,1378
2420299,1356
2420300,1356
2420301,1356
2420302,1356
2420303,1356
2420304,1356
2420326,1274
2420327,1274
2420328,1274
2420329,1308
2420330,1308
2420331,1308
2420332,1308
2420333,1308
2420334,1308
2420335,1308
2420336,1293
2420337,1293
2420338,1293
2420339,1293
2420340,1293
2420341,1293
2420342,1293
2420343,1293
2420344,1359
2420345,1359
2420346,1359
2420347,1359
2420348,1359
2420349,1359
2420350,1359
2420351,1356
2420352,1356
2420353,1356
2420354,1356
2420355,1356
2420356,1356
2420357,1356
2420358,1356
2420359,1355
2420360,1355
2420361,1355
2420362,1355
2420363,1355
2420364,1355
2420365,1355
2420366,1268
2420367,1268
2420368,1268
2420369,1268
2420413,1263
2420414,1263
2420415,1263
2420416,1263
2420417,1263
2420418,1263
2420419,1279
2420420,1279
2420421,1279
2420422,1279
2420423,1279
2420424,1279
2420425,1279
2420426,1311
2420427,1311
2420437,1299
2420438,1299
2420439,1299
2420440,1299
2420441,1353
2420442,1353
2420443,1353
2420444,1353
2420445,1353
2420446,1353
2420447,1353
2420450,1167
2420451,1167
2420452,1167
2420453,1167
2420454,1167
2420455,1167
2420456,1000
2420457,1000
2420458,1000
2420476,1145
2420477,1145
2420478,1145
2420479,1105
2420480,1105
2424282,1646
2424283,1646
2424284,1646
2424285,1646
2424287,1646
2424288,1646
2424289,1731
2424298,1662
2424375,1153
2424376,1153
2424377,1153
2424379,1296
2424444,1551
2424445,1551
2424446,1518
2424447,1518
2424451,1518
2424452,1518
2424453,1518
2424454,1495
2424455,1495
2424456,1495
2424457,1400
2424458,1495
2424459,1495
2424460,1495
2424461,1537
2424462,1440
2424463,1537
2424464,1537
2424465,1537
2424470,1561
2424471,1561
2424472,1561
2424473,1561
2424474,1561
2424475,1561
2424476,1574
2424477,1574
2424478,1574
2424479,1574
2424480,1574
2424481,1574
2424482,1574
2424483,1574
2424484,1591
2424485,1591
2424486,1591
2424487,1591
2424488,1591
2424489,1591
2424490,1591
2424491,1642
2424492,1642
2424493,1642
2424494,1642
2424495,1642
2424496,1642
2424497,1642
2424498,1642
2424499,1646
2424500,1646
2424501,1646
2424502,1646
2424503,1646
2424504,1646
2424505,1646
2424506,1636
2424507,1636
2424508,1636
2424509,1636
2424510,1636
2424511,1524
2424512,1524
2424513,1524
2424514,1497
2424515,1497
2424516,1497
2424517,1610
2424518,1610
2424519,1610
2424520,1610
2424521,1563
2424522,1626
2424523,1626
2424524,1626
2424525,1626
2424526,1626
2424527,1626
2424528,1626
2424529,1586
2424530,1586
2424531,1586
2424532,1586
2424533,1586
2424534,1586
2424535,1586
2424536,1584
2424537,1584
2424538,1584
2424539,1584
2424540,1584
2424541,1584
2424542,1584
2424543,1584
2424544,1584
2424545,1584
2424546,1584
2424547,1584
2424548,1584
2424549,1584
2424550,1584
2424551,1521
2424552,1521
2424553,1521
2424554,1521
2424555,1521
2424556,1521
2424557,1521
2424558,1521
2424559,1480
2424560,1480
2424561,1480
2424562,1480
2424563,1480
2424564,1480
2424565,1480
2424566,1468
2424567,1468
2424568,1468
2424569,1468
2424570,1468
2424571,1468
2424572,1468
2424573,1468
2424574,1438
2424575,1438
2424576,1438
2424577,1438
2424578,1438
2424579,1438
2424580,1438
2424581,1458
2424582,1458
2424583,1458
2424584,1458
2424585,1458
2424586,1458
2424587,1434
2424588,1434
2424589,1434
2424590,1434
2424591,1434
2424592,1434
2424593,1434
2424594,1434
2424595,1434
2424596,1409
2424598,1409
2424599,1409
2424600,1409
2424601,1409
2424602,1409
2424603,1409
2424604,1421
2424605,1421
2424606,1421
2424607,1421
2424608,1421
2424609,1421
2424610,1421
2424611,1444
2424612,1444
2424613,1444
2424614,1444
2424615,1444
2424616,1444
2424617,1444
2424618,1444
2424619,1435
2424620,1435
2424621,1435
2424622,1435
2424623,1435
2424624,1435
2424646,1303
2424647,1303
2424648,1303
2424649,1393
2424650,1393
2424651,1393
2424652,1393
2424653,1393
2424654,1393
2424655,1393
2424656,1375
2424657,1375
2424658,1375
2424659,1375
2424660,1375
2424661,1375
2424662,1375
2424663,1375
2424664,1394
2424665,1394
2424666,1394
2424667,1394
2424668,1394
2424669,1394
2424670,1394
2424671,1390
2424672,1390
2424673,1390
2424674,1390
2424675,1390
2424676,1390
2424677,1390
2424678,1390
2424679,1371
2424680,1371
2424681,1371
2424682,1371
2424683,1371
2424684,1371
2424685,1371
2424686,1398
2424687,1398
2424688,1398
2424689,1398
2424731,1455
2424732,1455
2424733,1455
2424734,1455
2424735,1455
2424736,1455
2424737,1455
2424738,1455
2424739,1439
2424740,1439
2424741,1439
2424742,1439
2424743,1439
2424744,1439
2424745,1439
2424746,1455
2424747,1455
2424750,1455
2424751,1455
2424752,1455
2424753,1455
2424754,1511
2424755,1511
2424756,1511
2424757,1511
2424758,1511
2424759,1511
2424760,1511
2424761,1443
2424762,1443
2424763,1443
2424764,1443
2424765,1443
2424767,1443
2424769,1245
2424770,1245
2424771,1245
2424772,1245
2424773,1245
2424774,1245
2424775,1245
2424776,1115
2424777,1115
2424778,1115
2424779,1115
2424780,1115
2424781,1115
2424795,1332
2424796,1332
2424797,1332
2424798,1332
2424799,1092
2424800,1092
2428604,1646
2428605,1646
2428606,1646
2428607,1646
2428611,1731
2428612,1731
2428625,1556
2428626,1556
2428627,1556
2428628,1556
2428630,1556
2428631,1505
2428697,1153
2428699,1296
2428760,1551
2428764,1551
2428765,1551
2428766,1518
2428767,1518
2428768,1518
2428769,1518
2428770,1518
2428771,1518
2428772,1518
2428773,1518
2428774,1495
2428775,1400
2428776,1400
2428777,1400
2428778,1495
2428779,1495
2428780,1495
2428781,1440
2428782,1537
2428783,1537
2428784,1537
2428785,1537
2428786,1537
2428788,1537
2428789,1561
2428790,1561
2428791,1561
2428792,1561
2428793,1561
2428794,1561
2428795,1561
2428796,1574
2428797,1574
2428798,1574
2428799,1574
2428800,1574
2428801,1574
2428802,1574
2428803,1574
2428804,1591
2428805,1591
2428806,1591
2428807,1591
2428808,1591
2428809,1591
2428810,1591
2428811,1642
2428812,1642
2428813,1642
2428814,1642
2428815,1642
2428816,1642
2428817,1642
2428818,1642
2428819,1646
2428820,1646
2428821,1646
2428822,1646
2428823,1646
2428824,1646
2428825,1646
2428826,1636
2428827,1636
2428828,1636
2428829,1524
2428830,1636
2428831,1636
2428832,1636
2428833,1636
2428834,1497
2428835,1497
2428836,1497
2428837,1610
2428838,1610
2428839,1610
2428840,1610
2428841,1563
2428842,1563
2428843,1626
2428844,1626
2428845,1626
2428846,1626
2428847,1626
2428848,1626
2428849,1586
2428850,1586
2428851,1586
2428852,1586
2428853,1586
2428854,1586
2428855,1586
2428856,1584
2428857,1584
2428858,1584
2428859,1584
2428860,1584
2428861,1584
2428862,1584
2428863,1584
2428864,1584
2428865,1584
2428866,1584
2428867,1584
2428868,1584
2428869,1584
2428870,1584
2428871,1521
2428872,1521
2428873,1521
2428874,1521
2428875,1521
2428876,1521
2428877,1521
2428878,1521
2428879,1480
2428880,1480
2428881,1480
2428882,1480
2428883,1480
2428884,1480
2428885,1480
2428886,1468
2428887,1468
2428888,1468
2428889,1468
2428890,1468
2428891,1468
2428892,1468
2428893,1468
2428894,1438
2428895,1438
2428896,1438
2428897,1438
2428898,1438
2428899,1438
2428900,1438
2428901,1458
2428902,1458
2428903,1458
2428904,1458
2428905,1458
2428906,1434
2428907,1434
2428908,1434
2428909,1434
2428910,1434
2428911,1434
2428912,1434
2428913,1434
2428914,1434
2428915,1434
2428916,1409
2428917,1409
2428918,1409
2428919,1409
2428920,1409
2428921,1409
2428922,1409
2428923,1409
2428924,1421
2428925,1421
2428926,1421
2428927,1421
2428928,1421
2428929,1421
2428930,1421
2428931,1444
2428932,1330
2428933,1330
2428934,1330
2428935,1330
2428936,1330
2428937,1330
2428938,1444
2428939,1435
2428940,1435
2428941,1435
2428942,1435
2428966,1303
2428967,1303
2428968,1303
2428969,1393
2428970,1393
2428971,1393
2428972,1393
2428973,1393
2428974,1393
2428975,1393
2428976,1375
2428977,1375
2428978,1375
2428979,1375
2428980,1375
2428981,1375
2428982,1375
2428983,1375
2428984,1394
2428985,1394
2428986,1394
2428987,1394
2428988,1394
2428989,1394
2428990,1394
2428991,1390
2428992,1390
2428993,1390
2428994,1390
2428995,1390
2428996,1390
2428997,1390
2428998,1390
2428999,1371
2429000,1371
2429001,1371
2429002,1371
2429003,1371
2429004,1371
2429005,1371
2429006,1398
2429007,1398
2429008,1398
2429009,1398
2429051,1455
2429052,1455
2429053,1455
2429054,1455
2429055,1455
2429056,1455
2429057,1455
2429058,1455
2429059,1439
2429060,1439
2429061,1439
2429062,1439
2429063,1439
2429064,1439
2429065,1439
2429066,1455
2429067,1455
2429068,1455
2429069,1455
2429070,1455
2429071,1455
2429072,1455
2429073,1455
2429074,1511
2429075,1511
2429076,1511
2429077,1511
2429078,1511
2429079,1511
2429080,1511
2429081,1443
2429082,1443
2429083,1443
2429084,1443
2429085,1443
2429087,1443
2429088,1443
2429089,1245
2429090,1245
2429091,1245
2429092,1245
2429093,1245
2429094,1245
2429095,1245
2429096,1115
2429097,1115
2429098,1115
2429099,1115
2429100,1115
2429101,1115
2429102,1115
2429103,1115
2429109,1191
2429115,1332
2429116,1332
2429117,1332
2429118,1332
2429119,1092
2429120,1092
2432925,1646
2432926,1646
2432927,1646
2432928,1646
2432929,1731
2432930,1731
2432931,1731
2432932,1731
2432933,1731
2432934,1731
2432935,1731
2432936,1662
2432937,1662
2432944,1556
2432945,1556
2432946,1556
2432947,1556
2432948,1556
2432987,812
2433019,1296
2433084,1551
2433085,1551
2433086,1518
2433087,1518
2433088,1518
2433089,1518
2433090,1518
2433091,1518
2433092,1518
2433093,1518
2433094,1495
2433098,1495
2433099,1495
2433100,1495
2433102,1537
2433103,1537
2433104,1537
2433108,1537
2433109,1561
2433110,1561
2433111,1561
2433112,1561
2433113,1561
2433114,1561
2433115,1561
2433116,1574
2433117,1574
2433118,1574
2433119,1574
2433120,1574
2433121,1574
2433122,1574
2433123,1574
2433124,1591
2433125,1591
2433126,1591
2433127,1591
2433128,1591
2433129,1591
2433130,1591
2433131,1642
2433132,1642
2433133,1642
2433134,1642
2433135,1642
2433136,1642
2433137,1642
2433138,1642
2433139,1646
2433140,1646
2433141,1646
2433142,1646
2433143,1646
2433144,1646
2433145,1646
2433146,1636
2433147,1636
2433148,1636
2433149,1636
2433150,1524
2433151,1636
2433152,1636
2433153,1636
2433154,1497
2433155,1497
2433156,1497
2433157,1497
2433158,1610
2433159,1610
2433160,1610
2433161,1563
2433162,1626
2433163,1626
2433164,1626
2433165,1626
2433166,1626
2433167,1626
2433168,1626
2433169,1586
2433170,1586
2433171,1586
2433172,1586
2433173,1586
2433174,1586
2433175,1586
2433176,1584
2433177,1584
2433178,1584
2433179,1584
2433180,1584
2433181,1584
2433182,1584
2433183,1584
2433184,1584
2433185,1584
2433186,1584
2433187,1584
2433188,1584
2433189,1584
2433190,1584
2433191,1521
2433192,1521
2433193,1521
2433194,1521
2433195,1521
2433196,1521
2433197,1521
2433198,1521
2433199,1480
2433200,1480
2433201,1480
2433202,1480
2433203,1480
2433204,1480
2433205,1480
2433206,1468
2433207,1468
2433208,1468
2433209,1468
2433210,1468
2433211,1468
2433212,1468
2433213,1468
2433214,1438
2433215,1438
2433216,1438
2433217,1438
2433218,1438
2433219,1438
2433220,1438
2433221,1458
2433222,1458
2433223,1458
2433224,1458
2433225,1458
2433226,1434
2433227,1434
2433228,1434
2433229,1434
2433230,1434
2433231,1434
2433232,1434
2433233,1434
2433234,1434
2433235,1434
2433236,1409
2433237,1409
2433238,1409
2433239,1409
2433240,1409
2433241,1409
2433242,1409
2433243,1409
2433244,1421
2433245,1421
2433246,1421
2433247,1421
2433248,1421
2433249,1421
2433250,1421
2433251,1444
2433252,1330
2433253,1330
2433254,1330
2433255,1330
2433256,1330
2433257,1330
2433258,1444
2433259,1435
2433260,1435
2433261,1435
2433262,1435
2433285,1303
2433286,1303
2433287,1303
2433288,1303
2433289,1393
2433290,1393
2433291,1393
2433292,1393
2433293,1393
2433294,1393
2433295,1393
2433296,1375
2433297,1375
2433298,1375
2433299,1375
2433300,1375
2433301,1375
2433302,1375
2433303,1375
2433304,1394
2433305,1394
2433306,1394
2433307,1394
2433308,1394
2433309,1394
2433310,1394
2433311,1390
2433312,1390
2433313,1390
2433314,1390
2433315,1390
2433316,1390
2433317,1390
2433318,1390
2433319,1371
2433320,1371
2433321,1371
2433322,1371
2433323,1371
2433324,1371
2433325,1371
2433326,1398
2433327,1398
2433328,1398
2433329,1398
2433330,1398
2433372,1455
2433373,1455
2433374,1455
2433375,1455
2433376,1455
2433377,1455
2433378,1455
2433379,1439
2433380,1439
2433381,1439
2433382,1439
2433383,1439
2433384,1439
2433385,1439
2433386,1455
2433387,1455
2433388,1455
2433389,1455
2433390,1455
2433391,1455
2433392,1455
2433393,1455
2433394,1511
2433395,1511
2433396,1511
2433397,1511
2433398,1511
2433399,1511
2433400,1511
2433401,1443
2433402,1443
2433403,1443
2433404,1443
2433405,1443
2433406,1443
2433407,1443
2433408,1443
2433409,1245
2433410,1245
2433411,1245
2433412,1245
2433413,1245
2433414,1245
2433415,1245
2433416,1115
2433417,1115
2433418,1115
2433419,1115
2433420,1115
2433421,1115
2433422,1115
2433423,1115
2433424,1191
2433425,1191
2433426,1191
2433427,1191
2433428,1191
2433429,1191
2433430,1191
2433431,1332
2433435,1332
2433436,1332
2433437,1332
2433438,1332
2433439,1092
2433440,1092
2437246,1646
2437247,1646
2437248,1646
2437249,1731
2437250,1731
2437251,1731
2437252,1731
2437253,1731
2437254,1731
2437255,1731
2437256,1662
2437257,1662
2437258,1662
2437262,1662
2437263,1662
2437264,1556
2437265,1556
2437266,1556
2437267,1556
2437268,1556
2437269,1556
2437270,1556
2437271,1505
2437272,1505
2437273,1505
2437274,1505
2437334,1153
2437398,1573
2437399,1640
2437400,1640
2437401,1640
2437402,1640
2437403,1640
2437404,1640
2437405,1640
2437406,1600
2437407,1600
2437408,1600
2437409,1600
2437410,1600
2437411,1600
2437412,1600
2437413,1600
2437414,1575
2437422,1620
2437423,1620
2437424,1620
2437425,1620
2437426,1620
2437427,1620
2437428,1620
2437429,1646
2437430,1646
2437431,1646
2437432,1646
2437433,1646
2437434,1646
2437435,1646
2437436,1662
2437437,1662
2437438,1662
2437439,1662
2437440,1662
2437441,1662
2437442,1662
2437443,1662
2437444,1680
2437445,1680
2437446,1680
2437447,1680
2437448,1680
2437449,1680
2437450,1680
2437451,1735
2437452,1735
2437453,1735
2437454,1735
2437455,1735
2437456,1735
2437457,1735
2437458,1642
2437459,1646
2437460,1646
2437461,1646
2437462,1646
2437463,1646
2437464,1646
2437465,1646
2437466,1636
2437467,1636
2437468,1636
2437469,1636
2437470,1524
2437471,1524
2437472,1636
2437473,1636
2437474,1497
2437475,1497
2437476,1497
2437477,1497
2437478,1610
2437479,1610
2437480,1610
2437481,1563
2437482,1626
2437483,1626
2437484,1626
2437485,1626
2437486,1626
2437487,1626
2437488,1626
2437489,1586
2437490,1586
2437491,1586
2437492,1586
2437493,1586
2437494,1586
2437495,1586
2437496,1584
2437497,1584
2437498,1584
2437499,1584
2437500,1584
2437501,1584
2437502,1584
2437503,1584
2437504,1584
2437505,1584
2437506,1584
2437507,1584
2437508,1584
2437509,1584
2437510,1584
2437511,1521
2437512,1521
2437513,1521
2437514,1521
2437515,1521
2437516,1521
2437517,1521
2437518,1521
2437519,1480
2437520,1480
2437521,1480
2437522,1480
2437523,1480
2437524,1480
2437525,1480
2437526,1468
2437527,1468
2437528,1468
2437529,1468
2437530,1468
2437531,1468
2437532,1468
2437533,1468
2437534,1438
2437535,1438
2437536,1438
2437537,1438
2437538,1438
2437539,1438
2437540,1438
2437541,1458
2437542,1458
2437543,1458
2437544,1458
2437545,1458
2437546,1434
2437547,1434
2437548,1434
2437549,1434
2437550,1434
2437551,1434
2437552,1434
2437553,1434
2437554,1434
2437555,1434
2437556,1409
2437557,1409
2437558,1409
2437559,1409
2437560,1409
2437561,1409
2437562,1409
2437563,1409
2437564,1421
2437565,1421
2437566,1421
2437567,1421
2437568,1421
2437569,1421
2437570,1421
2437571,1444
2437572,1330
2437573,1330
2437574,1330
2437575,1330
2437576,1330
2437578,1444
2437579,1435
2437580,1435
2437581,1435
2437582,1435
2437583,1435
2437584,1332
2437605,1303
2437606,1303
2437607,1303
2437608,1303
2437609,1393
2437610,1393
2437611,1393
2437613,1393
2437614,1393
2437615,1393
2437616,1375
2437617,1375
2437618,1375
2437619,1375
2437620,1375
2437621,1375
2437622,1375
2437623,1375
2437624,1394
2437625,1394
2437626,1394
2437627,1394
2437628,1394
2437629,1394
2437630,1394
2437631,1390
2437632,1390
2437633,1390
2437634,1390
2437635,1390
2437636,1390
2437637,1390
2437638,1390
2437639,1371
2437640,1371
2437641,1371
2437642,1371
2437643,1371
2437644,1371
2437645,1371
2437646,1398
2437647,1398
2437648,1398
2437649,1398
2437650,1398
2437696,1455
2437697,1455
2437698,1455
2437699,1439
2437700,1439
2437701,1439
2437702,1439
2437703,1439
2437704,1439
2437705,1439
2437706,1455
2437707,1455
2437708,1455
2437709,1455
2437710,1455
2437711,1455
2437712,1455
2437713,1455
2437714,1511
2437715,1511
2437716,1511
2437717,1511
2437718,1511
2437719,1511
2437720,1511
2437721,1443
2437722,1443
2437723,1443
2437724,1443
2437725,1443
2437726,1443
2437727,1443
2437728,1443
2437729,1245
2437730,1245
2437731,1245
2437732,1245
2437733,1245
2437734,1245
2437735,1245
2437736,1115
2437737,1115
2437738,1115
2437739,1115
2437740,1115
2437741,1115
2437742,1115
2437743,1115
2437744,1191
2437745,1191
2437746,1191
2437747,1191
2437748,1191
2437749,1191
2437750,1191
2437751,1332
2437752,1332
2437755,1332
2437756,1332
2437757,1332
2437758,1332
2437759,1092
2437760,1092
2441566,1646
2441567,1646
2441568,1646
2441569,1731
2441570,1731
2441571,1731
2441572,1731
2441573,1731
2441575,1731
2441576,1662
2441577,1662
2441578,1662
2441581,1662
2441582,1662
2441583,1662
2441584,1556
2441585,1556
2441586,1556
2441587,1556
2441588,1556
2441589,1556
2441590,1556
2441591,1505
2441592,1505
2441593,1505
2441594,1505
2441628,812
2441654,1153
2441718,1573
2441719,1640
2441720,1640
2441721,1640
2441722,1640
2441723,1640
2441724,1640
2441725,1640
2441726,1600
2441727,1600
2441728,1600
2441729,1600
2441730,1600
2441731,1600
2441732,1600
2441733,1600
2441734,1575
2441742,1620
2441743,1620
2441744,1620
2441745,1620
2441746,1620
2441747,1620
2441748,1620
2441749,1646
2441750,1646
2441751,1646
2441752,1646
2441753,1646
2441754,1646
2441755,1646
2441756,1662
2441757,1662
2441758,1662
2441759,1662
2441760,1662
2441761,1662
2441762,1662
2441763,1662
2441764,1680
2441765,1680
2441766,1680
2441767,1680
2441768,1680
2441769,1680
2441770,1680
2441771,1735
2441772,1735
2441773,1735
2441774,1735
2441775,1735
2441776,1735
2441777,1735
2441778,1735
2441779,1741
2441780,1741
2441781,1646
2441782,1646
2441783,1535
2441784,1535
2441785,1535
2441786,1524
2441787,1524
2441788,1524
2441789,1524
2441790,1524
2441791,1636
2441792,1636
2441793,1636
2441794,1497
2441795,1497
2441796,1497
2441797,1497
2441798,1610
2441799,1610
2441800,1610
2441801,1626
2441802,1626
2441803,1626
2441804,1626
2441805,1626
2441806,1626
2441807,1626
2441808,1626
2441809,1586
2441810,1586
2441811,1586
2441812,1586
2441813,1586
2441814,1586
2441815,1586
2441816,1584
2441817,1584
2441818,1584
2441819,1584
2441820,1584
2441821,1584
2441822,1584
2441823,1584
2441824,1584
2441825,1584
2441826,1584
2441827,1584
2441828,1584
2441829,1584
2441830,1584
2441831,1521
2441832,1521
2441833,1521
2441834,1521
2441835,1521
2441836,1521
2441837,1521
2441838,1521
2441839,1480
2441840,1480
2441841,1480
2441842,1480
2441843,1480
2441844,1480
2441845,1480
2441846,1468
2441847,1468
2441848,1468
2441849,1468
2441850,1468
2441851,1468
2441852,1468
2441853,1468
2441854,1438
2441855,1438
2441856,1438
2441857,1438
2441858,1438
2441859,1438
2441860,1438
2441861,1458
2441862,1458
2441863,1458
2441864,1458
2441865,1458
2441866,1458
2441867,1434
2441868,1434
2441869,1434
2441870,1434
2441871,1434
2441872,1434
2441873,1434
2441874,1434
2441875,1434
2441876,1409
2441877,1409
2441878,1409
2441879,1409
2441880,1409
2441881,1409
2441882,1409
2441883,1409
2441884,1421
2441885,1421
2441886,1421
2441887,1421
2441888,1421
2441889,1421
2441890,1421
2441891,1444
2441892,1330
2441893,1330
2441894,1330
2441895,1330
2441896,1330
2441898,1444
2441899,1435
2441900,1435
2441901,1435
2441902,1435
2441903,1435
2441904,1435
2441905,1435
2441925,1303
2441926,1303
2441927,1303
2441928,1303
2441929,1393
2441930,1393
2441931,1393
2441932,1393
2441933,1393
2441934,1393
2441935,1393
2441936,1375
2441937,1375
2441938,1375
2441939,1375
2441940,1375
2441941,1375
2441942,1375
2441943,1375
2441944,1394
2441945,1394
2441946,1394
2441947,1394
2441948,1394
2441949,1394
2441950,1394
2441951,1390
2441952,1390
2441953,1390
2441954,1390
2441955,1390
2441956,1390
2441957,1390
2441958,1390
2441959,1371
2441960,1371
2441961,1371
2441962,1371
2441963,1371
2441964,1371
2441965,1371
2441966,1398
2441967,1398
2441968,1398
2441969,1398
2442016,1455
2442017,1455
2442018,1455
2442019,1439
2442020,1439
2442021,1439
2442022,1439
2442023,1439
2442024,1439
2442025,1439
2442026,1455
2442027,1455
2442028,1455
2442029,1455
2442030,1455
2442031,1455
2442032,1455
2442033,1455
2442034,1511
2442035,1511
2442036,1511
2442037,1511
2442038,1511
2442039,1511
2442040,1511
2442041,1443
2442042,1443
2442043,1443
2442044,1443
2442045,1443
2442046,1443
2442047,1443
2442048,1443
2442049,1245
2442050,1245
2442051,1245
2442052,1245
2442053,1245
2442054,1245
2442055,1245
2442056,1115
2442057,1115
2442058,1115
2442059,1115
2442060,1115
2442061,1115
2442062,1115
2442063,1115
2442064,1191
2442065,1191
2442066,1191
2442067,1191
2442068,1191
2442069,1191
2442074,1332
2442075,1332
2442076,1332
2442077,1332
2442078,1332
2442079,1092
2442080,1092
2445888,1646
2445889,1731
2445895,1731
2445896,1662
2445897,1662
2445901,1662
2445902,1662
2445903,1662
2445904,1556
2445905,1556
2445906,1556
2445911,1505
2445912,1505
2445913,1505
2445914,1505
2446038,1573
2446039,1640
2446040,1640
2446041,1640
2446042,1640
2446043,1640
2446044,1640
2446045,1640
2446046,1600
2446047,1600
2446048,1600
2446049,1600
2446050,1600
2446051,1600
2446052,1600
2446053,1600
2446054,1575
2446062,1620
2446063,1620
2446064,1620
2446065,1620
2446066,1620
2446067,1620
2446068,1620
2446069,1646
2446070,1646
2446072,1646
2446073,1646
2446074,1646
2446078,1662
2446079,1662
2446080,1662
2446081,1662
2446082,1662
2446083,1662
2446084,1680
2446085,1680
2446086,1680
2446087,1680
2446088,1680
2446089,1536
2446090,1536
2446091,1735
2446092,1585
2446093,1585
2446094,1585
2446095,1735
2446096,1735
2446097,1735
2446098,1735
2446099,1741
2446100,1741
2446101,1741
2446102,1741
2446103,1588
2446104,1588
2446105,1741
2446106,1733
2446107,1733
2446108,1733
2446109,1733
2446110,1733
2446111,1733
2446112,1733
2446113,1733
2446114,1497
2446115,1497
2446116,1497
2446117,1497
2446118,1610
2446119,1610
2446120,1610
2446121,1626
2446122,1626
2446123,1626
2446124,1626
2446125,1626
2446126,1626
2446127,1626
2446128,1626
2446129,1586
2446130,1586
2446131,1586
2446132,1586
2446133,1586
2446134,1586
2446135,1586
2446136,1584
2446137,1584
2446138,1584
2446139,1584
2446140,1584
2446141,1584
2446142,1584
2446143,1584
2446144,1584
2446145,1584
2446146,1584
2446147,1584
2446148,1584
2446149,1584
2446150,1584
2446151,1521
2446152,1521
2446153,1521
2446154,1521
2446155,1521
2446156,1521
2446157,1521
2446158,1521
2446159,1480
2446160,1480
2446161,1480
2446162,1480
2446163,1480
2446164,1480
2446165,1480
2446166,1468
2446167,1468
2446168,1468
2446169,1468
2446170,1468
2446171,1468
2446172,1468
2446173,1468
2446174,1438
2446175,1438
2446176,1438
2446177,1438
2446178,1438
2446179,1438
2446180,1438
2446181,1458
2446182,1458
2446183,1458
2446184,1458
2446185,1458
2446186,1458
2446187,1434
2446188,1434
2446189,1434
2446190,1434
2446191,1434
2446192,1434
2446193,1434
2446194,1434
2446195,1434
2446196,1409
2446197,1409
2446198,1409
2446199,1409
2446200,1409
2446201,1409
2446202,1295
2446203,1295
2446204,1421
2446205,1421
2446206,1421
2446207,1421
2446208,1308
2446209,1308
2446210,1308
2446211,1330
2446212,1330
2446213,1330
2446214,1330
2446215,1444
2446216,1444
2446217,1444
2446218,1444
2446219,1435
2446220,1332
2446221,1332
2446222,1332
2446223,1332
2446224,1332
2446225,1332
2446226,1255
2446245,1303
2446246,1303
2446247,1303
2446248,1303
2446249,1393
2446250,1393
2446251,1393
2446252,1393
2446253,1393
2446254,1393
2446255,1393
2446256,1375
2446257,1375
2446258,1375
2446259,1375
2446260,1375
2446261,1375
2446262,1375
2446263,1375
2446264,1394
2446265,1394
2446266,1394
2446267,1394
2446268,1394
2446269,1394
2446270,1394
2446271,1390
2446272,1390
2446273,1390
2446274,1390
2446275,1390
2446276,1390
2446277,1390
2446281,1305
2446282,1371
2446283,1371
2446284,1371
2446285,1371
2446286,1398
2446287,1398
2446288,1398
2446289,1398
2446334,1455
2446335,1455
2446336,1455
2446337,1455
2446338,1455
2446339,1439
2446340,1439
2446341,1439
2446342,1439
2446343,1439
2446344,1439
2446345,1439
2446346,1455
2446347,1455
2446348,1455
2446349,1455
2446350,1455
2446351,1455
2446352,1455
2446353,1455
2446354,1511
2446355,1511
2446356,1511
2446357,1511
2446358,1511
2446359,1511
2446360,1511
2446361,1443
2446362,1443
2446363,1443
2446364,1443
2446365,1443
2446366,1443
2446367,1443
2446368,1443
2446369,1245
2446370,1245
2446371,1245
2446372,1245
2446373,1245
2446374,1245
2446375,1245
2446376,1115
2446377,1115
2446378,1115
2446379,1115
2446380,1115
2446381,1115
2446382,1115
2446383,1115
2446384,1191
2446385,1191
2446386,1191
2446387,1191
2446388,1191
2446395,1332
2446396,1332
2446397,1332
2446398,1332
2446399,1092
2446400,1092
2450222,1619
2450223,1619
2450224,1553
2450225,1553
2450226,1553
2450268,819
2450341,1381
2450358,1499
2450359,1553
2450360,1553
2450361,1553
2450362,1553
2450363,1553
2450364,1553
2450365,1553
2450366,1564
2450367,1564
2450368,1564
2450369,1564
2450370,1564
2450371,1564
2450372,1564
2450373,1564
2450374,1568
2450382,1617
2450383,1617
2450391,1658
2450392,1658
2450396,1677
2450397,1677
2450398,1677
2450399,1677
2450400,1677
2450401,1677
2450402,1677
2450403,1677
2450404,1690
2450405,1690
2450406,1690
2450407,1690
2450408,1690
2450409,1545
2450410,1690
2450411,1720
2450412,1720
2450413,1720
2450414,1720
2450415,1720
2450416,1720
2450417,1720
2450418,1720
2450419,1596
2450420,1748
2450421,1748
2450422,1748
2450423,1748
2450424,1748
2450425,1748
2450426,1723
2450427,1723
2450428,1723
2450429,1723
2450430,1723
2450431,1723
2450432,1723
2450433,1723
2450434,1738
2450435,1738
2450436,1738
2450437,1738
2450438,1641
2450439,1641
2450440,1707
2450441,1694
2450442,1694
2450443,1694
2450444,1694
2450445,1694
2450446,1694
2450447,1694
2450448,1694
2450449,1635
2450450,1635
2450451,1635
2450452,1635
2450453,1635
2450454,1635
2450455,1635
2450456,1627
2450457,1627
2450458,1627
2450459,1627
2450460,1627
2450461,1627
2450462,1627
2450463,1627
2450464,1646
2450465,1646
2450466,1646
2450467,1646
2450468,1646
2450469,1646
2450470,1646
2450471,1592
2450472,1592
2450473,1592
2450474,1592
2450475,1592
2450476,1592
2450477,1592
2450478,1592
2450479,1549
2450480,1549
2450481,1549
2450482,1549
2450483,1549
2450484,1549
2450485,1549
2450486,1561
2450487,1561
2450488,1561
2450489,1561
2450490,1561
2450491,1561
2450492,1561
2450493,1561
2450494,1532
2450495,1532
2450496,1532
2450497,1532
2450498,1532
2450499,1532
2450500,1532
2450501,1508
2450502,1508
2450503,1508
2450504,1508
2450505,1508
2450506,1508
2450507,1508
2450508,1482
2450509,1488
2450510,1488
2450511,1488
2450512,1488
2450513,1488
2450514,1488
2450515,1488
2450516,1461
2450517,1461
2450518,1461
2450519,1461
2450520,1461
2450521,1461
2450522,1461
2450523,1461
2450524,1470
2450525,1470
2450526,1470
2450527,1470
2450528,1349
2450529,1349
2450530,1349
2450531,1331
2450532,1331
2450533,1331
2450534,1331
2450535,1448
2450536,1448
2450537,1448
2450538,1448
2450539,1490
2450540,1380
2450541,1380
2450542,1380
2450543,1380
2450544,1380
2450545,1380
2450546,1340
2450566,1410
2450567,1410
2450568,1410
2450569,1477
2450570,1477
2450571,1477
2450572,1477
2450573,1477
2450574,1477
2450575,1477
2450576,1454
2450577,1454
2450578,1454
2450579,1454
2450580,1454
2450581,1454
2450582,1454
2450583,1454
2450584,1436
2450585,1436
2450586,1436
2450587,1436
2450588,1436
2450589,1436
2450590,1436
2450591,1451
2450592,1451
2450593,1451
2450594,1451
2450595,1451
2450596,1451
2450597,1451
2450602,1482
2450603,1482
2450604,1482
2450605,1482
2450606,1536
2450607,1536
2450608,1536
2450609,1536
2450652,1294
2450653,1294
2450654,1294
2450655,1294
2450657,1294
2450658,1294
2450659,1245
2450660,1245
2450661,1245
2450662,1245
2450663,1245
2450664,1245
2450665,1245
2450666,1304
2450667,1304
2450668,1304
2450669,1304
2450670,1304
2450671,1304
2450672,1304
2450673,1304
2450674,1392
2450675,1392
2450676,1392
2450677,1392
2450678,1392
2450679,1392
2450680,1392
2450681,1308
2450682,1308
2450683,1308
2450684,1308
2450685,1308
2450686,1308
2450687,1308
2450688,1308
2450689,1207
2450690,1207
2450691,1207
2450692,1207
2450693,1207
2450694,1207
2450695,1207
2450696,1143
2450697,1143
2450698,1143
2450700,1143
2450701,1143
2450702,1143
2450704,1196
2450705,1196
2450706,1196
2450707,1196
2450708,1196
2450709,1196
2450711,1336
2450716,1336
2450717,1336
2454539,1619
2454543,1619
2454544,1553
2454545,1553
2454678,1499
2454679,1553
2454680,1553
2454681,1553
2454682,1553
2454683,1553
2454684,1553
2454685,1553
2454686,1564
2454687,1564
2454688,1564
2454689,1564
2454690,1564
2454691,1564
2454692,1564
2454693,1564
2454694,1568
2454707,1617
2454710,1658
2454711,1658
2454712,1658
2454716,1677
2454717,1677
2454718,1677
2454719,1677
2454720,1677
2454721,1677
2454722,1677
2454723,1677
2454724,1690
2454725,1690
2454726,1690
2454727,1690
2454728,1690
2454729,1690
2454730,1690
2454731,1720
2454732,1720
2454733,1720
2454734,1720
2454735,1720
2454736,1720
2454737,1720
2454738,1720
2454739,1748
2454740,1748
2454741,1748
2454742,1748
2454743,1748
2454744,1748
2454745,1748
2454746,1723
2454747,1723
2454748,1723
2454749,1723
2454750,1723
2454751,1723
2454752,1723
2454753,1723
2454754,1738
2454755,1738
2454756,1738
2454757,1738
2454758,1738
2454759,1738
2454760,1641
2454761,1627
2454762,1694
2454763,1694
2454764,1694
2454765,1694
2454766,1694
2454767,1694
2454768,1694
2454769,1635
2454770,1635
2454771,1635
2454772,1635
2454773,1635
2454774,1635
2454775,1635
2454776,1627
2454777,1627
2454778,1627
2454779,1627
2454780,1627
2454781,1627
2454782,1627
2454783,1627
2454784,1646
2454785,1646
2454786,1646
2454787,1646
2454788,1646
2454789,1646
2454790,1646
2454791,1592
2454792,1592
2454793,1592
2454794,1592
2454795,1592
2454796,1592
2454797,1592
2454798,1592
2454799,1549
2454800,1549
2454801,1549
2454802,1549
2454803,1549
2454804,1549
2454805,1549
2454806,1561
2454807,1561
2454808,1561
2454809,1561
2454810,1561
2454811,1561
2454812,1561
2454813,1561
2454814,1532
2454815,1532
2454816,1532
2454817,1532
2454818,1532
2454819,1532
2454820,1532
2454821,1508
2454822,1508
2454823,1508
2454824,1508
2454825,1508
2454826,1508
2454827,1508
2454828,1508
2454829,1513
2454830,1513
2454831,1513
2454832,1488
2454833,1488
2454834,1488
2454835,1488
2454836,1461
2454837,1461
2454838,1461
2454839,1461
2454840,1461
2454841,1461
2454842,1461
2454843,1461
2454844,1470
2454845,1470
2454846,1470
2454847,1470
2454848,1349
2454849,1349
2454850,1349
2454851,1331
2454852,1331
2454853,1331
2454854,1331
2454855,1448
2454856,1448
2454857,1448
2454858,1448
2454859,1490
2454860,1380
2454861,1380
2454862,1490
2454863,1490
2454864,1490
2454865,1490
2454885,1410
2454886,1410
2454887,1410
2454888,1410
2454889,1477
2454890,1477
2454891,1477
2454892,1477
2454893,1477
2454894,1477
2454895,1477
2454896,1454
2454897,1454
2454898,1454
2454899,1454
2454900,1454
2454901,1454
2454902,1454
2454903,1454
2454904,1436
2454905,1436
2454906,1436
2454907,1436
2454908,1436
2454909,1436
2454910,1436
2454911,1451
2454912,1451
2454913,1451
2454914,1451
2454915,1451
2454916,1451
2454923,1482
2454924,1482
2454925,1482
2454929,1536
2454971,1294
2454972,1294
2454973,1294
2454974,1294
2454975,1294
2454976,1294
2454977,1294
2454978,1294
2454979,1245
2454980,1245
2454981,1245
2454982,1245
2454983,1245
2454984,1245
2454985,1245
2454986,1304
2454987,1304
2454988,1304
2454989,1304
2454990,1304
2454991,1304
2454992,1304
2454993,1304
2454994,1392
2454995,1392
2454996,1392
2454997,1392
2454998,1392
2454999,1392
2455000,1392
2455001,1308
2455002,1308
2455003,1308
2455004,1308
2455005,1308
2455006,1308
2455007,1308
2455008,1308
2455009,1207
2455010,1207
2455012,1207
2455013,1207
2455014,1207
2455015,1207
2455016,1143
2455017,1143
2455018,1143
2455019,1143
2455020,1143
2455021,1143
2455022,1143
2455025,1196
2455026,1196
2455027,1196
2455028,1196
2455029,1196
2455030,1196
2455031,1336
2455032,1336
2455035,1336
2455036,1336
2455039,1258
2458861,1619
2458862,1619
2458863,1619
2458864,1553
2458865,1553
2458867,1553
2458868,1553
2458869,1553
2458870,1553
2458871,1457
2458998,1499
2458999,1553
2459000,1553
2459001,1553
2459002,1553
2459003,1553
2459004,1553
2459005,1553
2459006,1564
2459007,1564
2459008,1564
2459009,1564
2459010,1564
2459011,1564
2459012,1564
2459013,1564
2459024,1617
2459027,1617
2459028,1617
2459029,1658
2459030,1658
2459035,1658
2459036,1677
2459037,1677
2459038,1677
2459039,1677
2459040,1677
2459041,1677
2459042,1677
2459043,1677
2459044,1690
2459045,1690
2459046,1690
2459047,1690
2459048,1690
2459049,1545
2459050,1690
2459051,1720
2459052,1720
2459053,1720
2459054,1720
2459055,1720
2459056,1720
2459057,1720
2459058,1720
2459059,1748
2459060,1748
2459061,1748
2459062,1748
2459063,1748
2459064,1748
2459065,1748
2459066,1723
2459067,1723
2459068,1723
2459069,1723
2459070,1723
2459071,1723
2459072,1723
2459073,1723
2459074,1738
2459075,1738
2459076,1738
2459077,1738
2459078,1738
2459079,1738
2459080,1641
2459081,1627
2459082,1694
2459083,1694
2459084,1694
2459085,1694
2459086,1694
2459087,1694
2459088,1694
2459089,1635
2459090,1635
2459091,1635
2459092,1635
2459093,1635
2459094,1635
2459095,1635
2459096,1627
2459097,1627
2459098,1627
2459099,1627
2459100,1627
2459101,1627
2459102,1627
2459103,1627
2459104,1646
2459105,1646
2459106,1646
2459107,1646
2459108,1646
2459109,1646
2459110,1646
2459111,1592
2459112,1592
2459113,1592
2459114,1592
2459115,1592
2459116,1592
2459117,1592
2459118,1592
2459119,1549
2459120,1549
2459121,1549
2459122,1549
2459123,1549
2459124,1549
2459125,1549
2459126,1561
2459127,1561
2459128,1561
2459129,1561
2459130,1561
2459131,1561
2459132,1561
2459133,1561
2459134,1532
2459135,1532
2459136,1532
2459137,1532
2459138,1532
2459139,1532
2459140,1532
2459141,1508
2459142,1508
2459143,1508
2459144,1508
2459145,1508
2459146,1508
2459147,1508
2459148,1508
2459149,1513
2459150,1513
2459151,1513
2459152,1488
2459153,1488
2459154,1488
2459155,1488
2459156,1461
2459157,1461
2459158,1461
2459159,1461
2459160,1461
2459161,1461
2459162,1461
2459163,1461
2459164,1470
2459165,1470
2459166,1470
2459167,1470
2459168,1349
2459169,1349
2459170,1349
2459171,1331
2459172,1331
2459173,1331
2459174,1331
2459175,1448
2459176,1448
2459177,1448
2459178,1448
2459179,1490
2459180,1490
2459181,1490
2459182,1490
2459183,1490
2459184,1490
2459185,1490
2459205,1410
2459206,1410
2459207,1410
2459208,1410
2459209,1477
2459210,1477
2459211,1477
2459212,1477
2459213,1477
2459214,1477
2459215,1477
2459216,1454
2459217,1454
2459218,1454
2459219,1454
2459220,1454
2459221,1454
2459222,1454
2459223,1454
2459224,1436
2459225,1436
2459226,1436
2459227,1436
2459228,1436
2459229,1436
2459230,1436
2459231,1451
2459232,1451
2459233,1451
2459234,1451
2459290,1379
2459291,1294
2459292,1294
2459293,1294
2459294,1294
2459295,1294
2459296,1294
2459297,1294
2459298,1294
2459299,1245
2459300,1245
2459301,1245
2459302,1245
2459303,1245
2459304,1245
2459305,1245
2459306,1304
2459307,1304
2459308,1304
2459309,1304
2459310,1304
2459311,1304
2459312,1304
2459313,1304
2459314,1392
2459315,1392
2459316,1392
2459317,1392
2459318,1392
2459319,1392
2459320,1392
2459321,1308
2459322,1308
2459323,1308
2459324,1308
2459325,1308
2459326,1308
2459327,1308
2459328,1308
2459329,1207
2459330,1207
2459333,1207
2459334,1207
2459335,1207
2459336,1143
2459337,1143
2459338,1143
2459339,1143
2459340,1143
2459341,1143
2459342,1143
2459347,1196
2459348,1196
2459351,1336
2459352,1336
2459353,1336
2459354,1336
2459355,1336
2459356,1336
2459359,1258
2463187,1553
2463188,1553
2463189,1553
2463190,1553
2463318,1499
2463319,1553
2463320,1553
2463321,1553
2463322,1553
2463323,1553
2463324,1553
2463325,1553
2463326,1564
2463327,1564
2463328,1564
2463329,1564
2463330,1564
2463332,1564
2463333,1564
2463334,1568
2463341,1617
2463342,1617
2463348,1617
2463349,1658
2463350,1658
2463351,1658
2463352,1658
2463353,1658
2463355,1658
2463356,1677
2463357,1677
2463358,1677
2463359,1677
2463360,1677
2463361,1677
2463362,1677
2463363,1677
2463364,1690
2463365,1690
2463366,1690
2463367,1690
2463368,1690
2463369,1545
2463370,1545
2463371,1571
2463372,1720
2463373,1720
2463374,1720
2463375,1720
2463376,1720
2463377,1720
2463378,1720
2463379,1748
2463380,1748
2463381,1748
2463382,1748
2463383,1748
2463384,1748
2463385,1748
2463386,1723
2463387,1723
2463388,1723
2463389,1723
2463390,1723
2463391,1723
2463392,1723
2463393,1723
2463394,1738
2463395,1738
2463396,1738
2463397,1738
2463398,1738
2463399,1738
2463400,1738
2463401,1725
2463402,1725
2463403,1694
2463404,1694
2463405,1694
2463406,1694
2463407,1694
2463408,1694
2463409,1635
2463410,1635
2463411,1635
2463412,1635
2463413,1635
2463414,1635
2463415,1635
2463416,1627
2463417,1627
2463418,1627
2463419,1627
2463420,1627
2463421,1627
2463422,1627
2463423,1627
2463424,1646
2463425,1646
2463426,1646
2463427,1646
2463428,1646
2463429,1646
2463430,1646
2463431,1592
2463432,1592
2463433,1592
2463434,1592
2463435,1592
2463436,1592
2463437,1592
2463438,1592
2463439,1549
2463440,1549
2463441,1549
2463442,1549
2463443,1549
2463444,1549
2463445,1549
2463446,1561
2463447,1561
2463448,1561
2463449,1561
2463450,1561
2463451,1561
2463452,1561
2463453,1561
2463454,1532
2463455,1532
2463456,1532
2463457,1532
2463458,1532
2463459,1532
2463460,1532
2463461,1508
2463462,1508
2463463,1508
2463464,1508
2463465,1508
2463466,1508
2463467,1508
2463468,1508
2463469,1513
2463470,1513
2463471,1513
2463472,1513
2463473,1540
2463474,1540
2463475,1540
2463476,1512
2463477,1512
2463478,1512
2463479,1512
2463480,1512
2463481,1512
2463482,1512
2463483,1512
2463484,1522
2463485,1522
2463486,1522
2463487,1522
2463488,1522
2463489,1522
2463490,1522
2463491,1497
2463492,1497
2463493,1497
2463494,1497
2463495,1497
2463496,1497
2463497,1497
2463498,1497
2463499,1534
2463500,1534
2463501,1534
2463502,1534
2463503,1534
2463504,1534
2463505,1534
2463525,1410
2463526,1410
2463527,1410
2463528,1410
2463529,1477
2463530,1477
2463531,1477
2463532,1477
2463533,1477
2463534,1477
2463535,1477
2463536,1454
2463537,1454
2463538,1454
2463539,1454
2463540,1454
2463541,1454
2463542,1454
2463543,1454
2463544,1436
2463545,1436
2463546,1436
2463547,1436
2463548,1436
2463549,1436
2463550,1436
2463551,1451
2463552,1451
2463553,1451
2463554,1451
2463555,1451
2463556,1451
2463557,1451
2463607,1379
2463608,1379
2463609,1379
2463610,1379
2463611,1294
2463612,1294
2463613,1294
2463614,1294
2463615,1294
2463616,1294
2463617,1294
2463618,1294
2463619,1245
2463620,1245
2463621,1245
2463622,1245
2463623,1245
2463624,1245
2463625,1245
2463626,1304
2463627,1304
2463628,1304
2463629,1304
2463630,1304
2463631,1304
2463632,1304
2463633,1304
2463634,1392
2463635,1392
2463636,1392
2463637,1392
2463638,1392
2463639,1392
2463640,1392
2463641,1308
2463642,1308
2463643,1308
2463644,1308
2463645,1308
2463646,1308
2463647,1308
2463648,1308
2463649,1207
2463650,1207
2463651,1207
2463652,1207
2463653,1207
2463654,1207
2463655,1207
2463656,1143
2463657,1143
2463658,1143
2463659,1143
2463669,1196
2463670,1196
2463673,1336
2463675,1336
2463676,1336
2463677,1336
2467537,1099
2467538,1099
2467539,1099
2467540,1099
2467645,1553
2467647,1564
2467648,1564
2467649,1564
2467650,1564
2467651,1564
2467652,1564
2467653,1564
2467654,1568
2467655,1568
2467662,1617
2467663,1617
2467669,1658
2467670,1658
2467671,1658
2467672,1658
2467673,1658
2467674,1658
2467675,1658
2467676,1677
2467677,1677
2467679,1677
2467680,1677
2467681,1677
2467682,1677
2467683,1677
2467684,1690
2467685,1690
2467687,1690
2467688,1690
2467689,1545
2467690,1545
2467691,1571
2467692,1571
2467693,1571
2467694,1571
2467695,1571
2467696,1720
2467697,1720
2467698,1720
2467699,1748
2467700,1748
2467701,1748
2467702,1748
2467703,1748
2467704,1748
2467705,1748
2467706,1723
2467707,1723
2467708,1723
2467709,1723
2467710,1723
2467711,1723
2467712,1723
2467713,1723
2467714,1738
2467715,1738
2467716,1738
2467717,1738
2467718,1738
2467719,1738
2467720,1738
2467721,1725
2467722,1725
2467723,1694
2467724,1694
2467725,1694
2467726,1694
2467727,1694
2467728,1694
2467729,1635
2467730,1635
2467731,1635
2467732,1635
2467733,1635
2467734,1635
2467735,1635
2467736,1627
2467737,1627
2467738,1627
2467739,1627
2467740,1627
2467741,1627
2467742,1627
2467743,1627
2467744,1646
2467745,1646
2467746,1646
2467747,1646
2467748,1646
2467749,1646
2467750,1646
2467751,1592
2467752,1592
2467753,1592
2467754,1592
2467755,1592
2467756,1592
2467757,1592
2467758,1592
2467759,1549
2467760,1549
2467761,1549
2467762,1549
2467763,1549
2467764,1549
2467765,1549
2467766,1561
2467767,1561
2467768,1561
2467769,1561
2467770,1561
2467771,1561
2467772,1561
2467773,1561
2467774,1532
2467775,1532
2467776,1532
2467777,1532
2467778,1532
2467779,1532
2467780,1532
2467781,1508
2467782,1508
2467783,1508
2467784,1508
2467785,1508
2467786,1508
2467787,1508
2467788,1508
2467789,1513
2467790,1513
2467791,1513
2467792,1513
2467793,1513
2467794,1540
2467795,1540
2467796,1512
2467797,1512
2467798,1512
2467799,1512
2467800,1512
2467801,1512
2467802,1512
2467803,1512
2467804,1522
2467805,1522
2467806,1522
2467807,1522
2467808,1522
2467809,1522
2467810,1522
2467811,1497
2467812,1497
2467813,1497
2467814,1497
2467815,1497
2467816,1497
2467817,1497
2467818,1497
2467819,1534
2467820,1534
2467821,1534
2467822,1534
2467823,1534
2467824,1534
2467825,1534
2467844,1410
2467845,1410
2467846,1410
2467847,1410
2467848,1410
2467849,1477
2467850,1477
2467851,1477
2467852,1477
2467853,1477
2467854,1477
2467855,1477
2467856,1454
2467857,1454
2467858,1454
2467859,1454
2467860,1454
2467861,1454
2467862,1454
2467863,1454
2467864,1436
2467865,1436
2467866,1436
2467867,1436
2467868,1436
2467869,1436
2467870,1436
2467871,1451
2467872,1451
2467873,1451
2467874,1451
2467875,1451
2467876,1451
2467877,1451
2467926,1379
2467927,1379
2467928,1379
2467929,1379
2467930,1379
2467931,1294
2467932,1294
2467933,1294
2467934,1294
2467935,1294
2467936,1294
2467937,1294
2467938,1294
2467939,1245
2467940,1245
2467941,1245
2467942,1245
2467943,1245
2467945,1245
2467946,1304
2467947,1304
2467948,1304
2467949,1304
2467950,1304
2467951,1304
2467952,1304
2467953,1304
2467954,1392
2467957,1392
2467958,1392
2467959,1392
2467960,1392
2467961,1308
2467963,1308
2467964,1308
2467965,1308
2467966,1308
2467967,1308
2467968,1308
2467969,1207
2467970,1207
2467971,1207
2467972,1207
2467973,1207
2467974,1207
2467975,1207
2467976,1143
2467977,1143
2467978,1143
2467994,1336
2467995,1336
2467996,1336
2467997,1336
2471857,1099
2471858,1099
2471859,1099
2471860,1099
2471961,1553
2471962,1553
2471963,1553
2471964,1553
2471965,1553
2471967,1564
2471968,1564
2471970,1564
2471971,1564
2471972,1564
2471973,1564
2471974,1568
2471975,1568
2471986,1617
2471987,1617
2471988,1617
2471991,1658
2471992,1658
2471993,1658
2471994,1658
2471995,1658
2471997,1677
2472000,1677
2472001,1677
2472002,1677
2472004,1690
2472005,1690
2472006,1690
2472007,1690
2472010,1545
2472011,1571
2472012,1720
2472013,1571
2472014,1571
2472015,1571
2472016,1571
2472017,1571
2472018,1571
2472019,1748
2472020,1748
2472021,1748
2472022,1748
2472023,1748
2472024,1748
2472025,1748
2472026,1723
2472027,1723
2472028,1723
2472029,1723
2472030,1723
2472031,1723
2472032,1723
2472033,1723
2472034,1738
2472035,1738
2472036,1738
2472037,1738
2472038,1738
2472039,1738
2472040,1738
2472041,1725
2472042,1725
2472043,1725
2472044,1694
2472045,1694
2472046,1694
2472047,1694
2472048,1694
2472049,1635
2472050,1635
2472051,1635
2472052,1635
2472053,1635
2472054,1635
2472055,1635
2472056,1627
2472057,1627
2472058,1627
2472059,1627
2472060,1627
2472061,1627
2472062,1627
2472063,1627
2472064,1646
2472065,1646
2472066,1646
2472067,1646
2472068,1646
2472069,1646
2472070,1646
2472071,1592
2472072,1592
2472073,1592
2472074,1592
2472075,1592
2472076,1592
2472077,1592
2472078,1592
2472079,1549
2472080,1549
2472081,1549
2472082,1549
2472083,1549
2472084,1549
2472085,1549
2472086,1561
2472087,1561
2472088,1561
2472089,1561
2472090,1561
2472091,1561
2472092,1561
2472093,1561
2472094,1532
2472095,1532
2472096,1532
2472097,1532
2472098,1532
2472099,1532
2472100,1532
2472101,1508
2472102,1508
2472103,1508
2472104,1508
2472105,1508
2472106,1508
2472107,1508
2472108,1508
2472109,1513
2472110,1513
2472111,1513
2472112,1513
2472113,1513
2472114,1513
2472115,1540
2472116,1512
2472117,1512
2472118,1512
2472119,1512
2472120,1512
2472121,1512
2472122,1512
2472123,1512
2472124,1522
2472125,1522
2472126,1522
2472127,1522
2472128,1522
2472129,1522
2472130,1522
2472131,1497
2472132,1497
2472133,1497
2472134,1497
2472135,1497
2472136,1497
2472137,1497
2472138,1497
2472139,1534
2472140,1534
2472141,1534
2472142,1534
2472143,1534
2472144,1534
2472145,1534
2472164,1410
2472165,1410
2472166,1410
2472167,1410
2472168,1410
2472169,1477
2472170,1477
2472171,1477
2472172,1477
2472173,1477
2472174,1477
2472175,1477
2472176,1454
2472177,1454
2472178,1454
2472179,1454
2472180,1454
2472181,1454
2472182,1454
2472183,1454
2472184,1436
2472185,1436
2472186,1436
2472187,1436
2472188,1436
2472189,1436
2472190,1436
2472191,1451
2472192,1451
2472193,1451
2472194,1451
2472195,1451
2472196,1451
2472244,1379
2472245,1379
2472246,1379
2472247,1379
2472248,1379
2472249,1379
2472250,1379
2472251,1294
2472252,1294
2472253,1294
2472254,1294
2472255,1294
2472256,1294
2472257,1294
2472258,1294
2472259,1245
2472260,1245
2472261,1245
2472262,1245
2472263,1245
2472264,1245
2472265,1245
2472266,1304
2472267,1304
2472268,1304
2472269,1304
2472270,1304
2472271,1304
2472272,1304
2472273,1304
2472274,1392
2472277,1392
2472278,1392
2472279,1392
2472280,1392
2472281,1308
2472282,1308
2472283,1308
2472284,1308
2472285,1308
2472286,1308
2472287,1308
2472288,1308
2472289,1207
2472290,1207
2472291,1207
2472292,1207
2472293,1207
2472294,1207
2472315,1336
2472316,1336
2472317,1336
2476062,1230
2476074,1148
2476075,1148
2476175,1267
2476176,1267
2476177,1267
2476178,1267
2476179,1267
2476282,1575
2476283,1575
2476284,1575
2476285,1575
2476287,1582
2476288,1582
2476289,1582
2476291,1582
2476292,1582
2476293,1582
2476294,1559
2476295,1559
2476305,1615
2476306,1615
2476312,1666
2476313,1666
2476314,1666
2476315,1666
2476316,1690
2476317,1690
2476320,1690
2476321,1690
2476322,1690
2476323,1690
2476324,1695
2476325,1695
2476326,1695
2476327,1695
2476331,1567
2476332,1567
2476333,1567
2476334,1567
2476335,1717
2476336,1567
2476337,1567
2476338,1717
2476339,1713
2476341,1713
2476342,1713
2476343,1713
2476344,1713
2476346,1740
2476347,1740
2476348,1740
2476349,1740
2476350,1740
2476351,1740
2476352,1740
2476353,1740
2476354,1747
2476355,1747
2476356,1747
2476357,1747
2476358,1747
2476359,1747
2476360,1747
2476361,1772
2476362,1772
2476363,1772
2476364,1739
2476365,1739
2476366,1739
2476367,1739
2476368,1739
2476369,1683
2476370,1683
2476371,1683
2476372,1683
2476373,1683
2476374,1683
2476375,1683
2476376,1652
2476377,1652
2476378,1652
2476379,1652
2476380,1652
2476381,1652
2476382,1652
2476383,1652
2476384,1675
2476385,1675
2476386,1675
2476387,1675
2476388,1675
2476389,1675
2476390,1675
2476391,1673
2476392,1673
2476393,1673
2476394,1673
2476395,1673
2476396,1673
2476397,1673
2476398,1673
2476399,1634
2476400,1634
2476401,1634
2476402,1634
2476403,1634
2476404,1634
2476405,1634
2476406,1629
2476407,1629
2476408,1629
2476409,1629
2476410,1629
2476411,1629
2476412,1629
2476413,1629
2476414,1628
2476415,1628
2476416,1628
2476417,1628
2476418,1628
2476419,1628
2476420,1628
2476421,1612
2476422,1612
2476423,1612
2476424,1612
2476425,1612
2476426,1612
2476427,1612
2476428,1612
2476429,1612
2476430,1612
2476431,1612
2476432,1612
2476433,1612
2476434,1612
2476435,1612
2476436,1632
2476437,1632
2476438,1632
2476439,1632
2476440,1632
2476441,1632
2476442,1632
2476443,1632
2476444,1600
2476445,1600
2476446,1600
2476447,1600
2476448,1600
2476449,1600
2476450,1600
2476451,1582
2476452,1582
2476453,1582
2476454,1582
2476455,1582
2476456,1582
2476457,1582
2476458,1582
2476459,1638
2476460,1638
2476461,1638
2476462,1638
2476463,1638
2476464,1638
2476483,1532
2476484,1532
2476485,1532
2476486,1532
2476487,1532
2476488,1532
2476489,1532
2476490,1532
2476491,1532
2476492,1532
2476493,1532
2476494,1532
2476495,1532
2476496,1495
2476497,1495
2476498,1495
2476499,1495
2476500,1495
2476501,1495
2476502,1495
2476503,1495
2476504,1484
2476505,1484
2476506,1484
2476507,1484
2476508,1484
2476509,1484
2476510,1484
2476511,1574
2476512,1574
2476513,1574
2476514,1574
2476515,1574
2476516,1574
2476517,1574
2476518,1574
2476519,1583
2476561,1443
2476562,1443
2476563,1425
2476564,1311
2476565,1311
2476566,1311
2476567,1311
2476568,1311
2476569,1311
2476570,1311
2476571,1222
2476572,1222
2476573,1222
2476574,1222
2476575,1222
2476576,1222
2476577,1222
2476578,1222
2476580,1180
2476581,1180
2476582,1180
2476583,1180
2476584,1180
2476585,1180
2476586,1227
2476587,1227
2476588,1227
2476589,1227
2476590,1227
2476591,1227
2476592,1227
2476593,1227
2476594,1343
2476595,1343
2476596,1343
2476597,1343
2476598,1343
2476599,1343
2476601,1339
2476602,1339
2476603,1339
2476604,1339
2476605,1339
2476606,1339
2476609,1261
2476610,1261
2476612,1261
2476613,1261
2476614,1261
2476634,1449
2476635,1449
2476636,1449
2476637,1449
2480378,1181
2480379,1181
2480394,1148
2480495,1267
2480496,1267
2480497,1267
2480498,1267
2480499,1267
2480588,1490
2480604,1575
2480605,1575
2480607,1582
2480608,1582
2480609,1582
2480611,1582
2480612,1582
2480614,1559
2480615,1559
2480619,1559
2480620,1559
2480625,1615
2480626,1615
2480628,1615
2480634,1666
2480635,1666
2480636,1690
2480637,1690
2480638,1690
2480640,1690
2480641,1690
2480642,1690
2480643,1690
2480644,1695
2480645,1695
2480646,1695
2480647,1695
2480652,1567
2480653,1567
2480654,1567
2480655,1717
2480656,1567
2480657,1567
2480658,1717
2480659,1713
2480660,1713
2480661,1713
2480662,1713
2480664,1713
2480665,1713
2480666,1740
2480667,1740
2480668,1740
2480669,1740
2480670,1740
2480671,1740
2480672,1740
2480673,1740
2480674,1747
2480675,1747
2480676,1747
2480677,1747
2480678,1747
2480679,1747
2480680,1747
2480681,1772
2480682,1772
2480683,1772
2480684,1772
2480685,1739
2480686,1739
2480687,1739
2480688,1739
2480689,1683
2480690,1683
2480691,1683
2480692,1683
2480693,1683
2480694,1683
2480695,1683
2480696,1652
2480697,1652
2480698,1652
2480699,1652
2480700,1652
2480701,1652
2480702,1652
2480703,1652
2480704,1675
2480705,1675
2480706,1675
2480707,1675
2480708,1675
2480709,1675
2480710,1675
2480711,1673
2480712,1673
2480713,1673
2480714,1673
2480715,1673
2480716,1673
2480717,1673
2480718,1673
2480719,1634
2480720,1634
2480721,1634
2480722,1634
2480723,1634
2480724,1634
2480725,1634
2480726,1629
2480727,1629
2480728,1629
2480729,1629
2480730,1629
2480731,1629
2480732,1629
2480733,1629
2480734,1628
2480735,1628
2480736,1628
2480737,1628
2480738,1628
2480739,1628
2480740,1628
2480741,1612
2480742,1612
2480743,1612
2480744,1612
2480745,1612
2480746,1612
2480747,1612
2480748,1612
2480749,1612
2480750,1612
2480751,1612
2480752,1612
2480753,1612
2480754,1612
2480755,1612
2480756,1603
2480757,1603
2480758,1632
2480759,1632
2480760,1632
2480761,1632
2480762,1632
2480763,1632
2480764,1600
2480765,1600
2480766,1600
2480767,1600
2480768,1600
2480769,1600
2480770,1600
2480771,1582
2480772,1582
2480773,1582
2480774,1582
2480775,1582
2480776,1582
2480777,1582
2480778,1582
2480779,1638
2480780,1638
2480781,1638
2480782,1516
2480784,1516
2480802,1532
2480803,1532
2480804,1532
2480805,1532
2480806,1532
2480807,1532
2480808,1532
2480809,1532
2480810,1532
2480811,1532
2480812,1532
2480813,1532
2480814,1532
2480815,1532
2480816,1495
2480817,1495
2480818,1495
2480819,1495
2480820,1495
2480821,1495
2480822,1495
2480823,1495
2480824,1484
2480825,1484
2480826,1484
2480827,1484
2480828,1484
2480829,1484
2480830,1484
2480831,1574
2480832,1574
2480833,1574
2480834,1574
2480835,1574
2480836,1574
2480837,1574
2480840,1583
2480841,1583
2480880,1443
2480881,1443
2480882,1443
2480883,1425
2480884,1311
2480885,1311
2480886,1311
2480887,1311
2480888,1311
2480889,1311
2480890,1311
2480891,1222
2480892,1222
2480893,1222
2480898,1222
2480900,1180
2480903,1180
2480904,1180
2480905,1180
2480906,1227
2480907,1227
2480908,1227
2480909,1227
2480910,1227
2480911,1227
2480912,1227
2480913,1227
2480914,1343
2480915,1343
2480916,1343
2480917,1343
2480918,1343
2480919,1343
2480921,1339
2480922,1339
2480923,1339
2480924,1339
2480925,1339
2480932,1261
2480933,1261
2480953,1449
2480954,1449
2480955,1449
2480956,1449
2480957,1449
2484698,1181
2484699,1181
2484700,1181
2484701,1230
2484702,1230
2484815,1267
2484816,1267
2484817,1267
2484818,1267
2484819,1267
2484899,1371
2484909,1490
2484912,1560
2484913,1560
2484928,1582
2484929,1582
2484931,1582
2484932,1582
2484934,1559
2484935,1559
2484964,1695
2484965,1695
2484966,1695
2484967,1695
2484968,1695
2484969,1695
2484972,1717
2484973,1717
2484974,1717
2484975,1717
2484976,1717
2484977,1717
2484978,1717
2484979,1713
2484980,1713
2484981,1713
2484982,1713
2484983,1713
2484984,1713
2484985,1713
2484986,1740
2484987,1740
2484988,1740
2484989,1740
2484990,1740
2484991,1740
2484992,1740
2484993,1740
2484994,1747
2484995,1747
2484996,1747
2484997,1747
2484998,1747
2484999,1747
2485000,1747
2485001,1772
2485002,1772
2485003,1772
2485004,1772
2485005,1739
2485006,1739
2485007,1739
2485008,1739
2485009,1683
2485010,1683
2485011,1683
2485012,1683
2485013,1683
2485014,1683
2485015,1683
2485016,1652
2485017,1652
2485018,1652
2485019,1652
2485020,1652
2485021,1652
2485022,1652
2485023,1652
2485024,1675
2485025,1675
2485026,1675
2485027,1675
2485028,1675
2485029,1675
2485030,1675
2485031,1673
2485032,1673
2485033,1673
2485034,1673
2485035,1673
2485036,1673
2485037,1673
2485038,1673
2485039,1634
2485040,1634
2485041,1634
2485042,1634
2485043,1634
2485044,1634
2485045,1634
2485046,1629
2485047,1629
2485048,1629
2485049,1629
2485050,1629
2485051,1629
2485052,1629
2485053,1629
2485054,1628
2485055,1628
2485056,1628
2485057,1628
2485058,1628
2485059,1628
2485060,1628
2485061,1612
2485062,1612
2485063,1612
2485064,1612
2485065,1612
2485066,1612
2485067,1612
2485068,1612
2485069,1612
2485070,1612
2485071,1612
2485072,1612
2485073,1612
2485074,1612
2485075,1612
2485076,1603
2485077,1603
2485078,1632
2485079,1632
2485080,1632
2485081,1632
2485082,1632
2485083,1632
2485084,1600
2485085,1600
2485086,1600
2485087,1600
2485088,1600
2485089,1600
2485090,1600
2485091,1582
2485092,1582
2485093,1582
2485094,1582
2485095,1582
2485096,1582
2485097,1582
2485098,1582
2485099,1638
2485100,1638
2485101,1638
2485102,1638
2485122,1532
2485123,1532
2485124,1532
2485125,1532
2485126,1532
2485127,1532
2485128,1532
2485129,1532
2485130,1532
2485131,1532
2485132,1532
2485133,1532
2485134,1532
2485135,1532
2485136,1495
2485137,1495
2485138,1495
2485139,1495
2485140,1495
2485141,1495
2485142,1495
2485143,1495
2485144,1484
2485145,1484
2485146,1484
2485147,1484
2485148,1484
2485149,1484
2485150,1484
2485151,1574
2485152,1574
2485153,1574
2485154,1574
2485155,1574
2485156,1574
2485157,1574
2485158,1574
2485159,1583
2485160,1583
2485161,1583
2485196,1443
2485197,1443
2485198,1443
2485199,1443
2485200,1443
2485201,1443
2485202,1443
2485203,1425
2485204,1311
2485205,1311
2485206,1311
2485207,1311
2485208,1311
2485209,1311
2485210,1311
2485223,1180
2485224,1180
2485225,1180
2485226,1227
2485227,1227
2485228,1227
2485229,1227
2485230,1227
2485231,1227
2485232,1227
2485233,1227
2485234,1343
2485235,1343
2485236,1343
2485238,1343
2485239,1343
2485240,1343
2485241,1339
2485242,1339
2485243,1339
2485244,1339
2485245,1339
2485252,1261
2485254,1261
2485273,1449
2485274,1449
2485275,1449
2485276,1449
2485277,1449
2489020,1250
2489021,1312
2489022,1312
2489023,1312
2489125,1404
2489130,1440
2489135,1267
2489136,1267
2489137,1267
2489230,1490
2489231,1560
2489232,1560
2489233,1560
2489234,1560
2489235,1560
2489236,1560
2489237,1560
2489240,1575
2489241,1575
2489242,1575
2489243,1575
2489244,1575
2489245,1575
2489246,1582
2489247,1582
2489249,1582
2489251,1582
2489252,1582
2489254,1559
2489284,1695
2489285,1695
2489286,1695
2489287,1695
2489290,1695
2489291,1717
2489292,1717
2489293,1717
2489294,1717
2489295,1717
2489296,1717
2489297,1717
2489298,1717
2489299,1713
2489300,1713
2489301,1713
2489302,1713
2489303,1713
2489304,1713
2489305,1713
2489306,1740
2489307,1740
2489308,1740
2489309,1740
2489310,1740
2489311,1740
2489312,1740
2489313,1740
2489314,1747
2489315,1747
2489316,1747
2489317,1747
2489318,1747
2489319,1747
2489320,1747
2489321,1772
2489322,1772
2489323,1772
2489324,1772
2489325,1772
2489326,1739
2489327,1739
2489328,1739
2489329,1683
2489330,1683
2489331,1683
2489332,1683
2489333,1683
2489334,1683
2489335,1683
2489336,1652
2489337,1652
2489338,1652
2489339,1652
2489340,1652
2489341,1652
2489342,1652
2489343,1652
2489344,1675
2489345,1675
2489346,1675
2489347,1675
2489348,1675
2489349,1675
2489350,1675
2489351,1673
2489352,1673
2489353,1673
2489354,1673
2489355,1673
2489356,1673
2489357,1673
2489358,1673
2489359,1634
2489360,1634
2489361,1634
2489362,1634
2489363,1634
2489364,1634
2489365,1634
2489366,1629
2489367,1629
2489368,1629
2489369,1629
2489370,1629
2489371,1629
2489372,1629
2489373,1629
2489374,1628
2489375,1628
2489376,1628
2489377,1628
2489378,1628
2489379,1628
2489380,1628
2489381,1612
2489382,1612
2489383,1612
2489384,1612
2489385,1612
2489386,1612
2489387,1612
2489388,1612
2489389,1612
2489390,1612
2489391,1612
2489392,1612
2489393,1612
2489394,1612
2489395,1612
2489396,1603
2489397,1603
2489398,1632
2489399,1632
2489400,1632
2489401,1632
2489402,1632
2489403,1632
2489404,1600
2489405,1600
2489406,1600
2489407,1600
2489408,1600
2489409,1600
2489410,1600
2489411,1582
2489412,1582
2489413,1582
2489414,1582
2489415,1582
2489416,1582
2489417,1582
2489418,1582
2489419,1638
2489420,1638
2489421,1516
2489422,1516
2489441,1532
2489442,1532
2489443,1532
2489444,1532
2489445,1532
2489446,1532
2489447,1532
2489448,1532
2489449,1532
2489450,1532
2489451,1532
2489452,1532
2489453,1532
2489454,1532
2489455,1532
2489456,1495
2489457,1495
2489458,1495
2489459,1495
2489460,1495
2489461,1495
2489462,1495
2489463,1495
2489464,1484
2489465,1484
2489466,1484
2489467,1484
2489468,1484
2489469,1484
2489470,1484
2489471,1574
2489472,1574
2489473,1574
2489474,1574
2489475,1574
2489476,1574
2489477,1574
2489478,1574
2489479,1583
2489480,1583
2489513,1556
2489514,1541
2489515,1541
2489516,1443
2489517,1443
2489518,1443
2489519,1443
2489520,1443
2489521,1443
2489522,1443
2489523,1443
2489524,1332
2489525,1332
2489526,1332
2489527,1332
2489528,1332
2489529,1332
2489530,1332
2489531,1242
2489540,1054
2489543,1054
2489544,1054
2489545,1054
2489546,1095
2489547,1095
2489548,1095
2489549,1247
2489550,1247
2489551,1247
2489552,1247
2489553,1247
2489554,1365
2489555,1365
2489556,1365
2489557,1365
2489558,1365
2489559,1365
2489560,1365
2489561,1360
2489562,1360
2489563,1360
2489564,1360
2489565,1360
2489593,1449
2489594,1449
2489595,1449
2489596,1449
2489597,1449
2493342,1312
2493343,1312
2493456,1267
2493457,1267
2493543,1371
2493551,1560
2493552,1560
2493553,1560
2493554,1560
2493555,1560
2493556,1560
2493557,1560
2493558,1560
2493559,1575
2493560,1575
2493561,1575
2493562,1575
2493563,1575
2493564,1575
2493565,1575
2493566,1582
2493574,1559
2493604,1695
2493605,1695
2493606,1695
2493607,1695
2493608,1695
2493609,1695
2493610,1695
2493611,1717
2493612,1717
2493613,1717
2493614,1717
2493615,1717
2493616,1717
2493617,1717
2493618,1717
2493619,1713
2493620,1713
2493621,1713
2493622,1713
2493623,1713
2493624,1713
2493625,1713
2493626,1740
2493627,1740
2493628,1740
2493629,1740
2493630,1740
2493631,1740
2493632,1740
2493633,1740
2493634,1747
2493635,1747
2493636,1747
2493637,1747
2493638,1747
2493639,1747
2493640,1747
2493641,1772
2493642,1772
2493643,1772
2493644,1772
2493645,1772
2493646,1739
2493647,1739
2493648,1739
2493649,1683
2493650,1683
2493651,1683
2493652,1683
2493653,1683
2493654,1683
2493655,1683
2493656,1652
2493657,1652
2493658,1652
2493659,1652
2493660,1652
2493661,1652
2493662,1652
2493663,1652
2493664,1675
2493665,1675
2493666,1675
2493667,1675
2493668,1675
2493669,1675
2493670,1675
2493671,1673
2493672,1673
2493673,1673
2493674,1673
2493675,1673
2493676,1673
2493677,1673
2493678,1673
2493679,1634
2493680,1634
2493681,1634
2493682,1634
2493683,1634
2493684,1634
2493685,1634
2493686,1629
2493687,1629
2493688,1629
2493689,1629
2493690,1629
2493691,1629
2493692,1629
2493693,1629
2493694,1628
2493695,1628
2493696,1628
2493697,1628
2493698,1628
2493699,1628
2493700,1628
2493701,1612
2493702,1612
2493703,1612
2493704,1612
2493705,1612
2493706,1612
2493707,1612
2493708,1612
2493709,1612
2493710,1612
2493711,1612
2493712,1612
2493713,1612
2493714,1612
2493715,1612
2493716,1603
2493717,1603
2493718,1632
2493719,1632
2493720,1632
2493721,1632
2493722,1632
2493723,1632
2493724,1600
2493725,1600
2493726,1600
2493727,1600
2493728,1600
2493729,1600
2493730,1600
2493731,1582
2493732,1582
2493733,1582
2493734,1582
2493735,1582
2493736,1582
2493737,1582
2493738,1582
2493739,1638
2493740,1638
2493741,1516
2493742,1516
2493760,1451
2493761,1532
2493762,1532
2493763,1532
2493764,1532
2493765,1532
2493766,1532
2493767,1532
2493768,1532
2493769,1532
2493770,1532
2493771,1532
2493772,1532
2493773,1532
2493774,1532
2493775,1532
2493776,1495
2493777,1495
2493778,1495
2493779,1495
2493780,1495
2493781,1495
2493782,1495
2493783,1495
2493784,1484
2493785,1484
2493786,1484
2493787,1484
2493788,1484
2493789,1484
2493790,1484
2493791,1574
2493792,1574
2493793,1574
2493794,1574
2493795,1574
2493796,1574
2493797,1574
2493798,1574
2493799,1583
2493829,1556
2493830,1556
2493831,1556
2493832,1556
2493833,1556
2493834,1541
2493835,1541
2493836,1443
2493837,1443
2493838,1443
2493839,1443
2493840,1443
2493841,1443
2493842,1443
2493843,1443
2493844,1332
2493845,1332
2493846,1332
2493847,1332
2493848,1332
2493849,1332
2493850,1332
2493860,1054
2493861,1054
2493864,1054
2493865,1054
2493866,1095
2493867,1095
2493869,1247
2493870,1247
2493871,1247
2493872,1247
2493873,1247
2493874,1365
2493875,1365
2493876,1365
2493877,1365
2493878,1365
2493879,1365
2493880,1365
2493881,1360
2493882,1360
2493883,1360
2493884,1360
2493885,1360
2493886,1195
2493910,1223
2493914,1449
2493915,1449
2493916,1449
2493917,1449
2497655,1250
2497774,1267
2497777,1267
2497863,1371
2497871,1560
2497872,1560
2497875,1560
2497876,1560
2497877,1560
2497878,1560
2497879,1575
2497880,1575
2497881,1575
2497882,1575
2497883,1575
2497884,1575
2497885,1575
2497886,1582
2497887,1582
2497889,1582
2497894,1559
2497924,1695
2497925,1695
2497926,1695
2497927,1695
2497928,1695
2497929,1695
2497930,1695
2497931,1717
2497932,1717
2497933,1717
2497934,1717
2497935,1717
2497936,1717
2497937,1717
2497938,1717
2497939,1713
2497940,1713
2497941,1713
2497942,1713
2497943,1713
2497944,1713
2497945,1713
2497946,1740
2497947,1740
2497948,1740
2497949,1740
2497950,1740
2497951,1740
2497952,1740
2497953,1740
2497954,1747
2497955,1747
2497956,1747
2497957,1747
2497958,1747
2497959,1747
2497960,1747
2497961,1772
2497962,1772
2497963,1772
2497964,1772
2497965,1772
2497966,1772
2497967,1739
2497968,1739
2497969,1683
2497970,1683
2497971,1683
2497972,1683
2497973,1683
2497974,1683
2497975,1683
2497976,1652
2497977,1652
2497978,1652
2497979,1652
2497980,1652
2497981,1652
2497982,1652
2497983,1652
2497984,1675
2497985,1675
2497986,1675
2497987,1675
2497988,1675
2497989,1675
2497990,1675
2497991,1673
2497992,1673
2497993,1673
2497994,1673
2497995,1673
2497996,1673
2497997,1673
2497998,1673
2497999,1634
2498000,1634
2498001,1634
2498002,1634
2498003,1634
2498004,1634
2498005,1634
2498006,1629
2498007,1629
2498008,1629
2498009,1629
2498010,1629
2498011,1629
2498012,1629
2498013,1629
2498014,1628
2498015,1628
2498016,1628
2498017,1628
2498018,1628
2498019,1628
2498020,1628
2498021,1612
2498022,1612
2498023,1612
2498024,1612
2498025,1612
2498026,1612
2498027,1612
2498028,1612
2498029,1612
2498030,1612
2498031,1612
2498032,1612
2498033,1612
2498034,1612
2498035,1612
2498036,1603
2498037,1632
2498038,1632
2498039,1632
2498040,1632
2498041,1632
2498042,1632
2498043,1632
2498044,1600
2498045,1600
2498046,1600
2498047,1600
2498048,1600
2498049,1600
2498050,1600
2498051,1582
2498052,1582
2498053,1582
2498054,1582
2498055,1582
2498056,1582
2498057,1582
2498058,1582
2498059,1638
2498060,1638
2498061,1516
2498062,1516
2498063,1516
2498079,1451
2498080,1451
2498081,1532
2498082,1532
2498083,1532
2498084,1532
2498085,1532
2498086,1532
2498087,1532
2498088,1532
2498089,1532
2498090,1532
2498091,1532
2498092,1532
2498093,1532
2498094,1532
2498095,1532
2498096,1495
2498097,1495
2498098,1495
2498099,1495
2498100,1495
2498101,1495
2498102,1495
2498103,1495
2498104,1484
2498105,1484
2498106,1484
2498107,1484
2498108,1484
2498109,1484
2498110,1484
2498111,1574
2498112,1574
2498113,1574
2498114,1574
2498115,1574
2498116,1574
2498117,1574
2498118,1574
2498146,1556
2498147,1556
2498148,1556
2498149,1556
2498150,1556
2498151,1556
2498152,1556
2498153,1556
2498154,1541
2498155,1541
2498156,1443
2498157,1443
2498158,1443
2498159,1443
2498160,1443
2498161,1443
2498162,1443
2498163,1443
2498164,1332
2498165,1332
2498166,1332
2498167,1332
2498168,1332
2498183,1054
2498184,1054
2498185,1054
2498186,1095
2498189,1247
2498190,1247
2498191,1247
2498192,1247
2498193,1247
2498194,1365
2498195,1365
2498196,1365
2498197,1365
2498198,1365
2498199,1365
2498200,1365
2498201,1360
2498202,1360
2498203,1360
2498204,1360
2498205,1360
2498206,1195
2498207,1195
2498233,1449
2498234,1449
2498235,1449
2498236,1449
2498237,1449
2502097,1282
2502200,1605
2502201,1605
2502202,1605
2502203,1605
2502204,1605
2502205,1605
2502206,1643
2502207,1643
2502208,1643
2502209,1643
2502231,1698
2502232,1698
2502233,1698
2502234,1698
2502235,1698
2502236,1703
2502237,1703
2502238,1703
2502239,1703
2502240,1703
2502241,1703
2502242,1703
2502243,1703
2502244,1721
2502245,1721
2502246,1721
2502247,1721
2502248,1721
2502249,1721
2502250,1721
2502251,1743
2502252,1743
2502253,1743
2502254,1743
2502255,1743
2502256,1743
2502257,1743
2502258,1743
2502259,1768
2502260,1768
2502261,1768
2502262,1768
2502263,1768
2502264,1768
2502265,1768
2502266,1809
2502267,1809
2502268,1809
2502269,1809
2502270,1809
2502271,1809
2502272,1809
2502273,1809
2502274,1798
2502275,1798
2502276,1798
2502277,1798
2502278,1798
2502279,1798
2502280,1798
2502281,1811
2502282,1811
2502283,1811
2502284,1811
2502285,1811
2502286,1811
2502287,1777
2502288,1777
2502289,1755
2502290,1755
2502291,1755
2502292,1755
2502293,1755
2502294,1755
2502295,1755
2502296,1687
2502297,1687
2502298,1687
2502299,1687
2502300,1687
2502301,1687
2502302,1687
2502303,1687
2502304,1696
2502305,1696
2502306,1696
2502307,1696
2502308,1696
2502309,1696
2502310,1696
2502311,1742
2502312,1742
2502313,1742
2502314,1742
2502315,1742
2502316,1742
2502317,1742
2502318,1742
2502319,1723
2502320,1723
2502321,1723
2502322,1723
2502323,1723
2502324,1723
2502325,1723
2502326,1698
2502327,1698
2502328,1698
2502329,1698
2502330,1698
2502331,1698
2502332,1698
2502333,1698
2502334,1703
2502335,1703
2502336,1703
2502337,1703
2502338,1703
2502339,1703
2502340,1703
2502341,1722
2502342,1722
2502343,1722
2502344,1722
2502345,1722
2502346,1722
2502347,1722
2502348,1722
2502349,1705
2502350,1705
2502351,1705
2502352,1705
2502353,1705
2502354,1705
2502355,1705
2502356,1714
2502357,1714
2502358,1714
2502359,1714
2502360,1714
2502361,1714
2502362,1714
2502363,1714
2502364,1689
2502365,1689
2502366,1689
2502367,1689
2502368,1689
2502369,1689
2502370,1689
2502371,1680
2502372,1680
2502373,1680
2502374,1680
2502375,1680
2502376,1680
2502377,1680
2502378,1680
2502379,1685
2502380,1685
2502381,1685
2502382,1685
2502383,1685
2502384,1551
2502385,1551
2502397,1662
2502398,1662
2502399,1662
2502400,1662
2502401,1648
2502402,1648
2502403,1648
2502404,1648
2502405,1648
2502406,1648
2502407,1648
2502408,1648
2502409,1624
2502410,1624
2502411,1624
2502412,1624
2502413,1624
2502414,1624
2502415,1624
2502416,1596
2502417,1596
2502418,1596
2502419,1596
2502420,1596
2502421,1596
2502422,1542
2502423,1542
2502424,1579
2502425,1579
2502426,1579
2502427,1579
2502428,1634
2502429,1634
2502430,1634
2502431,1693
2502432,1693
2502433,1693
2502434,1693
2502435,1693
2502436,1693
2502437,1693
2502465,1456
2502466,1456
2502467,1599
2502468,1599
2502469,1588
2502470,1588
2502471,1588
2502472,1588
2502473,1588
2502474,1564
2502475,1564
2502476,1445
2502477,1445
2502478,1445
2502479,1445
2502480,1445
2502481,1445
2502482,1445
2502483,1445
2502484,1362
2502485,1362
2502486,1362
2502487,1362
2502510,1324
2502511,1324
2502512,1324
2502513,1324
2502514,1319
2502515,1319
2502516,1319
2502517,1319
2502518,1319
2502519,1319
2502520,1319
2502521,1345
2502522,1345
2502523,1345
2502524,1345
2502525,1345
2502526,1345
2502553,1550
2502554,1550
2502555,1550
2502556,1550
2502557,1550
2506414,1282
2506417,1282
2506520,1605
2506521,1605
2506522,1605
2506523,1605
2506524,1605
2506525,1605
2506526,1643
2506527,1643
2506528,1643
2506529,1643
2506530,1643
2506531,1643
2506532,1643
2506535,1656
2506550,1551
2506551,1698
2506552,1698
2506553,1698
2506554,1698
2506555,1698
2506558,1703
2506559,1703
2506560,1703
2506561,1703
2506562,1703
2506563,1703
2506564,1721
2506565,1721
2506566,1721
2506567,1721
2506568,1721
2506569,1721
2506570,1721
2506571,1743
2506572,1743
2506573,1743
2506574,1743
2506575,1743
2506576,1743
2506577,1743
2506578,1743
2506579,1768
2506580,1768
2506581,1768
2506582,1768
2506583,1768
2506584,1768
2506585,1768
2506586,1809
2506587,1809
2506588,1809
2506589,1809
2506590,1809
2506591,1809
2506592,1809
2506593,1809
2506594,1798
2506595,1798
2506596,1798
2506597,1798
2506598,1798
2506599,1798
2506600,1798
2506601,1811
2506602,1811
2506603,1811
2506604,1811
2506605,1811
2506606,1811
2506607,1777
2506608,1777
2506609,1755
2506610,1755
2506611,1755
2506612,1755
2506613,1755
2506614,1755
2506615,1755
2506616,1687
2506617,1687
2506618,1687
2506619,1687
2506620,1687
2506621,1687
2506622,1687
2506623,1687
2506624,1696
2506625,1696
2506626,1696
2506627,1696
2506628,1696
2506629,1696
2506630,1696
2506631,1742
2506632,1742
2506633,1742
2506634,1742
2506635,1742
2506636,1742
2506637,1742
2506638,1742
2506639,1723
2506640,1723
2506641,1723
2506642,1723
2506643,1723
2506644,1723
2506645,1723
2506646,1698
2506647,1698
2506648,1698
2506649,1698
2506650,1698
2506651,1698
2506652,1698
2506653,1698
2506654,1703
2506655,1703
2506656,1703
2506657,1703
2506658,1703
2506659,1703
2506660,1703
2506661,1722
2506662,1722
2506663,1722
2506664,1722
2506665,1722
2506666,1722
2506667,1722
2506668,1722
2506669,1705
2506670,1705
2506671,1705
2506672,1705
2506673,1705
2506674,1705
2506675,1705
2506676,1714
2506677,1714
2506678,1714
2506679,1714
2506680,1714
2506681,1714
2506682,1714
2506683,1714
2506684,1689
2506685,1689
2506686,1689
2506687,1689
2506688,1689
2506689,1689
2506690,1689
2506691,1680
2506692,1680
2506693,1680
2506694,1680
2506695,1680
2506696,1680
2506697,1680
2506698,1680
2506699,1685
2506700,1685
2506701,1685
2506702,1685
2506703,1685
2506704,1685
2506705,1685
2506706,1682
2506707,1561
2506709,1561
2506713,1682
2506714,1662
2506715,1662
2506716,1662
2506717,1662
2506718,1662
2506719,1662
2506720,1662
2506721,1648
2506722,1648
2506723,1648
2506724,1648
2506725,1648
2506726,1648
2506727,1648
2506728,1648
2506729,1624
2506730,1624
2506731,1624
2506732,1624
2506733,1624
2506734,1624
2506735,1624
2506736,1596
2506737,1596
2506738,1596
2506739,1596
2506740,1596
2506741,1596
2506742,1596
2506743,1596
2506744,1634
2506745,1634
2506746,1634
2506747,1634
2506748,1634
2506749,1634
2506750,1634
2506751,1693
2506752,1693
2506753,1693
2506754,1693
2506755,1693
2506756,1693
2506757,1693
2506758,1693
2506759,1697
2506760,1697
2506785,1456
2506786,1599
2506787,1599
2506788,1599
2506789,1588
2506790,1588
2506791,1588
2506792,1588
2506793,1588
2506794,1564
2506795,1564
2506796,1445
2506797,1445
2506798,1445
2506799,1445
2506800,1445
2506801,1445
2506802,1445
2506803,1445
2506804,1362
2506827,1164
2506828,1164
2506830,1324
2506831,1324
2506832,1324
2506833,1324
2506834,1319
2506835,1319
2506836,1319
2506837,1319
2506838,1319
2506839,1319
2506840,1319
2506842,1345
2506843,1345
2506844,1345
2506845,1345
2506846,1345
2506847,1345
2506848,1345
2506849,1308
2506850,1308
2506868,1463
2506869,1463
2506870,1463
2506874,1550
2506875,1550
2506876,1550
2506877,1550
2510605,1324
2510840,1605
2510841,1605
2510842,1605
2510843,1605
2510844,1605
2510845,1605
2510846,1643
2510847,1643
2510848,1643
2510849,1643
2510850,1643
2510851,1643
2510852,1643
2510853,1643
2510855,1656
2510863,1532
2510871,1698
2510872,1698
2510873,1698
2510874,1698
2510875,1698
2510876,1703
2510877,1703
2510878,1703
2510879,1703
2510880,1703
2510881,1703
2510882,1703
2510883,1703
2510884,1721
2510885,1721
2510886,1721
2510887,1721
2510888,1721
2510889,1721
2510890,1721
2510891,1743
2510892,1743
2510893,1743
2510894,1743
2510895,1743
2510896,1743
2510897,1743
2510898,1743
2510899,1768
2510900,1768
2510901,1768
2510902,1768
2510903,1768
2510904,1768
2510905,1768
2510906,1809
2510907,1809
2510908,1809
2510909,1809
2510910,1809
2510911,1809
2510912,1809
2510913,1809
2510914,1798
2510915,1798
2510916,1798
2510917,1798
2510918,1798
2510919,1798
2510920,1798
2510921,1811
2510922,1811
2510923,1811
2510924,1811
2510925,1811
2510926,1811
2510927,1777
2510928,1777
2510929,1755
2510930,1755
2510931,1755
2510932,1755
2510933,1755
2510934,1755
2510935,1755
2510936,1687
2510937,1687
2510938,1687
2510939,1687
2510940,1687
2510941,1687
2510942,1687
2510943,1687
2510944,1696
2510945,1696
2510946,1696
2510947,1696
2510948,1696
2510949,1696
2510950,1696
2510951,1742
2510952,1742
2510953,1742
2510954,1742
2510955,1742
2510956,1742
2510957,1742
2510958,1742
2510959,1723
2510960,1723
2510961,1723
2510962,1723
2510963,1723
2510964,1723
2510965,1723
2510966,1698
2510967,1698
2510968,1698
2510969,1698
2510970,1698
2510971,1698
2510972,1698
2510973,1698
2510974,1703
2510975,1703
2510976,1703
2510977,1703
2510978,1703
2510979,1703
2510980,1703
2510981,1722
2510982,1722
2510983,1722
2510984,1722
2510985,1722
2510986,1722
2510987,1722
2510988,1722
2510989,1705
2510990,1705
2510991,1705
2510992,1705
2510993,1705
2510994,1705
2510995,1737
2510996,1714
2510997,1714
2510998,1714
2510999,1714
2511000,1714
2511001,1714
2511002,1714
2511003,1714
2511004,1689
2511005,1689
2511006,1689
2511007,1689
2511008,1689
2511009,1689
2511010,1689
2511011,1680
2511012,1680
2511013,1680
2511014,1680
2511015,1680
2511016,1680
2511017,1680
2511018,1680
2511019,1685
2511020,1685
2511021,1685
2511022,1685
2511023,1685
2511024,1685
2511025,1685
2511026,1682
2511027,1682
2511028,1682
2511029,1682
2511030,1682
2511031,1682
2511032,1682
2511033,1682
2511034,1662
2511035,1662
2511036,1662
2511037,1662
2511038,1662
2511039,1662
2511040,1662
2511041,1648
2511042,1648
2511043,1648
2511044,1648
2511045,1648
2511046,1648
2511047,1648
2511048,1648
2511049,1624
2511050,1624
2511051,1624
2511052,1624
2511053,1624
2511054,1624
2511055,1624
2511056,1596
2511057,1596
2511058,1596
2511059,1596
2511060,1596
2511061,1596
2511062,1596
2511063,1596
2511064,1634
2511065,1634
2511066,1634
2511067,1634
2511068,1634
2511069,1634
2511070,1634
2511071,1693
2511072,1693
2511073,1693
2511074,1693
2511075,1693
2511076,1693
2511077,1693
2511078,1693
2511079,1697
2511080,1697
2511081,1697
2511082,1697
2511083,1697
2511105,1456
2511106,1599
2511107,1599
2511108,1599
2511109,1588
2511110,1588
2511111,1588
2511112,1588
2511113,1588
2511114,1564
2511115,1564
2511116,1445
2511117,1445
2511118,1445
2511119,1445
2511120,1445
2511121,1445
2511122,1445
2511123,1445
2511124,1362
2511125,1362
2511151,1324
2511152,1324
2511153,1324
2511154,1319
2511155,1319
2511156,1319
2511160,1319
2511161,1345
2511162,1345
2511163,1345
2511164,1345
2511165,1345
2511166,1345
2511167,1345
2511168,1345
2511169,1308
2511170,1308
2511187,1463
2511188,1463
2511189,1463
2511190,1463
2511195,1550
2511196,1550
2511197,1550
2515160,1605
2515161,1605
2515162,1605
2515163,1605
2515164,1605
2515165,1605
2515166,1643
2515167,1643
2515168,1643
2515169,1643
2515170,1643
2515171,1643
2515172,1643
2515173,1643
2515174,1656
2515175,1656
2515183,1532
2515184,1532
2515191,1698
2515192,1698
2515193,1698
2515194,1698
2515195,1698
2515196,1703
2515197,1703
2515198,1703
2515199,1703
2515200,1703
2515201,1703
2515202,1703
2515203,1703
2515204,1721
2515205,1721
2515206,1721
2515207,1721
2515208,1721
2515209,1721
2515210,1721
2515211,1743
2515212,1743
2515213,1743
2515214,1743
2515215,1743
2515216,1743
2515217,1743
2515218,1743
2515219,1768
2515220,1768
2515221,1768
2515222,1768
2515223,1768
2515224,1768
2515225,1768
2515226,1809
2515227,1809
2515228,1809
2515229,1809
2515230,1809
2515232,1809
2515233,1809
2515234,1798
2515235,1798
2515236,1798
2515237,1798
2515238,1798
2515239,1798
2515240,1798
2515241,1811
2515242,1811
2515243,1811
2515244,1811
2515245,1811
2515246,1811
2515247,1811
2515248,1811
2515249,1755
2515250,1755
2515251,1755
2515252,1755
2515253,1755
2515254,1755
2515255,1755
2515256,1687
2515257,1687
2515258,1687
2515259,1687
2515260,1687
2515261,1687
2515262,1687
2515263,1687
2515264,1696
2515265,1696
2515266,1696
2515267,1696
2515268,1696
2515269,1696
2515270,1696
2515271,1742
2515272,1742
2515273,1742
2515274,1742
2515275,1742
2515276,1742
2515277,1742
2515278,1742
2515279,1723
2515280,1723
2515281,1723
2515282,1723
2515283,1723
2515284,1723
2515285,1723
2515286,1698
2515287,1698
2515288,1698
2515289,1698
2515290,1698
2515291,1698
2515292,1698
2515293,1698
2515294,1703
2515295,1703
2515296,1703
2515297,1703
2515298,1703
2515299,1703
2515300,1703
2515301,1722
2515302,1722
2515303,1722
2515304,1722
2515305,1722
2515306,1722
2515307,1722
2515308,1722
2515309,1705
2515310,1705
2515311,1705
2515312,1737
2515313,1737
2515314,1737
2515315,1737
2515316,1714
2515317,1714
2515318,1714
2515319,1714
2515320,1714
2515321,1714
2515322,1714
2515323,1714
2515324,1689
2515325,1689
2515326,1689
2515327,1689
2515328,1689
2515329,1689
2515330,1689
2515331,1680
2515332,1680
2515333,1680
2515334,1680
2515335,1680
2515336,1680
2515337,1680
2515338,1680
2515339,1685
2515340,1685
2515341,1685
2515342,1685
2515343,1685
2515344,1685
2515345,1685
2515346,1682
2515347,1682
2515348,1682
2515349,1682
2515350,1682
2515351,1682
2515352,1682
2515353,1682
2515354,1662
2515355,1662
2515356,1662
2515357,1662
2515358,1662
2515359,1662
2515360,1662
2515361,1648
2515362,1648
2515363,1648
2515364,1648
2515365,1648
2515366,1648
2515367,1648
2515368,1648
2515369,1624
2515370,1624
2515371,1624
2515372,1624
2515373,1624
2515374,1624
2515375,1624
2515376,1596
2515377,1596
2515378,1596
2515379,1596
2515380,1596
2515381,1596
2515382,1596
2515383,1596
2515384,1634
2515385,1634
2515386,1634
2515387,1634
2515388,1634
2515389,1634
2515390,1634
2515391,1693
2515392,1693
2515393,1693
2515394,1693
2515395,1693
2515396,1693
2515397,1693
2515398,1693
2515399,1697
2515400,1697
2515401,1697
2515402,1697
2515403,1697
2515406,1653
2515414,1631
2515415,1631
2515416,1519
2515425,1456
2515426,1599
2515427,1599
2515428,1599
2515429,1588
2515430,1588
2515431,1588
2515432,1588
2515433,1588
2515434,1564
2515435,1564
2515436,1445
2515437,1445
2515438,1445
2515439,1445
2515440,1445
2515441,1445
2515442,1445
2515443,1445
2515444,1362
2515445,1362
2515446,1362
2515447,1362
2515448,1362
2515472,1324
2515473,1324
2515474,1319
2515475,1319
2515476,1319
2515479,1319
2515480,1319
2515487,1345
2515488,1345
2515489,1308
2515490,1308
2515506,1463
2515507,1463
2515508,1463
2515509,1463
2519467,1425
2519468,1425
2519469,1425
2519470,1425
2519479,1605
2519480,1605
2519481,1605
2519482,1605
2519483,1605
2519484,1605
2519485,1605
2519486,1643
2519487,1643
2519488,1643
2519489,1643
2519490,1643
2519491,1643
2519492,1643
2519493,1643
2519494,1656
2519498,1656
2519499,1656
2519500,1656
2519501,1677
2519502,1677
2519503,1677
2519504,1677
2519505,1677
2519511,1698
2519512,1698
2519513,1698
2519514,1698
2519515,1698
2519516,1703
2519517,1703
2519518,1703
2519519,1703
2519520,1703
2519521,1703
2519522,1703
2519523,1703
2519524,1721
2519525,1721
2519526,1721
2519527,1721
2519528,1721
2519529,1721
2519530,1721
2519531,1743
2519532,1743
2519533,1743
2519534,1743
2519535,1743
2519536,1743
2519537,1743
2519538,1743
2519539,1768
2519540,1768
2519541,1768
2519542,1768
2519543,1768
2519544,1768
2519545,1768
2519546,1809
2519547,1809
2519549,1809
2519550,1809
2519551,1809
2519552,1809
2519553,1809
2519554,1798
2519555,1798
2519556,1798
2519557,1798
2519558,1798
2519559,1798
2519560,1798
2519561,1811
2519562,1811
2519563,1811
2519564,1811
2519565,1811
2519566,1811
2519567,1811
2519568,1811
2519569,1755
2519570,1755
2519571,1755
2519572,1755
2519573,1755
2519574,1755
2519575,1755
2519576,1687
2519577,1687
2519578,1687
2519579,1687
2519580,1687
2519581,1687
2519582,1687
2519583,1687
2519584,1696
2519585,1696
2519586,1696
2519587,1696
2519588,1696
2519589,1696
2519590,1696
2519591,1742
2519592,1742
2519593,1742
2519594,1742
2519595,1742
2519596,1742
2519597,1742
2519598,1742
2519599,1723
2519600,1723
2519601,1723
2519602,1723
2519603,1723
2519604,1723
2519605,1723
2519606,1698
2519607,1698
2519608,1698
2519609,1698
2519610,1698
2519611,1698
2519612,1698
2519613,1698
2519614,1703
2519615,1703
2519616,1703
2519617,1703
2519618,1703
2519619,1703
2519620,1703
2519621,1722
2519622,1722
2519623,1722
2519624,1722
2519625,1722
2519626,1722
2519627,1755
2519628,1755
2519629,1737
2519630,1737
2519631,1737
2519632,1737
2519633,1737
2519634,1737
2519635,1737
2519636,1714
2519637,1714
2519638,1714
2519639,1714
2519640,1714
2519641,1714
2519642,1714
2519643,1714
2519644,1689
2519645,1689
2519646,1689
2519647,1689
2519648,1689
2519649,1689
2519650,1689
2519651,1680
2519652,1680
2519653,1680
2519654,1680
2519655,1680
2519656,1680
2519657,1680
2519658,1680
2519659,1685
2519660,1685
2519661,1685
2519662,1685
2519663,1685
2519664,1685
2519665,1685
2519666,1682
2519667,1682
2519668,1682
2519669,1682
2519670,1682
2519671,1682
2519672,1682
2519673,1682
2519674,1662
2519675,1662
2519676,1662
2519677,1662
2519678,1662
2519679,1662
2519680,1662
2519681,1648
2519682,1648
2519683,1648
2519684,1648
2519685,1648
2519686,1648
2519687,1648
2519688,1648
2519689,1624
2519690,1624
2519691,1624
2519692,1624
2519693,1624
2519694,1624
2519695,1624
2519696,1596
2519697,1596
2519698,1596
2519699,1596
2519700,1596
2519701,1596
2519702,1596
2519703,1596
2519704,1634
2519705,1634
2519706,1634
2519707,1634
2519708,1634
2519709,1634
2519710,1634
2519711,1693
2519712,1693
2519713,1693
2519714,1693
2519715,1693
2519716,1693
2519717,1693
2519718,1693
2519719,1697
2519720,1697
2519721,1697
2519722,1697
2519723,1697
2519724,1697
2519725,1697
2519726,1653
2519727,1653
2519728,1653
2519729,1653
2519730,1653
2519731,1653
2519732,1653
2519733,1653
2519734,1631
2519735,1631
2519736,1519
2519737,1519
2519744,1456
2519745,1599
2519746,1599
2519747,1599
2519748,1599
2519749,1588
2519750,1588
2519751,1588
2519752,1588
2519753,1588
2519754,1564
2519755,1564
2519756,1445
2519757,1445
2519758,1445
2519759,1445
2519760,1445
2519761,1445
2519762,1445
2519763,1445
2519764,1362
2519765,1362
2519766,1362
2519767,1362
2519768,1362
2519769,1362
2519776,1302
2519777,1302
2519778,1302
2519792,1324
2519793,1324
2519794,1319
2519795,1319
2519796,1319
2519797,1319
2519798,1319
2519799,1319
2519807,1345
2519808,1345
2519809,1308
2519810,1308
2519825,1463
2519826,1463
2519827,1463
2519828,1463
2519829,1463
2523695,1282
2523790,1425
2523799,1605
2523800,1605
2523801,1605
2523802,1605
2523803,1605
2523804,1605
2523805,1605
2523806,1643
2523807,1643
2523808,1643
2523809,1643
2523810,1643
2523811,1643
2523812,1643
2523813,1643
2523814,1656
2523819,1656
2523820,1656
2523821,1677
2523822,1677
2523823,1677
2523824,1677
2523826,1677
2523827,1677
2523828,1677
2523829,1698
2523830,1698
2523831,1698
2523832,1698
2523833,1698
2523834,1698
2523835,1698
2523836,1703
2523837,1703
2523838,1703
2523839,1703
2523840,1703
2523841,1703
2523842,1703
2523843,1703
2523844,1721
2523845,1721
2523846,1721
2523847,1721
2523848,1721
2523849,1721
2523850,1721
2523851,1743
2523852,1743
2523853,1743
2523854,1743
2523855,1743
2523856,1743
2523857,1743
2523858,1743
2523859,1768
2523860,1768
2523861,1768
2523862,1768
2523863,1768
2523864,1768
2523865,1768
2523866,1809
2523867,1809
2523868,1809
2523869,1809
2523870,1809
2523871,1809
2523872,1809
2523873,1809
2523874,1798
2523875,1798
2523876,1798
2523877,1798
2523878,1798
2523879,1798
2523880,1798
2523881,1811
2523882,1811
2523883,1811
2523884,1811
2523885,1811
2523886,1811
2523887,1811
2523888,1811
2523889,1789
2523890,1755
2523891,1755
2523892,1755
2523893,1755
2523894,1755
2523895,1755
2523896,1687
2523897,1687
2523898,1687
2523899,1687
2523900,1687
2523901,1687
2523902,1687
2523903,1687
2523904,1696
2523905,1696
2523906,1696
2523907,1696
2523908,1696
2523909,1696
2523910,1696
2523911,1742
2523912,1742
2523913,1742
2523914,1742
2523915,1742
2523916,1742
2523917,1742
2523918,1742
2523919,1723
2523920,1723
2523921,1723
2523922,1723
2523923,1723
2523924,1723
2523925,1723
2523926,1698
2523927,1698
2523928,1698
2523929,1698
2523930,1698
2523931,1698
2523932,1698
2523933,1698
2523934,1703
2523935,1703
2523936,1703
2523937,1703
2523938,1703
2523939,1703
2523940,1703
2523941,1722
2523942,1722
2523943,1722
2523944,1722
2523945,1722
2523946,1722
2523947,1755
2523948,1755
2523949,1737
2523950,1737
2523951,1737
2523952,1737
2523953,1737
2523954,1737
2523955,1737
2523956,1714
2523957,1714
2523958,1714
2523959,1714
2523960,1714
2523961,1714
2523962,1714
2523963,1714
2523964,1689
2523965,1689
2523966,1689
2523967,1689
2523968,1689
2523969,1689
2523970,1689
2523971,1680
2523972,1680
2523973,1680
2523974,1680
2523975,1680
2523976,1680
2523977,1680
2523978,1680
2523979,1685
2523980,1685
2523981,1685
2523982,1685
2523983,1685
2523984,1685
2523985,1685
2523986,1682
2523987,1682
2523988,1682
2523989,1682
2523990,1682
2523991,1682
2523992,1682
2523993,1682
2523994,1662
2523995,1662
2523996,1662
2523997,1662
2523998,1662
2523999,1662
2524000,1662
2524001,1648
2524002,1648
2524003,1648
2524004,1648
2524005,1648
2524006,1648
2524007,1648
2524008,1648
2524009,1624
2524010,1624
2524011,1624
2524012,1624
2524013,1624
2524014,1624
2524015,1624
2524016,1596
2524017,1596
2524018,1596
2524019,1596
2524020,1596
2524021,1596
2524022,1596
2524023,1596
2524024,1634
2524025,1634
2524026,1634
2524027,1634
2524028,1634
2524029,1634
2524030,1634
2524031,1693
2524032,1693
2524033,1693
2524034,1693
2524035,1693
2524036,1693
2524037,1693
2524038,1693
2524039,1697
2524040,1697
2524041,1697
2524042,1697
2524043,1697
2524044,1697
2524045,1697
2524046,1653
2524047,1653
2524048,1653
2524049,1653
2524050,1653
2524051,1653
2524052,1653
2524053,1653
2524054,1631
2524055,1631
2524056,1631
2524057,1519
2524058,1519
2524059,1519
2524060,1519
2524063,1599
2524064,1599
2524065,1599
2524066,1599
2524067,1599
2524068,1599
2524069,1588
2524070,1588
2524071,1588
2524072,1588
2524073,1588
2524074,1564
2524075,1564
2524076,1445
2524077,1445
2524078,1445
2524079,1445
2524080,1445
2524081,1445
2524082,1445
2524083,1445
2524084,1362
2524085,1362
2524086,1362
2524087,1362
2524088,1362
2524089,1362
2524090,1362
2524091,1302
2524092,1302
2524093,1302
2524112,1324
2524113,1324
2524114,1319
2524115,1319
2524116,1319
2524117,1319
2524118,1319
2524119,1319
2524120,1319
2524121,1345
2524122,1345
2524123,1345
2524124,1345
2524125,1345
2524126,1345
2524127,1345
2524128,1345
2524129,1308
2524142,1425
2524143,1425
2524144,1507
2524145,1463
2524146,1463
2524147,1463
2524148,1463
2528014,1382
2528119,1656
2528120,1656
2528121,1656
2528122,1656
2528123,1656
2528124,1656
2528125,1656
2528126,1706
2528127,1706
2528128,1706
2528129,1706
2528130,1706
2528131,1706
2528132,1706
2528133,1706
2528134,1725
2528138,1572
2528139,1572
2528140,1572
2528141,1752
2528142,1752
2528143,1752
2528144,1752
2528145,1752
2528146,1752
2528147,1752
2528148,1752
2528149,1770
2528150,1770
2528151,1770
2528152,1770
2528153,1770
2528155,1770
2528156,1766
2528157,1766
2528158,1766
2528159,1766
2528160,1766
2528161,1766
2528162,1766
2528163,1766
2528164,1776
2528165,1776
2528166,1776
2528167,1776
2528168,1776
2528169,1776
2528170,1776
2528171,1804
2528172,1804
2528173,1804
2528174,1804
2528175,1804
2528176,1804
2528177,1804
2528178,1804
2528179,1818
2528180,1818
2528181,1818
2528182,1818
2528183,1818
2528184,1818
2528185,1818
2528186,1843
2528187,1843
2528188,1843
2528189,1843
2528190,1843
2528191,1843
2528192,1843
2528193,1843
2528194,1864
2528195,1864
2528196,1864
2528197,1864
2528198,1864
2528199,1864
2528200,1864
2528201,1871
2528202,1871
2528203,1871
2528204,1871
2528205,1871
2528206,1871
2528207,1871
2528208,1871
2528209,1817
2528210,1817
2528211,1817
2528212,1817
2528213,1817
2528214,1817
2528215,1817
2528216,1756
2528217,1756
2528218,1756
2528219,1756
2528220,1756
2528221,1756
2528222,1756
2528223,1756
2528224,1721
2528225,1721
2528226,1721
2528227,1721
2528228,1721
2528229,1721
2528230,1721
2528231,1741
2528232,1741
2528233,1741
2528234,1741
2528235,1741
2528236,1741
2528237,1741
2528238,1741
2528239,1748
2528240,1748
2528241,1748
2528242,1748
2528243,1748
2528244,1748
2528245,1748
2528246,1759
2528247,1759
2528248,1759
2528249,1759
2528250,1759
2528251,1759
2528252,1759
2528253,1759
2528254,1780
2528255,1780
2528256,1780
2528257,1780
2528258,1780
2528259,1780
2528260,1780
2528261,1788
2528262,1788
2528263,1788
2528264,1788
2528265,1788
2528266,1788
2528267,1822
2528268,1822
2528269,1792
2528270,1792
2528271,1792
2528272,1792
2528273,1792
2528274,1792
2528275,1792
2528276,1762
2528277,1762
2528278,1762
2528279,1762
2528280,1762
2528281,1762
2528282,1762
2528283,1762
2528284,1756
2528285,1756
2528286,1756
2528287,1756
2528288,1756
2528289,1756
2528290,1756
2528291,1737
2528292,1737
2528293,1737
2528294,1737
2528295,1737
2528296,1737
2528297,1737
2528298,1737
2528299,1743
2528300,1743
2528301,1743
2528302,1743
2528303,1743
2528304,1743
2528305,1743
2528306,1734
2528307,1734
2528308,1734
2528309,1734
2528310,1734
2528311,1734
2528312,1734
2528313,1734
2528314,1737
2528315,1737
2528316,1737
2528317,1737
2528318,1737
2528319,1737
2528320,1737
2528321,1696
2528322,1696
2528323,1696
2528324,1696
2528325,1696
2528326,1696
2528327,1696
2528328,1696
2528329,1669
2528330,1669
2528331,1669
2528332,1669
2528333,1669
2528334,1669
2528335,1669
2528336,1667
2528337,1667
2528338,1667
2528339,1667
2528340,1667
2528341,1667
2528342,1667
2528343,1667
2528344,1693
2528345,1693
2528346,1693
2528347,1693
2528348,1693
2528349,1693
2528350,1693
2528351,1690
2528352,1690
2528353,1690
2528354,1690
2528355,1690
2528356,1690
2528357,1690
2528358,1690
2528359,1661
2528360,1661
2528361,1661
2528362,1661
2528363,1661
2528364,1661
2528365,1661
2528366,1625
2528367,1625
2528368,1625
2528369,1625
2528370,1625
2528371,1625
2528372,1625
2528373,1625
2528374,1625
2528375,1625
2528376,1625
2528377,1625
2528378,1625
2528379,1625
2528383,1624
2528384,1624
2528385,1624
2528386,1624
2528387,1624
2528388,1624
2528389,1628
2528390,1628
2528391,1466
2528392,1628
2528393,1628
2528394,1601
2528395,1601
2528396,1533
2528397,1533
2528398,1533
2528399,1533
2528400,1533
2528401,1533
2528402,1533
2528403,1533
2528404,1461
2528405,1461
2528406,1461
2528407,1461
2528408,1461
2528409,1461
2528410,1461
2528411,1389
2528412,1389
2528413,1389
2528414,1389
2528430,1473
2528431,1473
2528432,1473
2528433,1473
2528434,1550
2528435,1550
2528436,1550
2528437,1550
2528438,1550
2528439,1550
2528440,1550
2528441,1490
2528442,1490
2528443,1490
2528444,1490
2528445,1490
2528446,1490
2528447,1490
2528448,1490
2528462,1573
2528463,1573
2528464,1650
2528465,1650
2528466,1650
2532226,1478
2532227,1478
2532428,1415
2532429,1415
2532439,1656
2532440,1656
2532441,1656
2532442,1656
2532443,1656
2532444,1656
2532445,1656
2532446,1706
2532447,1706
2532448,1706
2532449,1706
2532450,1706
2532451,1706
2532452,1706
2532453,1706
2532454,1725
2532459,1725
2532460,1572
2532461,1752
2532462,1752
2532463,1752
2532464,1752
2532465,1752
2532466,1752
2532467,1752
2532468,1752
2532469,1770
2532470,1770
2532471,1770
2532472,1770
2532473,1770
2532474,1770
2532475,1770
2532476,1766
2532477,1766
2532478,1766
2532479,1766
2532480,1766
2532481,1766
2532482,1766
2532483,1766
2532484,1776
2532485,1776
2532486,1776
2532487,1776
2532488,1776
2532489,1776
2532490,1776
2532491,1804
2532492,1804
2532493,1804
2532494,1804
2532495,1804
2532496,1804
2532497,1804
2532498,1804
2532499,1818
2532500,1818
2532501,1818
2532502,1818
2532503,1818
2532504,1818
2532505,1818
2532506,1843
2532507,1843
2532508,1843
2532509,1843
2532510,1843
2532511,1843
2532512,1843
2532513,1843
2532514,1864
2532515,1864
2532516,1864
2532517,1864
2532518,1864
2532519,1864
2532520,1864
2532521,1871
2532522,1871
2532523,1871
2532524,1871
2532525,1871
2532526,1871
2532527,1871
2532528,1871
2532529,1853
2532530,1817
2532531,1817
2532532,1817
2532533,1817
2532534,1817
2532535,1817
2532536,1756
2532537,1756
2532538,1756
2532539,1756
2532540,1756
2532541,1756
2532542,1756
2532543,1756
2532544,1721
2532545,1721
2532546,1721
2532547,1721
2532548,1721
2532549,1721
2532550,1721
2532551,1741
2532552,1741
2532553,1741
2532554,1741
2532555,1741
2532556,1741
2532557,1741
2532558,1741
2532559,1748
2532560,1748
2532561,1748
2532562,1748
2532563,1748
2532564,1748
2532565,1748
2532566,1759
2532567,1759
2532568,1759
2532569,1759
2532570,1759
2532571,1759
2532572,1759
2532573,1759
2532574,1780
2532575,1780
2532576,1780
2532577,1780
2532578,1780
2532579,1780
2532580,1780
2532581,1788
2532582,1788
2532583,1788
2532584,1788
2532585,1788
2532586,1788
2532587,1788
2532588,1822
2532589,1792
2532590,1792
2532591,1792
2532592,1792
2532593,1792
2532594,1792
2532595,1792
2532596,1762
2532597,1762
2532598,1762
2532599,1762
2532600,1762
2532601,1762
2532602,1762
2532603,1762
2532604,1756
2532605,1756
2532606,1756
2532607,1756
2532608,1756
2532609,1756
2532610,1756
2532611,1737
2532612,1737
2532613,1737
2532614,1737
2532615,1737
2532616,1737
2532617,1737
2532618,1737
2532619,1743
2532620,1743
2532621,1743
2532622,1743
2532623,1743
2532624,1743
2532625,1743
2532626,1734
2532627,1734
2532628,1734
2532629,1734
2532630,1734
2532631,1734
2532632,1734
2532633,1734
2532634,1737
2532635,1737
2532636,1737
2532637,1737
2532638,1737
2532639,1737
2532640,1737
2532641,1696
2532642,1696
2532643,1696
2532644,1696
2532645,1696
2532646,1696
2532647,1696
2532648,1696
2532649,1669
2532650,1669
2532651,1669
2532652,1669
2532653,1669
2532654,1669
2532655,1669
2532656,1667
2532657,1667
2532658,1667
2532659,1667
2532660,1667
2532661,1667
2532662,1667
2532663,1667
2532664,1693
2532665,1693
2532666,1693
2532667,1693
2532668,1693
2532669,1693
2532670,1693
2532671,1690
2532672,1690
2532673,1690
2532674,1690
2532675,1690
2532676,1690
2532677,1690
2532678,1690
2532679,1661
2532680,1661
2532681,1661
2532682,1661
2532683,1661
2532684,1661
2532685,1661
2532686,1625
2532687,1625
2532688,1625
2532689,1625
2532690,1625
2532691,1625
2532692,1625
2532693,1625
2532694,1625
2532695,1625
2532696,1625
2532697,1625
2532698,1625
2532699,1625
2532703,1624
2532704,1624
2532705,1624
2532706,1624
2532707,1624
2532708,1624
2532709,1628
2532710,1628
2532713,1628
2532714,1601
2532715,1601
2532716,1533
2532717,1533
2532718,1533
2532719,1533
2532720,1533
2532721,1533
2532722,1533
2532723,1533
2532724,1461
2532725,1461
2532726,1461
2532727,1461
2532728,1461
2532729,1461
2532730,1461
2532731,1389
2532732,1389
2532733,1389
2532734,1389
2532735,1389
2532740,1402
2532747,1473
2532748,1473
2532749,1473
2532750,1473
2532751,1473
2532752,1473
2532753,1473
2532754,1550
2532755,1550
2532756,1550
2532757,1550
2532758,1550
2532759,1550
2532760,1550
2532761,1490
2532762,1490
2532763,1490
2532764,1490
2532765,1490
2532766,1490
2532767,1490
2532768,1490
2532781,1573
2532782,1573
2532783,1573
2532784,1650
2532785,1650
2536747,1415
2536748,1415
2536749,1415
2536759,1656
2536760,1656
2536761,1656
2536762,1656
2536763,1656
2536764,1656
2536765,1656
2536766,1706
2536767,1706
2536768,1706
2536769,1706
2536770,1706
2536771,1706
2536772,1706
2536773,1706
2536774,1725
2536776,1725
2536777,1725
2536778,1725
2536779,1725
2536780,1725
2536781,1752
2536782,1752
2536783,1752
2536784,1752
2536785,1752
2536786,1752
2536787,1752
2536788,1752
2536789,1770
2536790,1770
2536791,1770
2536792,1770
2536793,1770
2536794,1770
2536795,1770
2536796,1766
2536797,1766
2536798,1766
2536799,1766
2536807,1776
2536808,1776
2536809,1776
2536810,1776
2536811,1804
2536812,1804
2536813,1804
2536814,1804
2536817,1804
2536818,1804
2536819,1818
2536820,1818
2536821,1818
2536822,1818
2536823,1818
2536824,1818
2536825,1818
2536826,1843
2536827,1843
2536828,1843
2536829,1843
2536830,1843
2536831,1843
2536832,1843
2536833,1843
2536834,1864
2536835,1864
2536836,1864
2536837,1864
2536838,1864
2536839,1864
2536840,1864
2536841,1871
2536842,1871
2536843,1871
2536844,1871
2536845,1871
2536846,1871
2536847,1871
2536848,1871
2536849,1853
2536850,1817
2536851,1817
2536852,1817
2536853,1817
2536854,1817
2536855,1817
2536856,1756
2536857,1756
2536858,1756
2536859,1756
2536860,1756
2536861,1756
2536862,1756
2536863,1756
2536864,1721
2536865,1721
2536866,1721
2536867,1721
2536868,1721
2536869,1721
2536870,1721
2536871,1741
2536872,1741
2536873,1741
2536874,1741
2536875,1741
2536876,1741
2536877,1741
2536878,1741
2536879,1748
2536880,1748
2536881,1748
2536882,1748
2536883,1748
2536884,1748
2536885,1748
2536886,1759
2536887,1759
2536888,1759
2536889,1759
2536890,1759
2536891,1759
2536892,1759
2536893,1759
2536894,1780
2536895,1780
2536896,1780
2536897,1780
2536898,1780
2536899,1780
2536900,1780
2536901,1788
2536902,1788
2536903,1788
2536904,1788
2536905,1788
2536906,1788
2536907,1788
2536908,1788
2536909,1792
2536910,1792
2536911,1792
2536912,1792
2536913,1792
2536914,1792
2536915,1792
2536916,1762
2536917,1762
2536918,1762
2536919,1762
2536920,1762
2536921,1762
2536922,1762
2536923,1762
2536924,1756
2536925,1756
2536926,1756
2536927,1756
2536928,1756
2536929,1756
2536930,1756
2536931,1737
2536932,1737
2536933,1737
2536934,1737
2536935,1737
2536936,1737
2536937,1737
2536938,1737
2536939,1743
2536940,1743
2536941,1743
2536942,1743
2536943,1743
2536944,1743
2536945,1743
2536946,1734
2536947,1734
2536948,1734
2536949,1734
2536950,1734
2536951,1734
2536952,1734
2536953,1734
2536954,1737
2536955,1737
2536956,1737
2536957,1737
2536958,1737
2536959,1737
2536960,1737
2536961,1696
2536962,1696
2536963,1696
2536964,1696
2536965,1696
2536966,1696
2536967,1696
2536968,1696
2536969,1669
2536970,1669
2536971,1669
2536972,1669
2536973,1669
2536974,1669
2536975,1669
2536976,1667
2536977,1667
2536978,1667
2536979,1667
2536980,1667
2536981,1667
2536982,1667
2536983,1667
2536984,1693
2536985,1693
2536986,1693
2536987,1693
2536988,1693
2536989,1693
2536990,1693
2536991,1690
2536992,1690
2536993,1690
2536994,1690
2536995,1690
2536996,1690
2536997,1690
2536998,1690
2536999,1661
2537000,1661
2537001,1661
2537002,1661
2537003,1661
2537004,1661
2537005,1661
2537006,1625
2537007,1625
2537008,1625
2537009,1625
2537010,1625
2537011,1625
2537012,1625
2537013,1625
2537014,1625
2537015,1625
2537016,1625
2537017,1625
2537018,1625
2537019,1625
2537020,1625
2537022,1466
2537023,1624
2537024,1624
2537025,1624
2537026,1624
2537027,1624
2537028,1624
2537029,1628
2537030,1628
2537031,1628
2537032,1628
2537033,1628
2537034,1601
2537035,1601
2537036,1533
2537037,1533
2537038,1533
2537039,1533
2537040,1533
2537041,1533
2537042,1533
2537043,1533
2537044,1461
2537045,1461
2537046,1461
2537047,1461
2537048,1461
2537049,1461
2537050,1461
2537051,1389
2537052,1389
2537053,1389
2537054,1389
2537055,1389
2537056,1389
2537059,1402
2537060,1402
2537061,1402
2537062,1402
2537066,1473
2537067,1473
2537068,1473
2537069,1473
2537070,1473
2537071,1473
2537072,1473
2537073,1473
2537074,1550
2537075,1550
2537076,1550
2537077,1550
2537078,1550
2537079,1550
2537080,1550
2537081,1490
2537082,1490
2537083,1490
2537084,1490
2537085,1490
2537086,1490
2537087,1490
2537088,1490
2537093,1464
2537094,1464
2537099,1550
2537100,1573
2537101,1573
2537102,1573
2537103,1573
2537104,1650
2537130,1648
2541080,1627
2541081,1627
2541082,1627
2541083,1627
2541084,1627
2541085,1627
2541086,1676
2541087,1676
2541088,1676
2541089,1676
2541090,1676
2541091,1676
2541092,1676
2541093,1676
2541094,1695
2541096,1725
2541097,1725
2541098,1725
2541099,1725
2541100,1725
2541101,1596
2541102,1752
2541103,1752
2541104,1752
2541105,1752
2541106,1752
2541107,1752
2541108,1752
2541109,1770
2541110,1770
2541111,1770
2541112,1770
2541113,1770
2541114,1770
2541115,1770
2541116,1766
2541117,1766
2541118,1766
2541119,1766
2541120,1766
2541125,1776
2541127,1776
2541128,1776
2541129,1776
2541130,1776
2541131,1804
2541132,1804
2541133,1804
2541134,1804
2541135,1804
2541136,1804
2541137,1804
2541138,1804
2541139,1818
2541140,1818
2541141,1818
2541142,1818
2541143,1818
2541144,1818
2541145,1818
2541146,1843
2541147,1843
2541148,1843
2541149,1843
2541150,1843
2541151,1843
2541152,1843
2541153,1843
2541154,1864
2541155,1864
2541156,1864
2541157,1864
2541158,1864
2541159,1864
2541160,1864
2541161,1871
2541162,1871
2541163,1871
2541164,1871
2541165,1871
2541166,1871
2541167,1871
2541168,1871
2541169,1853
2541170,1817
2541171,1817
2541172,1817
2541173,1817
2541174,1817
2541175,1817
2541176,1756
2541177,1756
2541178,1756
2541179,1756
2541180,1756
2541181,1756
2541182,1756
2541183,1756
2541184,1721
2541185,1721
2541186,1721
2541187,1721
2541188,1721
2541189,1721
2541190,1721
2541191,1741
2541192,1741
2541193,1741
2541194,1741
2541195,1741
2541196,1741
2541197,1741
2541198,1741
2541199,1748
2541200,1748
2541201,1748
2541202,1748
2541203,1748
2541204,1748
2541205,1748
2541206,1759
2541207,1759
2541208,1759
2541209,1759
2541210,1759
2541211,1759
2541212,1759
2541213,1759
2541214,1780
2541215,1780
2541216,1780
2541217,1780
2541218,1780
2541219,1780
2541220,1780
2541221,1788
2541222,1788
2541223,1788
2541224,1788
2541225,1788
2541226,1788
2541227,1788
2541228,1788
2541229,1792
2541230,1792
2541231,1792
2541232,1792
2541233,1792
2541234,1792
2541235,1792
2541236,1762
2541237,1762
2541238,1762
2541239,1762
2541240,1762
2541241,1762
2541242,1762
2541243,1762
2541244,1756
2541245,1756
2541246,1756
2541247,1756
2541248,1756
2541249,1756
2541250,1756
2541251,1737
2541252,1737
2541253,1737
2541254,1737
2541255,1737
2541256,1737
2541257,1737
2541258,1737
2541259,1743
2541260,1743
2541261,1743
2541262,1743
2541263,1743
2541264,1743
2541265,1743
2541266,1734
2541267,1734
2541268,1734
2541269,1734
2541270,1734
2541271,1734
2541272,1734
2541273,1734
2541274,1737
2541275,1737
2541276,1737
2541277,1737
2541278,1737
2541279,1737
2541280,1737
2541281,1696
2541282,1696
2541283,1696
2541284,1696
2541285,1696
2541286,1696
2541287,1696
2541288,1696
2541289,1669
2541290,1669
2541291,1669
2541292,1669
2541293,1669
2541294,1669
2541295,1669
2541296,1667
2541297,1667
2541298,1667
2541299,1667
2541300,1667
2541301,1667
2541302,1667
2541303,1667
2541304,1693
2541305,1693
2541306,1693
2541307,1693
2541308,1693
2541309,1693
2541310,1693
2541311,1690
2541312,1690
2541313,1690
2541314,1690
2541315,1690
2541316,1690
2541317,1690
2541318,1690
2541319,1661
2541320,1661
2541321,1661
2541322,1661
2541323,1661
2541324,1661
2541325,1661
2541326,1625
2541327,1625
2541328,1625
2541329,1625
2541330,1625
2541331,1625
2541332,1625
2541333,1625
2541334,1625
2541335,1625
2541336,1625
2541337,1625
2541338,1625
2541339,1625
2541340,1625
2541341,1624
2541342,1624
2541343,1624
2541344,1624
2541345,1624
2541346,1624
2541347,1624
2541348,1624
2541349,1628
2541350,1628
2541351,1628
2541352,1628
2541353,1628
2541354,1601
2541355,1601
2541356,1533
2541357,1533
2541358,1533
2541359,1533
2541360,1533
2541361,1533
2541362,1533
2541363,1533
2541364,1461
2541365,1461
2541366,1461
2541367,1461
2541368,1461
2541369,1461
2541370,1461
2541371,1389
2541372,1389
2541373,1389
2541374,1389
2541375,1389
2541376,1389
2541377,1389
2541378,1389
2541379,1402
2541380,1402
2541381,1402
2541382,1402
2541385,1402
2541386,1473
2541387,1473
2541388,1473
2541389,1473
2541390,1473
2541391,1473
2541392,1473
2541393,1473
2541394,1550
2541395,1550
2541396,1550
2541397,1550
2541398,1550
2541399,1550
2541400,1550
2541401,1490
2541402,1490
2541403,1490
2541404,1490
2541405,1490
2541406,1490
2541407,1490
2541408,1490
2541409,1464
2541410,1464
2541413,1464
2541414,1464
2541415,1464
2541416,1550
2541417,1550
2541418,1550
2541419,1573
2541420,1573
2541421,1573
2541422,1573
2541423,1573
2541447,1648
2541448,1648
2541452,1648
2545364,745
2545397,1544
2545398,1544
2545401,1627
2545402,1627
2545403,1627
2545404,1627
2545405,1627
2545406,1676
2545407,1676
2545408,1676
2545409,1676
2545410,1676
2545411,1676
2545412,1676
2545413,1676
2545414,1695
2545415,1725
2545416,1725
2545417,1725
2545418,1725
2545419,1572
2545420,1572
2545421,1596
2545422,1596
2545423,1752
2545424,1752
2545425,1752
2545426,1752
2545427,1752
2545428,1752
2545429,1770
2545430,1770
2545431,1770
2545432,1770
2545435,1770
2545436,1766
2545437,1766
2545438,1766
2545439,1766
2545440,1766
2545441,1766
2545442,1766
2545443,1766
2545445,1776
2545447,1776
2545448,1776
2545449,1776
2545450,1776
2545451,1804
2545452,1804
2545453,1804
2545454,1804
2545455,1804
2545456,1804
2545457,1804
2545458,1804
2545459,1818
2545460,1818
2545461,1818
2545462,1818
2545463,1818
2545464,1818
2545465,1818
2545466,1843
2545467,1843
2545468,1843
2545469,1843
2545470,1843
2545471,1843
2545472,1843
2545473,1843
2545474,1864
2545475,1864
2545476,1864
2545477,1864
2545478,1864
2545479,1864
2545480,1864
2545481,1871
2545482,1871
2545483,1871
2545484,1871
2545485,1871
2545486,1871
2545487,1871
2545488,1871
2545489,1853
2545490,1817
2545491,1817
2545492,1817
2545493,1817
2545494,1817
2545495,1817
2545496,1756
2545497,1756
2545498,1756
2545499,1756
2545500,1756
2545501,1756
2545502,1756
2545503,1756
2545504,1721
2545505,1721
2545506,1721
2545507,1721
2545508,1721
2545509,1721
2545510,1721
2545511,1741
2545512,1741
2545513,1741
2545514,1741
2545515,1741
2545516,1741
2545517,1741
2545518,1741
2545519,1748
2545520,1748
2545521,1748
2545522,1748
2545523,1748
2545524,1748
2545525,1748
2545526,1759
2545527,1759
2545528,1759
2545529,1759
2545530,1759
2545531,1759
2545532,1759
2545533,1759
2545534,1780
2545535,1780
2545536,1780
2545537,1780
2545538,1780
2545539,1780
2545540,1780
2545541,1788
2545542,1788
2545543,1788
2545544,1788
2545545,1788
2545546,1788
2545547,1788
2545548,1822
2545549,1792
2545550,1792
2545551,1792
2545552,1792
2545553,1792
2545554,1792
2545555,1792
2545556,1762
2545557,1762
2545558,1762
2545559,1762
2545560,1762
2545561,1762
2545562,1762
2545563,1762
2545564,1756
2545565,1756
2545566,1756
2545567,1756
2545568,1756
2545569,1756
2545570,1756
2545571,1737
2545572,1737
2545573,1737
2545574,1737
2545575,1737
2545576,1737
2545577,1737
2545578,1737
2545579,1743
2545580,1743
2545581,1743
2545582,1743
2545583,1743
2545584,1743
2545585,1743
2545586,1734
2545587,1734
2545588,1734
2545589,1734
2545590,1734
2545591,1734
2545592,1734
2545593,1734
2545594,1737
2545595,1737
2545596,1737
2545597,1737
2545598,1737
2545599,1737
2545600,1737
2545601,1696
2545602,1696
2545603,1696
2545604,1696
2545605,1696
2545606,1696
2545607,1696
2545608,1696
2545609,1669
2545610,1669
2545611,1669
2545612,1669
2545613,1669
2545614,1669
2545615,1669
2545616,1667
2545617,1667
2545618,1667
2545619,1667
2545620,1667
2545621,1667
2545622,1667
2545623,1667
2545624,1693
2545625,1693
2545626,1693
2545627,1693
2545628,1693
2545629,1693
2545630,1693
2545631,1690
2545632,1690
2545633,1690
2545634,1690
2545635,1690
2545636,1690
2545637,1690
2545638,1690
2545639,1661
2545640,1661
2545641,1661
2545642,1661
2545643,1661
2545644,1661
2545645,1661
2545646,1625
2545647,1625
2545648,1625
2545649,1625
2545650,1625
2545651,1625
2545652,1625
2545653,1625
2545654,1625
2545655,1625
2545656,1625
2545657,1625
2545658,1625
2545659,1625
2545660,1625
2545661,1624
2545662,1624
2545663,1624
2545664,1624
2545665,1624
2545666,1624
2545667,1624
2545668,1624
2545669,1628
2545670,1628
2545671,1628
2545672,1628
2545673,1628
2545674,1601
2545675,1601
2545676,1533
2545677,1533
2545678,1533
2545679,1533
2545680,1533
2545681,1533
2545682,1533
2545683,1533
2545684,1461
2545685,1461
2545686,1461
2545687,1461
2545688,1461
2545689,1461
2545690,1461
2545691,1389
2545692,1389
2545693,1389
2545694,1389
2545695,1389
2545696,1389
2545697,1389
2545698,1389
2545703,1402
2545704,1402
2545705,1402
2545706,1473
2545707,1473
2545708,1473
2545709,1473
2545710,1473
2545711,1473
2545712,1473
2545713,1473
2545714,1550
2545715,1550
2545716,1550
2545717,1550
2545718,1550
2545719,1550
2545720,1550
2545721,1490
2545722,1490
2545723,1490
2545724,1490
2545725,1490
2545726,1490
2545727,1490
2545728,1490
2545729,1464
2545730,1464
2545731,1464
2545732,1464
2545733,1464
2545734,1464
2545735,1464
2545736,1550
2545737,1550
2545738,1550
2545739,1573
2545740,1573
2545741,1573
2545742,1573
2545743,1573
2549717,1544
2549718,1544
2549720,1627
2549721,1627
2549722,1627
2549723,1627
2549724,1627
2549725,1627
2549726,1676
2549727,1676
2549728,1676
2549729,1676
2549730,1676
2549731,1676
2549732,1676
2549733,1676
2549734,1695
2549735,1725
2549736,1725
2549738,1572
2549739,1572
2549740,1572
2549741,1596
2549742,1752
2549743,1596
2549744,1752
2549745,1752
2549746,1752
2549747,1752
2549748,1752
2549749,1770
2549750,1770
2549751,1770
2549752,1770
2549753,1770
2549754,1770
2549755,1770
2549756,1766
2549759,1766
2549760,1766
2549761,1766
2549762,1766
2549763,1766
2549764,1776
2549765,1776
2549766,1776
2549767,1776
2549768,1776
2549769,1776
2549770,1776
2549771,1804
2549772,1804
2549773,1804
2549774,1804
2549775,1804
2549776,1804
2549777,1804
2549778,1804
2549779,1818
2549780,1818
2549781,1818
2549782,1818
2549783,1818
2549784,1818
2549785,1818
2549786,1843
2549787,1843
2549788,1843
2549789,1843
2549790,1843
2549791,1843
2549792,1843
2549793,1843
2549794,1864
2549795,1864
2549796,1864
2549797,1864
2549798,1864
2549799,1864
2549800,1864
2549801,1871
2549802,1871
2549803,1871
2549804,1871
2549805,1871
2549806,1871
2549807,1871
2549808,1871
2549809,1853
2549810,1817
2549811,1817
2549812,1817
2549813,1817
2549814,1817
2549815,1817
2549816,1756
2549817,1756
2549818,1756
2549819,1756
2549820,1756
2549821,1756
2549822,1756
2549823,1756
2549824,1721
2549825,1721
2549826,1721
2549827,1721
2549828,1721
2549829,1721
2549830,1721
2549831,1741
2549832,1741
2549833,1741
2549834,1741
2549835,1741
2549836,1741
2549837,1741
2549838,1741
2549839,1748
2549840,1748
2549841,1748
2549842,1748
2549843,1748
2549844,1748
2549845,1748
2549846,1759
2549847,1759
2549848,1759
2549849,1759
2549850,1759
2549851,1759
2549852,1759
2549853,1759
2549854,1780
2549855,1780
2549856,1780
2549857,1780
2549858,1780
2549859,1780
2549860,1780
2549861,1788
2549862,1788
2549863,1788
2549864,1788
2549865,1788
2549866,1788
2549867,1822
2549868,1822
2549869,1792
2549870,1792
2549871,1792
2549872,1792
2549873,1792
2549874,1792
2549875,1792
2549876,1762
2549877,1762
2549878,1762
2549879,1762
2549880,1762
2549881,1762
2549882,1762
2549883,1762
2549884,1756
2549885,1756
2549886,1756
2549887,1756
2549888,1756
2549889,1756
2549890,1756
2549891,1737
2549892,1737
2549893,1737
2549894,1737
2549895,1737
2549896,1737
2549897,1737
2549898,1737
2549899,1743
2549900,1743
2549901,1743
2549902,1743
2549903,1743
2549904,1743
2549905,1743
2549906,1734
2549907,1734
2549908,1734
2549909,1734
2549910,1734
2549911,1734
2549912,1734
2549913,1734
2549914,1737
2549915,1737
2549916,1737
2549917,1737
2549918,1737
2549919,1737
2549920,1737
2549921,1696
2549922,1696
2549923,1696
2549924,1696
2549925,1696
2549926,1696
2549927,1696
2549928,1696
2549929,1669
2549930,1669
2549931,1669
2549932,1669
2549933,1669
2549934,1669
2549935,1669
2549936,1667
2549937,1667
2549938,1667
2549939,1667
2549940,1667
2549941,1667
2549942,1667
2549943,1667
2549944,1693
2549945,1693
2549946,1693
2549947,1693
2549948,1693
2549949,1693
2549950,1693
2549951,1690
2549952,1690
2549953,1690
2549954,1690
2549955,1690
2549956,1690
2549957,1690
2549958,1690
2549959,1661
2549960,1661
2549961,1661
2549962,1661
2549963,1661
2549964,1661
2549965,1661
2549966,1625
2549967,1625
2549968,1625
2549969,1625
2549970,1625
2549971,1625
2549972,1625
2549973,1625
2549974,1625
2549975,1625
2549976,1625
2549977,1625
2549978,1625
2549979,1625
2549980,1625
2549981,1624
2549982,1624
2549983,1624
2549984,1624
2549985,1624
2549986,1624
2549987,1624
2549988,1624
2549989,1628
2549990,1628
2549991,1628
2549992,1628
2549993,1628
2549994,1601
2549995,1601
2549996,1533
2549997,1533
2549998,1533
2549999,1533
2550000,1533
2550001,1533
2550002,1533
2550003,1533
2550004,1461
2550005,1461
2550006,1461
2550007,1461
2550008,1461
2550009,1461
2550010,1461
2550011,1389
2550012,1389
2550013,1389
2550014,1389
2550015,1389
2550016,1389
2550017,1389
2550018,1389
2550019,1402
2550021,1402
2550022,1402
2550023,1402
2550024,1402
2550025,1402
2550026,1473
2550027,1473
2550028,1473
2550029,1473
2550030,1473
2550031,1473
2550032,1473
2550033,1473
2550034,1550
2550035,1550
2550036,1550
2550037,1550
2550038,1550
2550039,1550
2550040,1550
2550041,1490
2550042,1490
2550043,1490
2550044,1490
2550045,1490
2550046,1490
2550047,1490
2550048,1490
2550049,1464
2550050,1464
2550051,1464
2550052,1464
2550053,1464
2550054,1464
2550055,1464
2550056,1550
2550057,1550
2550058,1550
2550059,1573
2550060,1573
2550061,1573
2550062,1573
2550063,1573
2550064,1650
2554002,693
2554005,693
2554021,1487
2554022,1487
2554037,1663
2554038,1663
2554039,1670
2554040,1670
2554041,1670
2554042,1670
2554043,1670
2554044,1670
2554045,1670
2554046,1708
2554047,1708
2554052,1708
2554055,1792
2554056,1792
2554058,1630
2554059,1630
2554060,1630
2554061,1818
2554062,1818
2554063,1818
2554064,1818
2554065,1818
2554066,1818
2554067,1818
2554068,1818
2554069,1840
2554070,1840
2554071,1840
2554072,1840
2554073,1840
2554074,1840
2554075,1840
2554076,1851
2554079,1851
2554080,1851
2554081,1851
2554082,1851
2554083,1851
2554084,1841
2554085,1841
2554086,1841
2554087,1841
2554088,1841
2554089,1841
2554090,1841
2554091,1841
2554092,1841
2554093,1841
2554094,1841
2554095,1841
2554096,1841
2554097,1841
2554098,1841
2554099,1862
2554100,1862
2554101,1862
2554102,1862
2554103,1862
2554104,1862
2554105,1862
2554106,1891
2554107,1891
2554108,1891
2554109,1891
2554110,1891
2554111,1891
2554112,1891
2554113,1891
2554114,1912
2554115,1912
2554116,1912
2554117,1912
2554118,1912
2554119,1912
2554120,1912
2554121,1914
2554122,1914
2554123,1914
2554124,1914
2554125,1914
2554126,1914
2554127,1914
2554128,1914
2554129,1917
2554130,1879
2554131,1879
2554132,1879
2554133,1879
2554134,1879
2554135,1879
2554136,1835
2554137,1835
2554138,1835
2554139,1835
2554140,1835
2554141,1835
2554142,1835
2554143,1835
2554144,1804
2554145,1804
2554146,1804
2554147,1804
2554148,1804
2554149,1804
2554150,1804
2554151,1784
2554152,1784
2554153,1784
2554154,1784
2554155,1784
2554156,1784
2554157,1784
2554158,1784
2554159,1758
2554160,1758
2554161,1758
2554162,1758
2554163,1758
2554164,1758
2554165,1758
2554166,1791
2554167,1791
2554168,1791
2554169,1791
2554170,1791
2554171,1791
2554172,1791
2554173,1791
2554174,1833
2554175,1833
2554176,1833
2554177,1833
2554178,1833
2554179,1833
2554180,1833
2554181,1847
2554182,1847
2554183,1847
2554184,1847
2554185,1847
2554186,1847
2554187,1883
2554188,1883
2554189,1847
2554190,1847
2554191,1847
2554192,1847
2554193,1847
2554194,1847
2554195,1847
2554196,1867
2554197,1867
2554198,1867
2554199,1867
2554200,1867
2554201,1867
2554202,1867
2554203,1867
2554204,1811
2554205,1811
2554206,1811
2554207,1811
2554208,1811
2554209,1811
2554210,1811
2554211,1759
2554212,1759
2554213,1759
2554214,1759
2554215,1759
2554216,1759
2554217,1759
2554218,1759
2554219,1768
2554220,1768
2554221,1768
2554222,1768
2554223,1768
2554224,1768
2554225,1768
2554226,1767
2554227,1767
2554228,1767
2554229,1767
2554230,1767
2554231,1767
2554232,1767
2554233,1767
2554234,1746
2554235,1746
2554236,1746
2554237,1746
2554238,1746
2554239,1746
2554240,1746
2554241,1731
2554242,1731
2554243,1731
2554244,1731
2554245,1731
2554246,1731
2554247,1731
2554248,1731
2554249,1711
2554250,1711
2554251,1711
2554252,1711
2554253,1711
2554254,1711
2554255,1711
2554256,1692
2554257,1692
2554258,1692
2554259,1692
2554260,1692
2554261,1692
2554262,1692
2554263,1692
2554264,1703
2554265,1703
2554266,1703
2554267,1703
2554268,1703
2554269,1703
2554270,1703
2554271,1682
2554272,1682
2554273,1682
2554274,1682
2554275,1682
2554276,1682
2554277,1682
2554278,1682
2554279,1666
2554280,1666
2554281,1666
2554282,1666
2554283,1666
2554284,1666
2554285,1666
2554286,1641
2554287,1641
2554288,1641
2554289,1641
2554290,1641
2554291,1641
2554292,1641
2554293,1641
2554294,1688
2554295,1688
2554296,1688
2554297,1688
2554298,1688
2554299,1688
2554300,1688
2554301,1677
2554302,1677
2554303,1677
2554304,1677
2554305,1677
2554306,1677
2554307,1677
2554308,1677
2554309,1675
2554310,1675
2554311,1675
2554312,1675
2554313,1675
2554314,1647
2554315,1647
2554316,1626
2554317,1626
2554318,1626
2554319,1626
2554320,1626
2554321,1626
2554322,1626
2554323,1626
2554324,1545
2554325,1545
2554326,1545
2554327,1545
2554328,1545
2554329,1545
2554330,1545
2554331,1437
2554332,1437
2554333,1437
2554334,1437
2554335,1437
2554336,1437
2554337,1437
2554338,1437
2554339,1562
2554340,1562
2554341,1562
2554342,1562
2554343,1562
2554344,1562
2554345,1562
2554346,1625
2554347,1625
2554348,1625
2554349,1625
2554350,1625
2554351,1625
2554352,1625
2554353,1625
2554354,1681
2554355,1681
2554356,1681
2554357,1681
2554358,1681
2554359,1681
2554360,1681
2554361,1646
2554362,1646
2554363,1646
2554364,1646
2554365,1646
2554366,1646
2554367,1646
2554368,1646
2554369,1678
2554370,1678
2554371,1678
2554372,1678
2554373,1678
2554374,1678
2554375,1678
2554376,1722
2554377,1722
2554378,1748
2554379,1748
2554380,1748
2554381,1748
2554382,1748
2554383,1748
2554384,1819
2554385,1819
2558321,693
2558326,693
2558340,1487
2558342,1487
2558343,1487
2558348,1641
2558357,1663
2558358,1663
2558359,1670
2558360,1670
2558361,1670
2558362,1670
2558363,1670
2558364,1670
2558365,1670
2558366,1708
2558367,1708
2558374,1759
2558375,1792
2558376,1792
2558377,1792
2558378,1630
2558379,1630
2558380,1630
2558381,1818
2558382,1818
2558383,1818
2558384,1818
2558386,1818
2558387,1818
2558388,1818
2558389,1840
2558390,1840
2558391,1840
2558392,1840
2558393,1840
2558394,1840
2558395,1840
2558396,1851
2558397,1851
2558398,1851
2558399,1851
2558400,1851
2558401,1851
2558402,1851
2558403,1851
2558404,1841
2558405,1841
2558406,1841
2558407,1841
2558408,1841
2558409,1841
2558410,1841
2558411,1841
2558412,1841
2558413,1841
2558414,1841
2558415,1841
2558416,1841
2558417,1841
2558418,1841
2558419,1862
2558420,1862
2558421,1862
2558422,1862
2558423,1862
2558424,1862
2558425,1862
2558426,1891
2558427,1891
2558428,1891
2558429,1891
2558430,1891
2558431,1891
2558432,1891
2558433,1891
2558434,1912
2558435,1912
2558436,1912
2558437,1912
2558438,1912
2558439,1912
2558440,1912
2558441,1914
2558442,1914
2558443,1914
2558444,1914
2558445,1914
2558446,1914
2558447,1914
2558448,1914
2558449,1917
2558450,1917
2558451,1879
2558452,1879
2558453,1879
2558454,1879
2558455,1879
2558456,1835
2558457,1835
2558458,1835
2558459,1835
2558460,1835
2558461,1835
2558462,1835
2558463,1835
2558464,1804
2558465,1804
2558466,1804
2558467,1804
2558468,1804
2558469,1804
2558470,1804
2558471,1784
2558472,1784
2558473,1784
2558474,1784
2558475,1784
2558476,1784
2558477,1784
2558478,1784
2558479,1758
2558480,1758
2558481,1758
2558482,1758
2558483,1758
2558484,1758
2558485,1758
2558486,1791
2558487,1791
2558488,1791
2558489,1791
2558490,1791
2558491,1791
2558492,1791
2558493,1791
2558494,1833
2558495,1833
2558496,1833
2558497,1833
2558498,1833
2558499,1833
2558500,1833
2558501,1847
2558502,1847
2558503,1847
2558504,1883
2558505,1883
2558506,1883
2558507,1883
2558508,1883
2558509,1847
2558510,1847
2558511,1847
2558512,1847
2558513,1847
2558514,1847
2558515,1847
2558516,1867
2558517,1867
2558518,1867
2558519,1867
2558520,1867
2558521,1867
2558522,1867
2558523,1867
2558524,1811
2558525,1811
2558526,1811
2558527,1811
2558528,1811
2558529,1811
2558530,1811
2558531,1759
2558532,1759
2558533,1759
2558534,1759
2558535,1759
2558536,1759
2558537,1759
2558538,1759
2558539,1768
2558540,1768
2558541,1768
2558542,1768
2558543,1768
2558544,1768
2558545,1768
2558546,1767
2558547,1767
2558548,1767
2558549,1767
2558550,1767
2558551,1767
2558552,1767
2558553,1767
2558554,1746
2558555,1746
2558556,1746
2558557,1746
2558558,1746
2558559,1746
2558560,1746
2558561,1731
2558562,1731
2558563,1731
2558564,1731
2558565,1731
2558566,1731
2558567,1731
2558568,1731
2558569,1711
2558570,1711
2558571,1711
2558572,1711
2558573,1711
2558574,1711
2558575,1711
2558576,1692
2558577,1692
2558578,1692
2558579,1692
2558580,1692
2558581,1692
2558582,1692
2558583,1692
2558584,1703
2558585,1703
2558586,1703
2558587,1703
2558588,1703
2558589,1703
2558590,1703
2558591,1682
2558592,1682
2558593,1682
2558594,1682
2558595,1682
2558596,1682
2558597,1682
2558598,1682
2558599,1666
2558600,1666
2558601,1666
2558602,1666
2558603,1666
2558604,1666
2558605,1666
2558606,1641
2558607,1641
2558608,1641
2558609,1641
2558610,1641
2558611,1641
2558612,1641
2558613,1641
2558614,1688
2558615,1688
2558616,1688
2558617,1688
2558618,1688
2558619,1688
2558620,1688
2558621,1677
2558622,1677
2558623,1677
2558624,1677
2558625,1677
2558626,1677
2558627,1677
2558628,1677
2558629,1675
2558630,1675
2558631,1675
2558632,1675
2558633,1647
2558634,1647
2558635,1647
2558636,1626
2558637,1626
2558644,1545
2558645,1545
2558646,1545
2558647,1545
2558648,1545
2558649,1545
2558650,1545
2558651,1437
2558652,1437
2558653,1437
2558654,1437
2558655,1437
2558656,1437
2558657,1437
2558658,1437
2558660,1562
2558661,1562
2558662,1562
2558663,1562
2558664,1562
2558665,1562
2558666,1625
2558667,1625
2558668,1625
2558669,1625
2558670,1625
2558671,1625
2558672,1625
2558673,1625
2558674,1681
2558675,1681
2558676,1681
2558677,1681
2558678,1681
2558679,1681
2558680,1681
2558681,1646
2558682,1646
2558683,1646
2558684,1646
2558685,1646
2558686,1646
2558687,1646
2558688,1646
2558689,1678
2558690,1678
2558691,1678
2558692,1678
2558693,1678
2558694,1678
2558695,1678
2558696,1722
2558697,1722
2558698,1748
2558699,1748
2558700,1748
2558701,1748
2558702,1748
2558703,1748
2558704,1819
2562660,1487
2562661,1487
2562662,1487
2562663,1487
2562664,1641
2562677,1663
2562678,1663
2562679,1670
2562680,1670
2562681,1670
2562683,1670
2562684,1670
2562685,1670
2562686,1708
2562687,1708
2562695,1630
2562696,1792
2562697,1792
2562698,1792
2562699,1792
2562700,1792
2562701,1652
2562702,1818
2562703,1818
2562704,1818
2562705,1818
2562706,1818
2562707,1818
2562708,1818
2562709,1840
2562710,1840
2562711,1840
2562712,1840
2562713,1840
2562714,1840
2562715,1840
2562716,1851
2562717,1851
2562718,1851
2562719,1851
2562720,1851
2562721,1851
2562722,1851
2562723,1851
2562724,1841
2562725,1841
2562726,1841
2562727,1841
2562728,1841
2562729,1841
2562730,1841
2562731,1841
2562732,1841
2562733,1841
2562734,1841
2562735,1841
2562736,1841
2562737,1841
2562738,1841
2562739,1862
2562740,1862
2562741,1862
2562742,1862
2562743,1862
2562744,1862
2562745,1862
2562746,1891
2562747,1891
2562748,1891
2562749,1891
2562750,1891
2562751,1891
2562752,1891
2562753,1891
2562754,1912
2562755,1912
2562756,1912
2562757,1912
2562758,1912
2562759,1912
2562760,1912
2562761,1914
2562762,1914
2562763,1914
2562764,1914
2562765,1914
2562766,1914
2562767,1914
2562768,1914
2562769,1917
2562770,1917
2562771,1626
2562772,1626
2562773,1626
2562774,1626
2562775,1626
2562776,1589
2562777,1589
2562778,1893
2562779,1893
2562780,1893
2562781,1893
2562782,1893
2562783,1893
2562784,1860
2562785,1860
2562786,1860
2562787,1860
2562788,1860
2562789,1860
2562790,1860
2562791,1840
2562792,1840
2562793,1840
2562794,1840
2562795,1840
2562796,1840
2562797,1840
2562798,1840
2562799,1813
2562800,1813
2562801,1813
2562802,1813
2562803,1813
2562804,1813
2562805,1813
2562806,1846
2562807,1846
2562808,1846
2562809,1846
2562810,1846
2562811,1846
2562812,1846
2562813,1846
2562814,1890
2562815,1890
2562816,1890
2562817,1890
2562818,1890
2562819,1890
2562820,1890
2562821,1847
2562822,1847
2562823,1883
2562824,1883
2562825,1883
2562826,1883
2562827,1883
2562828,1883
2562829,1847
2562830,1847
2562831,1847
2562832,1847
2562833,1847
2562834,1847
2562835,1847
2562836,1867
2562837,1867
2562838,1867
2562839,1867
2562840,1867
2562841,1867
2562842,1867
2562843,1867
2562844,1811
2562845,1811
2562846,1811
2562847,1811
2562848,1811
2562849,1811
2562850,1811
2562851,1759
2562852,1759
2562853,1759
2562854,1759
2562855,1759
2562856,1759
2562857,1759
2562858,1759
2562859,1768
2562860,1768
2562861,1768
2562862,1768
2562863,1768
2562864,1768
2562865,1768
2562866,1767
2562867,1767
2562868,1767
2562869,1767
2562870,1767
2562871,1767
2562872,1767
2562873,1767
2562874,1746
2562875,1746
2562876,1746
2562877,1746
2562878,1746
2562879,1746
2562880,1746
2562881,1731
2562882,1731
2562883,1731
2562884,1731
2562885,1731
2562886,1731
2562887,1731
2562888,1731
2562889,1711
2562890,1711
2562891,1711
2562892,1711
2562893,1711
2562894,1711
2562895,1711
2562896,1692
2562897,1692
2562898,1692
2562899,1692
2562900,1692
2562901,1692
2562902,1692
2562903,1692
2562904,1703
2562905,1703
2562906,1703
2562907,1703
2562908,1703
2562909,1703
2562910,1703
2562911,1682
2562912,1682
2562913,1682
2562914,1682
2562915,1682
2562916,1682
2562917,1682
2562918,1682
2562919,1666
2562920,1666
2562921,1666
2562922,1666
2562923,1666
2562924,1666
2562925,1666
2562926,1641
2562927,1641
2562928,1641
2562929,1641
2562930,1641
2562931,1641
2562932,1641
2562933,1641
2562934,1688
2562935,1688
2562936,1688
2562937,1688
2562938,1688
2562939,1688
2562940,1688
2562941,1677
2562942,1677
2562943,1677
2562944,1677
2562945,1677
2562946,1677
2562947,1677
2562948,1677
2562949,1675
2562950,1675
2562951,1675
2562953,1647
2562954,1647
2562955,1647
2562956,1626
2562964,1545
2562965,1545
2562966,1545
2562967,1545
2562968,1545
2562969,1545
2562970,1545
2562971,1437
2562972,1437
2562973,1437
2562974,1437
2562975,1437
2562976,1437
2562977,1437
2562980,1562
2562981,1562
2562982,1562
2562983,1562
2562984,1562
2562985,1562
2562986,1625
2562987,1625
2562988,1625
2562989,1625
2562990,1625
2562991,1625
2562992,1625
2562993,1625
2562994,1681
2562995,1681
2562996,1681
2562997,1681
2562998,1681
2562999,1681
2563000,1681
2563001,1646
2563002,1646
2563003,1646
2563004,1646
2563005,1646
2563006,1646
2563007,1646
2563008,1646
2563009,1678
2563010,1678
2563011,1678
2563012,1678
2563013,1678
2563014,1678
2563015,1678
2563016,1722
2563017,1722
2563018,1722
2563019,1748
2563020,1748
2563021,1748
2563022,1748
2563023,1748
2563024,1819
2563025,1819
2563026,1819
2566925,1358
2566952,1070
2566978,1487
2566979,1487
2566980,1487
2566982,1487
2566984,1641
2566985,1641
2566996,1663
2566998,1663
2566999,1670
2567000,1670
2567002,1670
2567003,1670
2567004,1670
2567005,1670
2567006,1708
2567007,1708
2567016,1792
2567017,1792
2567018,1792
2567019,1792
2567020,1792
2567021,1818
2567022,1818
2567023,1652
2567024,1818
2567025,1818
2567026,1818
2567027,1818
2567028,1818
2567029,1840
2567030,1840
2567031,1840
2567032,1840
2567033,1840
2567034,1840
2567035,1840
2567036,1851
2567037,1851
2567038,1851
2567039,1851
2567040,1851
2567041,1851
2567042,1851
2567043,1851
2567045,1841
2567046,1841
2567047,1841
2567048,1841
2567049,1841
2567050,1841
2567051,1841
2567052,1841
2567053,1841
2567054,1841
2567055,1841
2567056,1841
2567057,1841
2567058,1841
2567059,1862
2567060,1862
2567061,1862
2567062,1862
2567063,1862
2567064,1862
2567065,1862
2567066,1891
2567067,1891
2567068,1891
2567069,1891
2567070,1891
2567071,1891
2567072,1891
2567073,1891
2567074,1912
2567075,1912
2567076,1912
2567077,1912
2567078,1912
2567079,1912
2567080,1912
2567081,1914
2567082,1914
2567083,1914
2567084,1914
2567085,1914
2567086,1914
2567087,1914
2567088,1914
2567089,1917
2567090,1917
2567091,1917
2567092,1626
2567093,1626
2567094,1626
2567095,1626
2567096,1589
2567097,1589
2567098,1893
2567099,1893
2567100,1893
2567101,1893
2567102,1893
2567103,1893
2567104,1860
2567105,1860
2567106,1860
2567107,1860
2567108,1860
2567109,1860
2567110,1860
2567111,1840
2567112,1840
2567113,1840
2567115,1840
2567116,1840
2567117,1840
2567118,1840
2567119,1813
2567120,1813
2567121,1813
2567122,1813
2567123,1813
2567124,1813
2567125,1813
2567126,1846
2567127,1846
2567128,1846
2567129,1846
2567130,1846
2567131,1846
2567132,1846
2567133,1846
2567134,1890
2567135,1890
2567136,1890
2567137,1890
2567138,1890
2567139,1890
2567140,1890
2567141,1847
2567142,1847
2567143,1883
2567144,1883
2567145,1883
2567146,1883
2567147,1883
2567148,1883
2567149,1847
2567150,1847
2567151,1847
2567152,1847
2567153,1847
2567154,1847
2567155,1847
2567156,1867
2567157,1867
2567158,1867
2567159,1867
2567160,1867
2567161,1867
2567162,1867
2567163,1867
2567164,1811
2567165,1811
2567166,1811
2567167,1811
2567168,1811
2567169,1811
2567170,1811
2567171,1759
2567172,1759
2567173,1759
2567174,1759
2567175,1759
2567176,1759
2567177,1759
2567178,1759
2567179,1768
2567180,1768
2567181,1768
2567182,1768
2567183,1768
2567184,1768
2567185,1768
2567186,1767
2567187,1767
2567188,1767
2567189,1767
2567190,1767
2567191,1767
2567192,1767
2567193,1767
2567194,1746
2567195,1746
2567196,1746
2567197,1746
2567198,1746
2567199,1746
2567200,1746
2567201,1731
2567202,1731
2567203,1731
2567204,1731
2567205,1731
2567206,1731
2567207,1731
2567208,1731
2567209,1711
2567210,1711
2567211,1711
2567212,1711
2567213,1711
2567214,1711
2567215,1711
2567216,1692
2567217,1692
2567218,1692
2567219,1692
2567220,1692
2567221,1692
2567222,1692
2567223,1692
2567224,1703
2567225,1703
2567226,1703
2567227,1703
2567228,1703
2567229,1703
2567230,1703
2567231,1682
2567232,1682
2567233,1682
2567234,1682
2567235,1682
2567236,1682
2567237,1682
2567238,1682
2567239,1666
2567240,1666
2567241,1666
2567242,1666
2567243,1666
2567244,1666
2567245,1666
2567246,1641
2567247,1641
2567248,1641
2567249,1641
2567250,1641
2567251,1641
2567252,1641
2567253,1641
2567254,1688
2567255,1688
2567256,1688
2567257,1688
2567258,1688
2567259,1688
2567260,1688
2567261,1677
2567262,1677
2567263,1677
2567264,1677
2567265,1677
2567266,1677
2567267,1677
2567268,1677
2567269,1675
2567270,1675
2567271,1675
2567275,1647
2567276,1626
2567284,1545
2567285,1545
2567286,1545
2567287,1545
2567288,1545
2567289,1545
2567290,1545
2567291,1437
2567292,1437
2567293,1437
2567294,1437
2567295,1437
2567296,1437
2567299,1562
2567300,1562
2567301,1562
2567302,1562
2567303,1562
2567305,1562
2567306,1625
2567307,1625
2567308,1625
2567309,1625
2567310,1625
2567311,1625
2567312,1625
2567313,1625
2567314,1681
2567315,1681
2567316,1681
2567317,1681
2567318,1681
2567319,1681
2567320,1681
2567321,1646
2567322,1646
2567323,1646
2567324,1646
2567325,1646
2567326,1646
2567327,1646
2567328,1646
2567329,1678
2567330,1678
2567331,1678
2567332,1678
2567333,1678
2567334,1678
2567335,1678
2567336,1722
2567337,1722
2567338,1722
2567339,1748
2567340,1748
2567341,1748
2567342,1748
2567343,1748
2567344,1819
2567345,1819
2567346,1819
2567347,1819
2571236,1097
2571299,1487
2571300,1487
2571302,1487
2571311,1663
2571327,1708
2571328,1708
2571329,1708
2571338,1630
2571339,1792
2571340,1792
2571341,1818
2571342,1818
2571343,1818
2571344,1818
2571345,1818
2571346,1818
2571347,1818
2571348,1818
2571349,1840
2571350,1840
2571351,1840
2571352,1840
2571353,1840
2571354,1840
2571355,1840
2571356,1851
2571357,1851
2571358,1851
2571359,1851
2571360,1851
2571361,1851
2571362,1851
2571363,1851
2571364,1841
2571365,1841
2571366,1841
2571367,1841
2571368,1841
2571369,1841
2571370,1841
2571371,1841
2571372,1841
2571373,1841
2571374,1841
2571375,1841
2571376,1841
2571377,1841
2571378,1841
2571379,1862
2571380,1862
2571381,1862
2571382,1862
2571383,1862
2571384,1862
2571385,1862
2571386,1891
2571387,1891
2571388,1891
2571389,1891
2571390,1891
2571391,1891
2571392,1891
2571393,1891
2571394,1912
2571395,1912
2571396,1912
2571397,1912
2571398,1912
2571399,1912
2571400,1912
2571401,1914
2571402,1914
2571403,1914
2571404,1914
2571405,1914
2571406,1914
2571407,1914
2571408,1914
2571409,1917
2571410,1917
2571411,1917
2571412,1731
2571413,1626
2571414,1626
2571415,1626
2571416,1589
2571417,1589
2571418,1893
2571419,1893
2571420,1893
2571421,1893
2571422,1893
2571423,1893
2571424,1860
2571425,1860
2571426,1860
2571427,1860
2571428,1860
2571429,1860
2571430,1860
2571431,1840
2571432,1840
2571433,1840
2571435,1840
2571436,1840
2571437,1840
2571438,1840
2571439,1813
2571440,1813
2571441,1813
2571442,1813
2571443,1813
2571444,1813
2571445,1813
2571446,1846
2571447,1846
2571448,1846
2571449,1846
2571450,1846
2571451,1846
2571452,1846
2571453,1846
2571454,1890
2571455,1890
2571456,1890
2571457,1890
2571458,1890
2571459,1890
2571460,1890
2571462,1905
2571463,1883
2571464,1883
2571465,1883
2571466,1883
2571467,1883
2571468,1883
2571469,1847
2571470,1847
2571471,1847
2571472,1847
2571473,1847
2571474,1847
2571475,1847
2571476,1867
2571477,1867
2571478,1867
2571479,1867
2571480,1867
2571481,1867
2571482,1867
2571483,1867
2571484,1811
2571485,1811
2571486,1811
2571487,1811
2571488,1811
2571489,1811
2571490,1811
2571491,1759
2571492,1759
2571493,1759
2571494,1759
2571495,1759
2571496,1759
2571497,1759
2571498,1759
2571499,1768
2571500,1768
2571501,1768
2571502,1768
2571503,1768
2571504,1768
2571505,1768
2571506,1767
2571507,1767
2571508,1767
2571509,1767
2571510,1767
2571511,1767
2571512,1767
2571513,1767
2571514,1746
2571515,1746
2571516,1746
2571517,1746
2571518,1746
2571519,1746
2571520,1746
2571521,1731
2571522,1731
2571523,1731
2571524,1731
2571525,1731
2571526,1731
2571527,1731
2571528,1731
2571529,1711
2571530,1711
2571531,1711
2571532,1711
2571533,1711
2571534,1711
2571535,1711
2571536,1692
2571537,1692
2571538,1692
2571539,1692
2571540,1692
2571541,1692
2571542,1692
2571543,1692
2571544,1703
2571545,1703
2571546,1703
2571547,1703
2571548,1703
2571549,1703
2571550,1703
2571551,1682
2571552,1682
2571553,1682
2571554,1682
2571555,1682
2571556,1682
2571557,1682
2571558,1682
2571559,1666
2571560,1666
2571561,1666
2571562,1666
2571563,1666
2571564,1666
2571565,1666
2571566,1641
2571567,1641
2571568,1641
2571569,1641
2571570,1641
2571571,1641
2571572,1641
2571573,1641
2571574,1688
2571575,1688
2571576,1688
2571577,1688
2571578,1688
2571579,1688
2571580,1688
2571581,1677
2571582,1677
2571583,1677
2571584,1677
2571585,1677
2571586,1677
2571587,1677
2571588,1677
2571589,1675
2571590,1675
2571595,1647
2571596,1626
2571603,1626
2571604,1545
2571605,1545
2571606,1545
2571607,1545
2571608,1545
2571609,1545
2571610,1545
2571611,1437
2571612,1437
2571613,1437
2571614,1437
2571615,1437
2571616,1437
2571618,1437
2571619,1562
2571620,1562
2571621,1562
2571622,1562
2571623,1562
2571624,1562
2571625,1562
2571626,1625
2571627,1625
2571628,1625
2571629,1625
2571630,1625
2571631,1625
2571632,1625
2571633,1625
2571634,1681
2571635,1681
2571636,1681
2571637,1681
2571638,1681
2571639,1681
2571640,1681
2571641,1646
2571642,1646
2571643,1646
2571644,1646
2571645,1646
2571646,1646
2571647,1646
2571648,1646
2571649,1678
2571650,1678
2571651,1678
2571652,1678
2571653,1678
2571654,1678
2571655,1678
2571656,1722
2571657,1722
2571658,1722
2571659,1722
2571660,1722
2571661,1748
2571662,1748
2571663,1748
2571664,1819
2571665,1819
2571666,1819
2571667,1819
2571668,1819
2571669,1819
2571670,1819
2575618,1487
2575619,1487
2575620,1487
2575622,1487
2575623,1487
2575631,1663
2575632,1663
2575635,1663
2575647,1708
2575648,1708
2575649,1708
2575658,1630
2575659,1792
2575660,1792
2575661,1818
2575662,1818
2575663,1818
2575664,1818
2575665,1818
2575666,1818
2575667,1818
2575668,1818
2575669,1840
2575670,1840
2575671,1840
2575672,1840
2575673,1840
2575674,1840
2575675,1840
2575676,1851
2575677,1851
2575678,1851
2575679,1851
2575680,1851
2575681,1851
2575682,1851
2575683,1851
2575684,1841
2575685,1841
2575686,1841
2575687,1841
2575688,1841
2575689,1841
2575690,1841
2575691,1841
2575692,1841
2575693,1841
2575694,1841
2575695,1841
2575696,1841
2575697,1841
2575698,1841
2575699,1862
2575700,1862
2575701,1862
2575702,1862
2575703,1862
2575704,1862
2575705,1862
2575706,1891
2575707,1891
2575708,1891
2575709,1891
2575710,1891
2575711,1891
2575712,1891
2575713,1891
2575714,1912
2575715,1912
2575716,1912
2575717,1912
2575718,1912
2575719,1912
2575720,1912
2575721,1914
2575722,1914
2575723,1914
2575724,1914
2575725,1914
2575726,1914
2575727,1914
2575728,1914
2575729,1917
2575730,1917
2575731,1917
2575732,1917
2575733,1626
2575734,1626
2575735,1626
2575736,1589
2575737,1589
2575738,1893
2575739,1893
2575740,1893
2575741,1893
2575742,1893
2575743,1893
2575744,1860
2575745,1860
2575746,1860
2575747,1860
2575748,1860
2575749,1860
2575750,1860
2575751,1840
2575752,1840
2575753,1840
2575755,1840
2575756,1840
2575757,1840
2575758,1840
2575759,1813
2575760,1813
2575761,1813
2575762,1813
2575763,1813
2575764,1813
2575765,1813
2575766,1846
2575767,1846
2575768,1846
2575769,1846
2575770,1846
2575771,1846
2575772,1846
2575773,1846
2575774,1890
2575775,1890
2575776,1890
2575777,1890
2575778,1890
2575779,1890
2575780,1890
2575781,1905
2575782,1883
2575783,1883
2575784,1883
2575785,1883
2575786,1883
2575787,1883
2575788,1883
2575789,1847
2575790,1847
2575791,1847
2575792,1847
2575793,1847
2575794,1847
2575795,1847
2575796,1867
2575797,1867
2575798,1867
2575799,1867
2575800,1867
2575801,1867
2575802,1867
2575803,1867
2575804,1811
2575805,1811
2575806,1811
2575807,1811
2575808,1811
2575809,1811
2575810,1811
2575811,1759
2575812,1759
2575813,1759
2575814,1759
2575815,1759
2575816,1759
2575817,1759
2575818,1759
2575819,1768
2575820,1768
2575821,1768
2575822,1768
2575823,1768
2575824,1768
2575825,1768
2575826,1767
2575827,1767
2575828,1767
2575829,1767
2575830,1767
2575831,1767
2575832,1767
2575833,1767
2575834,1746
2575835,1746
2575836,1746
2575837,1746
2575838,1746
2575839,1746
2575840,1746
2575841,1731
2575842,1731
2575843,1731
2575844,1731
2575845,1731
2575846,1731
2575847,1731
2575848,1731
2575849,1711
2575850,1711
2575851,1711
2575852,1711
2575853,1711
2575854,1711
2575855,1711
2575856,1692
2575857,1692
2575858,1692
2575859,1692
2575860,1692
2575861,1692
2575862,1692
2575863,1692
2575864,1703
2575865,1703
2575866,1703
2575867,1703
2575868,1703
2575869,1703
2575870,1703
2575871,1682
2575872,1682
2575873,1682
2575874,1682
2575875,1682
2575876,1682
2575877,1682
2575878,1682
2575879,1666
2575880,1666
2575881,1666
2575882,1666
2575883,1666
2575884,1666
2575885,1666
2575886,1641
2575887,1641
2575888,1641
2575889,1641
2575890,1641
2575891,1641
2575892,1641
2575893,1641
2575894,1688
2575895,1688
2575896,1688
2575897,1688
2575898,1688
2575899,1688
2575900,1688
2575901,1677
2575902,1677
2575903,1677
2575904,1677
2575905,1677
2575906,1677
2575907,1677
2575908,1677
2575909,1675
2575910,1675
2575914,1647
2575915,1647
2575916,1626
2575917,1626
2575918,1626
2575922,1626
2575923,1626
2575924,1545
2575925,1545
2575926,1545
2575927,1545
2575928,1545
2575929,1545
2575930,1545
2575931,1437
2575932,1437
2575933,1437
2575934,1437
2575935,1437
2575936,1437
2575937,1437
2575938,1437
2575939,1562
2575940,1562
2575941,1562
2575942,1562
2575943,1562
2575944,1562
2575945,1562
2575946,1625
2575947,1625
2575948,1625
2575949,1625
2575950,1625
2575951,1625
2575952,1625
2575953,1625
2575954,1681
2575955,1681
2575956,1681
2575957,1681
2575958,1681
2575959,1681
2575960,1681
2575961,1646
2575962,1646
2575963,1646
2575964,1646
2575965,1646
2575966,1646
2575967,1646
2575968,1646
2575969,1678
2575970,1678
2575971,1678
2575972,1678
2575973,1678
2575974,1678
2575975,1678
2575976,1722
2575977,1722
2575978,1722
2575979,1722
2575980,1722
2575981,1722
2575982,1748
2575983,1748
2575984,1819
2575985,1819
2575986,1819
2575987,1819
2575988,1819
2575989,1819
2575990,1819
2579939,1530
2579941,1530
2579954,1702
2579961,1679
2579962,1679
2579967,1754
2579968,1754
2579977,1851
2579978,1851
2579979,1851
2579980,1851
2579981,1885
2579982,1885
2579983,1885
2579984,1885
2579985,1885
2579986,1885
2579987,1885
2579988,1885
2579989,1916
2579990,1916
2579991,1916
2579992,1916
2579993,1916
2579994,1916
2579995,1916
2579996,1931
2579997,1931
2579998,1931
2579999,1931
2580000,1931
2580001,1931
2580002,1931
2580003,1931
2580004,1944
2580005,1944
2580006,1944
2580007,1944
2580008,1944
2580009,1944
2580010,1944
2580011,1935
2580012,1935
2580013,1935
2580014,1935
2580015,1935
2580016,1935
2580017,1935
2580018,1935
2580019,1942
2580020,1942
2580021,1942
2580022,1942
2580023,1942
2580024,1942
2580025,1942
2580026,1950
2580027,1950
2580028,1950
2580029,1950
2580030,1950
2580031,1761
2580032,1950
2580033,1950
2580034,1959
2580035,1959
2580036,1959
2580037,1959
2580038,1959
2580039,1959
2580040,1959
2580041,1930
2580042,1930
2580043,1930
2580044,1930
2580045,1930
2580046,1930
2580047,1930
2580048,1930
2580049,1952
2580050,1952
2580051,1952
2580052,1952
2580053,1952
2580054,1975
2580055,1975
2580056,1962
2580057,1962
2580058,1962
2580059,1962
2580060,1962
2580061,1962
2580062,1962
2580063,1962
2580064,1935
2580065,1935
2580066,1935
2580067,1935
2580068,1935
2580069,1935
2580070,1935
2580071,1929
2580072,1929
2580073,1929
2580074,1929
2580075,1929
2580076,1929
2580077,1929
2580078,1929
2580080,1897
2580081,1897
2580082,1897
2580083,1897
2580084,1897
2580085,1897
2580086,1897
2580087,1897
2580088,1897
2580089,1897
2580090,1897
2580091,1897
2580092,1897
2580093,1897
2580094,1932
2580095,1932
2580096,1932
2580097,1932
2580098,1932
2580099,1932
2580100,1932
2580101,1956
2580102,1933
2580103,1933
2580104,1933
2580105,1933
2580106,1933
2580107,1933
2580108,1933
2580109,1918
2580110,1918
2580111,1918
2580112,1918
2580113,1918
2580114,1918
2580115,1918
2580116,1913
2580117,1913
2580118,1913
2580119,1913
2580120,1913
2580121,1913
2580122,1913
2580123,1913
2580124,1868
2580125,1868
2580126,1868
2580127,1868
2580128,1868
2580129,1868
2580130,1868
2580131,1827
2580132,1827
2580133,1827
2580134,1827
2580135,1827
2580136,1827
2580137,1827
2580138,1827
2580139,1832
2580140,1832
2580141,1832
2580142,1832
2580143,1832
2580144,1832
2580145,1832
2580146,1818
2580147,1818
2580148,1818
2580149,1818
2580150,1818
2580151,1818
2580152,1818
2580153,1818
2580154,1776
2580155,1776
2580156,1776
2580157,1776
2580158,1776
2580159,1776
2580160,1776
2580161,1751
2580162,1751
2580163,1751
2580164,1751
2580165,1751
2580166,1751
2580167,1751
2580168,1751
2580169,1725
2580170,1725
2580171,1725
2580172,1725
2580173,1725
2580174,1725
2580175,1725
2580176,1683
2580177,1683
2580178,1683
2580179,1683
2580180,1683
2580181,1683
2580182,1683
2580183,1683
2580184,1728
2580185,1728
2580186,1728
2580187,1728
2580188,1728
2580189,1728
2580190,1728
2580191,1712
2580192,1712
2580193,1712
2580194,1712
2580195,1712
2580196,1712
2580197,1712
2580198,1712
2580199,1734
2580200,1734
2580201,1734
2580202,1734
2580203,1734
2580204,1734
2580205,1734
2580206,1753
2580207,1753
2580208,1753
2580209,1753
2580210,1753
2580211,1753
2580212,1753
2580213,1753
2580214,1774
2580215,1774
2580216,1774
2580217,1774
2580218,1774
2580219,1774
2580220,1774
2580221,1746
2580222,1746
2580223,1746
2580224,1746
2580225,1746
2580226,1746
2580227,1746
2580228,1746
2580229,1718
2580230,1718
2580233,1689
2580234,1689
2580235,1689
2580236,1645
2580237,1645
2580238,1645
2580239,1645
2580240,1645
2580242,1645
2580243,1645
2580244,1485
2580245,1485
2580246,1485
2580247,1485
2580248,1485
2580249,1485
2580250,1485
2580251,1508
2580252,1508
2580253,1508
2580254,1508
2580255,1508
2580256,1508
2580257,1508
2580258,1508
2580259,1642
2580260,1642
2580261,1642
2580262,1642
2580263,1642
2580264,1642
2580265,1642
2580266,1694
2580267,1694
2580268,1694
2580269,1694
2580270,1694
2580271,1694
2580272,1694
2580273,1694
2580274,1762
2580275,1762
2580276,1762
2580277,1762
2580278,1762
2580279,1762
2580280,1762
2580281,1777
2580282,1777
2580283,1777
2580284,1777
2580285,1777
2580286,1777
2580287,1777
2580288,1777
2580289,1828
2580290,1828
2580291,1828
2580292,1828
2580293,1828
2580294,1828
2580295,1828
2580296,1834
2580297,1834
2580298,1834
2580299,1834
2580300,1834
2580301,1834
2580302,1834
2580303,1861
2580304,1863
2580305,1863
2580306,1863
2580307,1863
2580308,1863
2580309,1863
2580310,1863
2584054,2342
2584179,1534
2584180,1534
2584244,716
2584258,1530
2584259,1530
2584265,1670
2584266,1670
2584270,1670
2584271,1702
2584280,1679
2584281,1679
2584282,1679
2584283,1679
2584287,1754
2584288,1754
2584298,1851
2584299,1851
2584300,1851
2584301,1885
2584302,1885
2584303,1885
2584304,1885
2584305,1885
2584306,1885
2584307,1885
2584308,1885
2584309,1916
2584310,1916
2584311,1916
2584312,1916
2584313,1916
2584314,1916
2584315,1916
2584316,1931
2584317,1931
2584318,1931
2584319,1931
2584320,1931
2584321,1931
2584322,1931
2584323,1931
2584324,1944
2584325,1944
2584326,1944
2584327,1944
2584328,1944
2584329,1944
2584330,1944
2584331,1935
2584332,1935
2584333,1935
2584334,1935
2584335,1935
2584336,1935
2584337,1935
2584338,1935
2584339,1942
2584340,1942
2584341,1942
2584342,1942
2584343,1942
2584344,1942
2584345,1942
2584346,1950
2584347,1950
2584348,1950
2584349,1950
2584350,1950
2584351,1950
2584352,1950
2584353,1950
2584354,1959
2584355,1959
2584356,1959
2584357,1959
2584358,1959
2584359,1959
2584360,1959
2584361,1930
2584362,1930
2584363,1930
2584364,1930
2584365,1930
2584366,1930
2584367,1930
2584368,1930
2584369,1952
2584370,1952
2584371,1952
2584372,1952
2584373,1952
2584374,1952
2584375,1975
2584376,1962
2584377,1962
2584378,1962
2584380,1962
2584381,1962
2584382,1962
2584383,1962
2584384,1935
2584385,1935
2584386,1935
2584387,1935
2584388,1935
2584389,1935
2584390,1935
2584391,1929
2584392,1929
2584393,1929
2584394,1929
2584395,1929
2584396,1929
2584397,1929
2584398,1929
2584400,1897
2584401,1897
2584402,1897
2584403,1897
2584404,1897
2584405,1897
2584406,1897
2584407,1897
2584408,1897
2584409,1897
2584410,1897
2584411,1897
2584412,1897
2584413,1897
2584414,1932
2584415,1932
2584416,1932
2584417,1932
2584418,1932
2584419,1932
2584420,1932
2584421,1956
2584422,1933
2584423,1933
2584424,1933
2584425,1933
2584426,1933
2584427,1933
2584428,1933
2584429,1918
2584430,1918
2584431,1918
2584432,1918
2584433,1918
2584434,1918
2584435,1918
2584436,1746
2584437,1913
2584438,1913
2584439,1913
2584440,1913
2584441,1913
2584442,1913
2584443,1913
2584444,1868
2584445,1868
2584446,1868
2584447,1868
2584448,1868
2584449,1868
2584450,1868
2584451,1827
2584452,1827
2584453,1827
2584454,1827
2584455,1827
2584456,1827
2584457,1827
2584458,1827
2584459,1832
2584460,1832
2584461,1832
2584462,1832
2584463,1832
2584464,1832
2584465,1832
2584466,1818
2584467,1818
2584468,1818
2584469,1818
2584470,1818
2584471,1818
2584472,1818
2584473,1818
2584474,1776
2584475,1776
2584476,1776
2584477,1776
2584478,1776
2584479,1776
2584480,1776
2584481,1751
2584482,1751
2584483,1751
2584484,1751
2584485,1751
2584486,1751
2584487,1751
2584488,1751
2584489,1725
2584490,1725
2584491,1725
2584492,1725
2584493,1725
2584494,1725
2584495,1725
2584496,1683
2584497,1683
2584498,1683
2584499,1683
2584500,1683
2584501,1683
2584502,1683
2584503,1683
2584504,1728
2584505,1728
2584506,1728
2584507,1728
2584508,1728
2584509,1728
2584510,1728
2584511,1712
2584512,1712
2584513,1712
2584514,1712
2584515,1712
2584516,1712
2584517,1712
2584518,1712
2584519,1734
2584520,1734
2584521,1734
2584522,1734
2584523,1557
2584524,1557
2584525,1734
2584526,1753
2584527,1753
2584528,1753
2584529,1753
2584530,1753
2584531,1753
2584532,1753
2584533,1753
2584534,1774
2584535,1774
2584536,1774
2584537,1774
2584538,1774
2584539,1774
2584540,1774
2584541,1746
2584543,1746
2584544,1746
2584545,1570
2584546,1570
2584547,1570
2584548,1570
2584549,1545
2584550,1545
2584557,1645
2584558,1645
2584559,1645
2584560,1645
2584561,1645
2584562,1645
2584563,1645
2584564,1485
2584565,1485
2584566,1485
2584567,1485
2584568,1485
2584569,1485
2584570,1485
2584571,1508
2584572,1508
2584573,1508
2584574,1508
2584575,1508
2584576,1508
2584577,1508
2584578,1508
2584579,1642
2584580,1642
2584581,1642
2584582,1642
2584583,1642
2584584,1642
2584585,1642
2584586,1694
2584587,1694
2584588,1694
2584589,1694
2584590,1694
2584591,1694
2584592,1694
2584593,1694
2584594,1762
2584595,1762
2584596,1762
2584597,1762
2584598,1762
2584599,1762
2584600,1762
2584601,1777
2584602,1777
2584603,1777
2584604,1777
2584605,1777
2584606,1777
2584607,1777
2584608,1777
2584609,1828
2584610,1828
2584611,1828
2584612,1828
2584613,1828
2584614,1828
2584615,1828
2584616,1834
2584621,1834
2584622,1834
2584623,1861
2584624,1863
2584625,1863
2584626,1863
2584627,1863
2588373,2379
2588374,2342
2588544,1217
2588545,1217
2588546,788
2588579,1530
2588581,1530
2588584,1670
2588585,1670
2588586,1670
2588587,1670
2588588,1670
2588589,1670
2588590,1670
2588591,1702
2588593,1702
2588594,1702
2588597,1702
2588599,1679
2588600,1679
2588601,1679
2588602,1679
2588603,1679
2588613,1754
2588614,1817
2588617,1851
2588618,1681
2588619,1681
2588620,1681
2588621,1885
2588622,1885
2588623,1885
2588624,1885
2588625,1885
2588626,1885
2588627,1885
2588628,1885
2588629,1916
2588630,1916
2588631,1916
2588632,1916
2588633,1916
2588634,1916
2588635,1916
2588636,1931
2588637,1931
2588638,1931
2588639,1931
2588640,1931
2588641,1931
2588642,1931
2588643,1931
2588644,1944
2588645,1944
2588646,1944
2588647,1944
2588648,1944
2588649,1944
2588650,1944
2588651,1935
2588652,1935
2588653,1935
2588654,1935
2588655,1935
2588656,1935
2588657,1935
2588658,1935
2588659,1942
2588660,1942
2588661,1942
2588662,1942
2588663,1942
2588664,1942
2588665,1942
2588666,1950
2588667,1950
2588668,1950
2588669,1950
2588670,1950
2588671,1950
2588672,1950
2588673,1950
2588674,1959
2588675,1959
2588676,1959
2588677,1959
2588678,1959
2588679,1959
2588680,1959
2588681,1930
2588682,1930
2588683,1930
2588684,1930
2588685,1930
2588686,1930
2588687,1930
2588688,1930
2588689,1952
2588690,1952
2588691,1952
2588692,1952
2588693,1952
2588694,1952
2588695,1975
2588696,1962
2588697,1962
2588698,1962
2588699,1962
2588700,1962
2588701,1962
2588702,1962
2588703,1962
2588704,1935
2588705,1935
2588706,1935
2588707,1935
2588708,1935
2588709,1935
2588710,1935
2588711,1929
2588712,1929
2588713,1929
2588714,1929
2588715,1929
2588716,1929
2588717,1929
2588718,1929
2588720,1897
2588721,1897
2588722,1897
2588723,1897
2588724,1897
2588725,1897
2588726,1897
2588727,1897
2588728,1897
2588729,1897
2588730,1897
2588731,1897
2588732,1897
2588733,1897
2588734,1932
2588735,1932
2588736,1932
2588737,1932
2588738,1932
2588739,1932
2588740,1932
2588741,1956
2588742,1933
2588743,1933
2588744,1933
2588745,1933
2588746,1933
2588747,1933
2588748,1933
2588749,1918
2588750,1918
2588751,1918
2588752,1918
2588753,1918
2588754,1918
2588755,1918
2588756,1913
2588757,1913
2588758,1913
2588759,1913
2588760,1913
2588761,1913
2588762,1913
2588763,1913
2588764,1868
2588765,1868
2588766,1868
2588767,1868
2588768,1868
2588769,1868
2588770,1868
2588771,1827
2588772,1827
2588773,1827
2588774,1827
2588775,1827
2588776,1827
2588777,1827
2588778,1827
2588779,1832
2588780,1832
2588781,1832
2588782,1832
2588783,1832
2588784,1832
2588785,1832
2588786,1818
2588787,1818
2588788,1818
2588789,1818
2588790,1818
2588791,1818
2588792,1818
2588793,1818
2588794,1776
2588795,1776
2588796,1776
2588797,1776
2588798,1776
2588799,1776
2588800,1776
2588801,1751
2588802,1751
2588803,1751
2588804,1751
2588805,1751
2588806,1751
2588807,1751
2588808,1751
2588809,1725
2588810,1725
2588811,1725
2588812,1725
2588813,1725
2588814,1725
2588815,1725
2588816,1683
2588817,1683
2588818,1683
2588819,1683
2588820,1683
2588821,1683
2588822,1683
2588823,1683
2588824,1728
2588825,1728
2588826,1728
2588827,1728
2588828,1728
2588829,1728
2588830,1728
2588831,1712
2588832,1712
2588833,1712
2588834,1712
2588835,1712
2588836,1712
2588837,1712
2588838,1712
2588839,1734
2588840,1734
2588841,1734
2588842,1734
2588845,1734
2588846,1753
2588847,1753
2588848,1753
2588849,1753
2588850,1753
2588851,1753
2588852,1753
2588853,1753
2588854,1774
2588855,1774
2588856,1774
2588857,1774
2588858,1774
2588859,1774
2588860,1774
2588862,1746
2588863,1746
2588864,1746
2588865,1570
2588866,1570
2588867,1570
2588868,1570
2588869,1545
2588877,1645
2588878,1645
2588879,1645
2588880,1645
2588881,1645
2588882,1645
2588883,1645
2588884,1485
2588885,1485
2588886,1485
2588887,1485
2588888,1485
2588889,1485
2588890,1485
2588891,1508
2588892,1508
2588893,1508
2588894,1508
2588895,1508
2588896,1508
2588897,1508
2588898,1508
2588899,1642
2588900,1642
2588901,1642
2588902,1642
2588903,1642
2588904,1642
2588905,1642
2588906,1694
2588907,1694
2588908,1694
2588909,1694
2588910,1694
2588911,1694
2588912,1694
2588913,1694
2588914,1762
2588915,1762
2588916,1762
2588917,1762
2588918,1762
2588919,1762
2588920,1762
2588921,1777
2588922,1777
2588923,1777
2588924,1777
2588925,1777
2588926,1777
2588927,1777
2588928,1777
2588929,1828
2588930,1828
2588931,1828
2588932,1828
2588933,1828
2588934,1828
2588940,1861
2588941,1861
2588942,1861
2588943,1861
2588944,1863
2588945,1863
2588946,1863
2592912,1702
2592913,1702
2592914,1702
2592915,1702
2592916,1702
2592917,1702
2592919,1679
2592920,1679
2592921,1679
2592922,1679
2592923,1679
2592924,1679
2592931,1754
2592932,1754
2592933,1754
2592939,1871
2592941,1906
2592942,1906
2592943,1906
2592944,1906
2592945,1906
2592946,1906
2592947,1906
2592948,1906
2592949,1937
2592950,1937
2592951,1937
2592952,1937
2592953,1937
2592954,1937
2592955,1937
2592956,1952
2592957,1952
2592958,1952
2592959,1952
2592960,1952
2592961,1952
2592962,1952
2592963,1952
2592964,1966
2592965,1966
2592966,1966
2592967,1966
2592968,1966
2592969,1966
2592970,1966
2592971,1956
2592972,1956
2592973,1956
2592974,1956
2592975,1956
2592976,1956
2592977,1956
2592978,1956
2592979,1964
2592980,1964
2592981,1964
2592982,1964
2592983,1964
2592984,1964
2592985,1650
2592986,1655
2592987,1655
2592988,1655
2592989,1655
2592990,1655
2592991,1655
2592992,1655
2592993,1972
2592994,1982
2592995,1982
2592996,1663
2592997,1663
2592998,1982
2592999,1982
2593000,1982
2593001,1953
2593002,1638
2593003,1953
2593004,1953
2593005,1953
2593006,1953
2593007,1953
2593008,1953
2593009,1975
2593010,1975
2593011,1975
2593012,1975
2593013,1975
2593014,1975
2593015,1975
2593016,1962
2593017,1962
2593018,1962
2593019,1962
2593020,1962
2593021,1962
2593022,1962
2593023,1962
2593024,1935
2593025,1935
2593026,1935
2593027,1935
2593028,1935
2593029,1935
2593030,1935
2593031,1929
2593032,1929
2593033,1929
2593034,1929
2593035,1929
2593036,1929
2593037,1929
2593038,1929
2593039,1897
2593040,1897
2593041,1897
2593042,1897
2593043,1897
2593044,1897
2593045,1897
2593046,1897
2593047,1897
2593048,1897
2593049,1897
2593050,1897
2593051,1897
2593052,1897
2593053,1897
2593054,1932
2593055,1932
2593056,1932
2593057,1932
2593058,1932
2593059,1932
2593060,1932
2593062,1956
2593063,1933
2593064,1933
2593065,1933
2593066,1933
2593067,1933
2593068,1933
2593069,1918
2593070,1918
2593071,1918
2593072,1918
2593073,1918
2593074,1918
2593075,1918
2593076,1913
2593077,1913
2593078,1913
2593079,1913
2593080,1913
2593081,1913
2593082,1913
2593083,1913
2593084,1868
2593085,1868
2593086,1868
2593087,1868
2593088,1868
2593089,1868
2593090,1868
2593091,1827
2593092,1827
2593093,1827
2593094,1827
2593095,1827
2593096,1827
2593097,1827
2593098,1827
2593099,1832
2593100,1832
2593101,1832
2593102,1832
2593103,1832
2593104,1832
2593105,1832
2593106,1818
2593107,1818
2593108,1818
2593109,1818
2593110,1818
2593111,1818
2593112,1818
2593113,1818
2593114,1776
2593115,1776
2593116,1776
2593117,1776
2593118,1776
2593119,1776
2593120,1776
2593121,1751
2593122,1751
2593123,1751
2593124,1751
2593125,1751
2593126,1751
2593127,1751
2593128,1751
2593129,1725
2593130,1725
2593131,1725
2593132,1725
2593133,1725
2593134,1725
2593135,1725
2593136,1683
2593137,1683
2593138,1683
2593139,1683
2593140,1683
2593141,1683
2593142,1683
2593143,1683
2593144,1728
2593145,1728
2593146,1728
2593147,1728
2593148,1728
2593149,1728
2593150,1728
2593151,1712
2593152,1712
2593153,1712
2593154,1712
2593155,1712
2593156,1712
2593157,1712
2593158,1712
2593159,1734
2593160,1734
2593161,1734
2593162,1734
2593163,1557
2593164,1734
2593165,1734
2593166,1753
2593167,1753
2593168,1753
2593169,1753
2593170,1753
2593171,1753
2593172,1753
2593173,1753
2593174,1774
2593175,1774
2593176,1774
2593177,1774
2593178,1774
2593179,1774
2593182,1746
2593183,1746
2593185,1570
2593186,1570
2593187,1570
2593188,1570
2593198,1645
2593199,1645
2593200,1645
2593201,1645
2593202,1645
2593203,1645
2593204,1485
2593205,1485
2593206,1485
2593207,1485
2593208,1485
2593209,1485
2593210,1485
2593211,1508
2593212,1508
2593213,1508
2593214,1508
2593215,1508
2593216,1508
2593217,1508
2593218,1508
2593219,1642
2593220,1642
2593221,1642
2593222,1642
2593223,1642
2593224,1642
2593225,1642
2593226,1694
2593227,1694
2593228,1694
2593229,1694
2593230,1694
2593231,1694
2593232,1694
2593233,1694
2593234,1762
2593235,1762
2593236,1762
2593237,1762
2593238,1762
2593239,1762
2593240,1762
2593241,1777
2593242,1777
2593243,1777
2593244,1777
2593245,1777
2593246,1777
2593247,1777
2593248,1777
2593249,1828
2593250,1828
2593251,1828
2593252,1828
2593253,1828
2593260,1861
2593261,1861
2593262,1861
2593263,1861
2593264,1863
2597232,1702
2597233,1702
2597234,1702
2597235,1702
2597236,1702
2597237,1702
2597238,1702
2597239,1679
2597240,1679
2597241,1679
2597242,1679
2597243,1679
2597244,1679
2597255,1871
2597256,1871
2597258,1871
2597259,1871
2597260,1871
2597261,1906
2597262,1906
2597263,1906
2597264,1906
2597265,1906
2597266,1906
2597267,1906
2597268,1906
2597269,1937
2597270,1937
2597271,1937
2597272,1937
2597273,1937
2597274,1937
2597275,1937
2597276,1952
2597277,1952
2597278,1952
2597279,1952
2597280,1952
2597281,1952
2597282,1952
2597283,1952
2597284,1966
2597285,1966
2597286,1966
2597287,1966
2597288,1966
2597289,1966
2597290,1966
2597291,1956
2597292,1956
2597293,1956
2597294,1956
2597295,1956
2597296,1956
2597297,1956
2597298,1956
2597299,1964
2597300,1964
2597301,1964
2597302,1964
2597303,1964
2597304,1964
2597305,1650
2597306,1655
2597307,1655
2597308,1655
2597309,1655
2597310,1655
2597311,1655
2597312,1972
2597313,1972
2597314,1982
2597315,1982
2597316,1663
2597317,1663
2597318,1982
2597319,1982
2597320,1982
2597321,1953
2597322,1953
2597323,1953
2597324,1953
2597325,1953
2597326,1953
2597327,1953
2597328,1953
2597329,1975
2597330,1975
2597331,1975
2597332,1975
2597333,1975
2597334,1975
2597335,1975
2597336,1962
2597337,1962
2597338,1962
2597339,1962
2597340,1962
2597341,1962
2597342,1962
2597343,1962
2597344,1935
2597345,1935
2597346,1935
2597347,1935
2597348,1935
2597349,1935
2597350,1935
2597351,1929
2597352,1929
2597353,1929
2597354,1929
2597355,1929
2597356,1929
2597357,1929
2597358,1929
2597359,1897
2597360,1897
2597361,1897
2597362,1897
2597363,1897
2597364,1897
2597365,1897
2597366,1897
2597367,1897
2597368,1897
2597369,1897
2597370,1897
2597371,1897
2597372,1897
2597376,1932
2597377,1932
2597378,1932
2597379,1932
2597380,1932
2597381,1956
2597382,1956
2597383,1933
2597384,1933
2597385,1933
2597386,1933
2597387,1933
2597388,1933
2597389,1918
2597390,1918
2597391,1918
2597392,1918
2597393,1918
2597394,1918
2597395,1918
2597396,1913
2597397,1913
2597398,1913
2597399,1913
2597400,1913
2597401,1913
2597402,1913
2597403,1913
2597404,1868
2597405,1868
2597406,1868
2597407,1868
2597408,1868
2597409,1868
2597410,1868
2597411,1827
2597412,1827
2597413,1827
2597414,1827
2597415,1827
2597416,1827
2597417,1827
2597418,1827
2597419,1832
2597420,1832
2597421,1832
2597422,1832
2597423,1832
2597424,1832
2597425,1832
2597426,1818
2597427,1818
2597428,1818
2597429,1818
2597430,1818
2597431,1818
2597432,1818
2597433,1818
2597434,1776
2597435,1776
2597436,1776
2597437,1776
2597438,1776
2597439,1776
2597440,1776
2597441,1751
2597442,1751
2597443,1751
2597444,1751
2597447,1586
2597448,1751
2597449,1725
2597450,1725
2597451,1725
2597452,1725
2597453,1725
2597454,1725
2597455,1725
2597456,1683
2597457,1683
2597458,1683
2597459,1683
2597460,1683
2597461,1683
2597462,1683
2597463,1683
2597464,1728
2597465,1728
2597466,1728
2597467,1728
2597468,1728
2597469,1728
2597470,1728
2597471,1712
2597472,1712
2597473,1712
2597474,1712
2597475,1712
2597476,1712
2597477,1712
2597478,1712
2597479,1734
2597480,1734
2597481,1734
2597482,1734
2597483,1734
2597484,1734
2597485,1734
2597486,1753
2597487,1753
2597488,1753
2597489,1753
2597490,1753
2597491,1753
2597492,1753
2597493,1753
2597494,1774
2597495,1774
2597496,1774
2597497,1774
2597498,1774
2597499,1774
2597501,1570
2597502,1570
2597504,1570
2597505,1570
2597506,1570
2597507,1570
2597508,1570
2597519,1645
2597520,1645
2597521,1645
2597522,1645
2597523,1645
2597524,1485
2597525,1485
2597526,1485
2597527,1485
2597528,1485
2597529,1485
2597530,1485
2597531,1508
2597532,1508
2597533,1508
2597534,1508
2597535,1508
2597536,1508
2597537,1508
2597538,1508
2597539,1642
2597540,1642
2597541,1642
2597542,1642
2597543,1642
2597544,1642
2597545,1642
2597546,1694
2597547,1694
2597548,1694
2597549,1694
2597550,1694
2597551,1694
2597552,1694
2597553,1694
2597554,1762
2597555,1762
2597556,1762
2597557,1762
2597558,1762
2597559,1762
2597560,1762
2597561,1777
2597562,1777
2597563,1777
2597564,1777
2597565,1777
2597566,1777
2597567,1777
2597568,1777
2597569,1828
2597570,1828
2597571,1828
2597572,1828
2597573,1607
2597575,1607
2597576,1616
2597577,1616
2597578,1861
2597580,1861
2597581,1861
2597582,1861
2597583,1861
2597584,1863
2601547,1670
2601548,1670
2601549,1670
2601550,1670
2601552,1702
2601553,1702
2601554,1702
2601555,1702
2601556,1702
2601557,1702
2601558,1702
2601559,1679
2601560,1679
2601561,1679
2601562,1679
2601563,1679
2601564,1679
2601565,1679
2601574,1817
2601575,1871
2601576,1871
2601579,1871
2601580,1871
2601581,1906
2601582,1906
2601583,1906
2601584,1906
2601585,1906
2601586,1906
2601587,1906
2601588,1906
2601589,1937
2601590,1937
2601591,1937
2601592,1937
2601593,1937
2601594,1937
2601595,1937
2601596,1952
2601597,1952
2601598,1952
2601599,1952
2601600,1952
2601601,1952
2601602,1952
2601603,1952
2601604,1966
2601605,1966
2601606,1966
2601607,1966
2601608,1966
2601609,1966
2601610,1966
2601611,1647
2601612,1956
2601613,1647
2601614,1647
2601615,1647
2601616,1956
2601617,1956
2601618,1956
2601619,1964
2601620,1964
2601621,1964
2601622,1964
2601623,1964
2601624,1964
2601625,1650
2601626,1655
2601627,1655
2601628,1972
2601629,1655
2601630,1972
2601631,1972
2601632,1972
2601633,1972
2601634,1663
2601635,1663
2601636,1663
2601637,1663
2601638,1982
2601639,1982
2601640,1982
2601641,1953
2601642,1953
2601643,1953
2601644,1953
2601645,1953
2601646,1953
2601647,1953
2601648,1953
2601649,1975
2601650,1975
2601651,1975
2601652,1975
2601653,1975
2601654,1975
2601655,1975
2601656,1962
2601657,1962
2601658,1962
2601659,1962
2601660,1962
2601661,1962
2601662,1962
2601663,1962
2601664,1935
2601665,1935
2601666,1935
2601667,1935
2601668,1935
2601669,1935
2601670,1935
2601671,1929
2601672,1929
2601673,1929
2601674,1929
2601675,1929
2601676,1929
2601677,1929
2601678,1929
2601679,1897
2601680,1897
2601681,1897
2601682,1897
2601683,1897
2601684,1897
2601685,1897
2601686,1897
2601687,1897
2601688,1897
2601689,1897
2601690,1897
2601691,1897
2601692,1897
2601693,1897
2601694,1932
2601695,1932
2601696,1932
2601697,1932
2601698,1932
2601699,1932
2601700,1932
2601701,1956
2601702,1956
2601703,1956
2601704,1933
2601705,1933
2601706,1933
2601707,1933
2601708,1933
2601709,1918
2601710,1918
2601711,1918
2601712,1918
2601713,1918
2601714,1918
2601715,1918
2601716,1913
2601717,1913
2601718,1913
2601719,1913
2601720,1913
2601721,1913
2601722,1913
2601723,1913
2601724,1868
2601725,1868
2601726,1868
2601727,1868
2601728,1868
2601729,1868
2601730,1868
2601731,1827
2601732,1827
2601733,1827
2601734,1827
2601735,1827
2601736,1827
2601737,1827
2601738,1827
2601739,1832
2601740,1832
2601741,1832
2601742,1832
2601743,1832
2601744,1832
2601745,1832
2601746,1818
2601747,1818
2601748,1818
2601749,1818
2601750,1818
2601751,1818
2601752,1818
2601753,1818
2601754,1776
2601755,1776
2601756,1776
2601757,1776
2601758,1776
2601759,1776
2601760,1776
2601761,1751
2601762,1751
2601763,1751
2601764,1751
2601767,1751
2601768,1751
2601769,1725
2601770,1725
2601771,1725
2601772,1725
2601773,1725
2601774,1725
2601775,1725
2601776,1683
2601777,1683
2601778,1683
2601779,1683
2601780,1683
2601781,1683
2601782,1683
2601783,1683
2601784,1728
2601785,1728
2601786,1728
2601787,1728
2601788,1728
2601789,1728
2601790,1728
2601791,1712
2601792,1712
2601793,1712
2601794,1712
2601795,1712
2601796,1712
2601797,1712
2601798,1712
2601799,1734
2601800,1734
2601801,1734
2601802,1734
2601803,1734
2601804,1734
2601805,1734
2601806,1753
2601807,1753
2601808,1753
2601809,1753
2601810,1753
2601811,1753
2601812,1753
2601813,1753
2601814,1774
2601815,1774
2601816,1774
2601817,1774
2601818,1774
2601820,1594
2601824,1570
2601825,1570
2601826,1570
2601827,1570
2601828,1570
2601840,1645
2601841,1645
2601842,1645
2601843,1645
2601844,1485
2601845,1485
2601846,1485
2601847,1485
2601848,1485
2601849,1485
2601850,1485
2601851,1508
2601852,1508
2601853,1508
2601854,1508
2601855,1508
2601856,1508
2601857,1508
2601858,1508
2601859,1642
2601860,1642
2601861,1642
2601862,1642
2601863,1642
2601864,1642
2601865,1642
2601866,1694
2601867,1694
2601868,1694
2601869,1694
2601870,1694
2601871,1694
2601872,1694
2601873,1694
2601874,1762
2601875,1762
2601876,1762
2601877,1762
2601878,1762
2601879,1762
2601880,1762
2601881,1777
2601882,1777
2601883,1777
2601884,1777
2601885,1777
2601886,1777
2601887,1777
2601888,1777
2601889,1828
2601890,1828
2601891,1883
2601892,1883
2601893,1883
2601895,1855
2601896,1861
2601897,1861
2601898,1861
2601899,1861
2601900,1861
2601901,1861
2601902,1861
2601903,1861
2601904,1863
2601905,1863
2601906,1863
2605877,1599
2605878,1599
2605879,1657
2605880,1657
2605881,1657
2605882,1657
2605883,1657
2605884,1657
2605885,1657
2605892,1758
2605893,1758
2605895,1868
2605897,1868
2605898,1868
2605899,1868
2605900,1868
2605901,1906
2605902,1906
2605903,1906
2605904,1906
2605905,1906
2605906,1906
2605907,1906
2605908,1906
2605909,1949
2605910,1949
2605911,1949
2605912,1949
2605913,1949
2605914,1949
2605915,1949
2605916,1997
2605917,1997
2605918,1997
2605919,1997
2605920,1997
2605921,1997
2605922,1997
2605923,1997
2605924,2036
2605925,2036
2605926,2036
2605927,2036
2605928,2036
2605929,2036
2605930,2036
2605931,2051
2605932,1722
2605933,1722
2605934,1722
2605935,1722
2605936,2051
2605937,2051
2605938,2051
2605939,2057
2605940,2057
2605941,2057
2605942,2057
2605943,2057
2605944,2057
2605945,1725
2605946,1727
2605947,1727
2605948,1727
2605949,2058
2605950,2058
2605951,2058
2605952,1727
2605953,1727
2605954,1719
2605955,1719
2605956,1719
2605957,1719
2605958,2049
2605959,2049
2605960,2049
2605961,2008
2605962,2008
2605963,2008
2605964,2008
2605965,2008
2605966,2008
2605967,2008
2605968,2008
2605969,2000
2605970,2000
2605971,2000
2605972,2000
2605973,2000
2605974,2000
2605975,2000
2605976,2002
2605977,2002
2605978,2002
2605979,2002
2605980,2002
2605981,2002
2605982,2002
2605983,2002
2605984,1975
2605985,1975
2605986,1975
2605987,1975
2605988,1975
2605989,1975
2605990,1975
2605991,1987
2605992,1987
2605993,1987
2605994,1987
2605995,1987
2605996,1987
2605997,1987
2605998,1987
2605999,2001
2606000,2001
2606001,2001
2606002,2001
2606003,2001
2606004,2001
2606005,2001
2606006,1967
2606007,1967
2606008,1967
2606009,1967
2606010,1967
2606011,1967
2606012,1967
2606015,1968
2606016,1968
2606017,1968
2606018,1968
2606019,1968
2606020,1968
2606021,1984
2606022,1984
2606023,1984
2606024,1960
2606025,1960
2606026,1960
2606027,1960
2606028,1960
2606029,1966
2606030,1966
2606031,1966
2606032,1966
2606033,1966
2606034,1966
2606035,1966
2606036,1945
2606037,1945
2606038,1945
2606039,1945
2606040,1945
2606041,1945
2606042,1945
2606043,1945
2606044,1919
2606045,1919
2606046,1919
2606047,1919
2606048,1919
2606049,1919
2606050,1919
2606051,1888
2606052,1888
2606053,1888
2606054,1888
2606055,1888
2606056,1888
2606057,1888
2606058,1888
2606059,1907
2606060,1907
2606061,1907
2606062,1907
2606063,1907
2606064,1907
2606065,1907
2606066,1880
2606067,1880
2606068,1880
2606069,1880
2606070,1880
2606071,1880
2606072,1880
2606073,1880
2606074,1851
2606075,1851
2606076,1851
2606077,1851
2606078,1851
2606079,1851
2606080,1851
2606081,1828
2606082,1828
2606083,1828
2606084,1828
2606085,1828
2606086,1828
2606087,1828
2606088,1828
2606089,1783
2606090,1783
2606091,1783
2606092,1783
2606093,1783
2606094,1783
2606095,1783
2606096,1776
2606097,1776
2606098,1776
2606099,1776
2606100,1776
2606101,1776
2606102,1776
2606103,1776
2606104,1811
2606105,1811
2606106,1811
2606107,1811
2606108,1811
2606109,1620
2606110,1811
2606111,1770
2606112,1770
2606113,1770
2606114,1770
2606115,1770
2606116,1770
2606117,1770
2606118,1770
2606119,1808
2606120,1808
2606121,1808
2606122,1808
2606123,1808
2606124,1808
2606125,1808
2606126,1842
2606127,1842
2606128,1842
2606129,1842
2606130,1842
2606131,1842
2606132,1842
2606133,1842
2606134,1846
2606135,1846
2606136,1846
2606137,1846
2606138,1846
2606140,1655
2606161,1618
2606162,1618
2606163,1618
2606164,1468
2606165,1468
2606166,1516
2606167,1516
2606168,1516
2606169,1516
2606170,1516
2606171,1708
2606172,1708
2606173,1708
2606179,1857
2606180,1857
2606181,1857
2606182,1857
2606183,1857
2606184,1857
2606185,1857
2606186,1882
2606187,1882
2606188,1882
2606189,1882
2606190,1882
2606191,1882
2606192,1882
2606193,1882
2606194,1916
2606195,1916
2606196,1916
2606197,1916
2606198,1916
2606199,1916
2606200,1916
2606201,1976
2606202,1976
2606203,1976
2606204,1976
2606205,1976
2606206,1976
2606207,1976
2606208,1976
2606209,2005
2606210,2005
2606211,2005
2606212,2005
2606213,2005
2606214,1976
2606215,1976
2606216,1929
2606217,1929
2606218,1929
2606219,1929
2606220,1929
2606221,1929
2606222,1929
2606223,1929
2606224,1558
2606225,1909
2606226,1909
2609973,2362
2609974,2585
2609975,2585
2609977,2585
2610196,1599
2610197,1599
2610198,1599
2610199,1657
2610200,1657
2610201,1657
2610202,1657
2610203,1657
2610204,1657
2610205,1657
2610207,1758
2610208,1758
2610209,1758
2610215,1868
2610216,1868
2610217,1868
2610218,1868
2610219,1868
2610220,1868
2610221,1906
2610222,1906
2610223,1906
2610224,1906
2610225,1906
2610226,1906
2610227,1906
2610228,1906
2610229,1949
2610230,1949
2610231,1949
2610232,1949
2610233,1949
2610234,1949
2610235,1949
2610236,1997
2610237,1997
2610238,1997
2610239,1997
2610240,1997
2610241,1997
2610242,1997
2610243,1997
2610244,2036
2610245,2036
2610246,2036
2610247,2036
2610248,2036
2610249,2036
2610250,2036
2610251,2051
2610252,1722
2610253,1722
2610254,1722
2610255,1722
2610256,2051
2610257,2051
2610258,2051
2610259,2057
2610260,2057
2610261,2057
2610264,2057
2610265,2057
2610266,2058
2610267,2058
2610268,2058
2610270,2058
2610271,2058
2610272,1727
2610273,1727
2610274,1719
2610275,1719
2610276,1719
2610277,1719
2610278,2049
2610279,2049
2610280,2049
2610281,2008
2610282,2008
2610283,2008
2610284,2008
2610285,2008
2610286,2008
2610287,2008
2610288,2008
2610289,2000
2610290,2000
2610291,2000
2610292,2000
2610293,2000
2610294,2000
2610295,2000
2610296,2002
2610297,2002
2610298,2002
2610299,2002
2610300,2002
2610301,2002
2610302,2002
2610303,2002
2610304,1975
2610305,1975
2610306,1975
2610307,1975
2610308,1975
2610309,1975
2610310,1975
2610311,1987
2610312,1987
2610313,1987
2610314,1987
2610315,1987
2610316,1987
2610317,1987
2610318,1987
2610319,2001
2610320,2001
2610321,2001
2610322,2001
2610323,2001
2610324,2001
2610325,2001
2610326,1967
2610327,1967
2610328,1967
2610329,1967
2610330,1967
2610331,1967
2610332,1967
2610333,1967
2610334,1968
2610335,1968
2610336,1968
2610337,1968
2610338,1968
2610339,1968
2610340,1968
2610341,1984
2610342,1984
2610343,1984
2610344,1984
2610345,1960
2610346,1960
2610347,1960
2610348,1960
2610349,1966
2610350,1966
2610351,1966
2610352,1966
2610353,1966
2610354,1966
2610355,1966
2610356,1945
2610357,1945
2610358,1945
2610359,1945
2610360,1945
2610361,1945
2610362,1945
2610363,1945
2610364,1919
2610365,1919
2610366,1919
2610367,1919
2610368,1919
2610369,1919
2610370,1919
2610371,1888
2610372,1888
2610373,1888
2610374,1888
2610375,1888
2610376,1888
2610377,1888
2610378,1888
2610379,1907
2610380,1907
2610381,1907
2610382,1907
2610383,1907
2610384,1907
2610385,1907
2610386,1880
2610387,1880
2610388,1880
2610389,1880
2610390,1880
2610391,1880
2610392,1880
2610393,1880
2610394,1851
2610395,1851
2610396,1851
2610397,1851
2610398,1851
2610399,1851
2610400,1851
2610401,1828
2610402,1828
2610403,1828
2610404,1828
2610405,1828
2610406,1828
2610407,1828
2610408,1828
2610409,1783
2610410,1783
2610411,1783
2610412,1783
2610413,1783
2610414,1783
2610415,1783
2610416,1776
2610417,1776
2610418,1776
2610419,1776
2610420,1776
2610421,1776
2610422,1776
2610423,1776
2610424,1811
2610425,1811
2610426,1811
2610427,1811
2610428,1811
2610429,1811
2610430,1811
2610431,1770
2610432,1770
2610433,1770
2610434,1770
2610435,1770
2610436,1770
2610437,1770
2610438,1770
2610439,1808
2610440,1808
2610441,1808
2610442,1808
2610443,1808
2610444,1808
2610445,1808
2610446,1842
2610447,1842
2610448,1842
2610449,1842
2610450,1652
2610451,1842
2610452,1842
2610455,1655
2610456,1846
2610457,1846
2610458,1846
2610459,1846
2610460,1846
2610461,1822
2610467,1633
2610483,1618
2610484,1468
2610485,1468
2610486,1516
2610487,1516
2610488,1516
2610489,1516
2610490,1516
2610491,1708
2610492,1708
2610494,1652
2610495,1708
2610499,1796
2610502,1796
2610503,1796
2610504,1857
2610505,1857
2610506,1882
2610507,1882
2610508,1882
2610509,1882
2610510,1882
2610511,1882
2610512,1882
2610513,1882
2610514,1916
2610515,1916
2610516,1916
2610517,1916
2610518,1916
2610519,1916
2610520,1916
2610521,1976
2610522,1976
2610523,1976
2610524,1976
2610525,1976
2610526,1976
2610527,1976
2610528,1976
2610529,2005
2610530,2005
2610531,2005
2610532,2005
2610533,1976
2610534,1976
2610535,1976
2610536,1929
2610537,1929
2610538,1929
2610539,1929
2610540,1929
2610541,1929
2610542,1929
2610543,1929
2614293,2362
2614294,2585
2614295,2585
2614296,2585
2614297,2585
2614298,2585
2614299,2585
2614467,988
2614506,1543
2614507,1543
2614508,1543
2614509,1543
2614510,1543
2614511,1599
2614513,1599
2614514,1599
2614517,1599
2614518,1599
2614519,1657
2614520,1657
2614521,1657
2614535,1868
2614536,1868
2614537,1868
2614538,1868
2614539,1868
2614540,1868
2614541,1906
2614542,1906
2614543,1906
2614544,1906
2614545,1906
2614546,1906
2614547,1906
2614548,1906
2614549,1949
2614550,1949
2614551,1949
2614552,1949
2614553,1949
2614554,1949
2614558,1997
2614559,1997
2614560,1997
2614561,1997
2614562,1997
2614563,1997
2614564,2036
2614565,2036
2614566,2036
2614567,2036
2614568,2036
2614569,2036
2614570,2036
2614571,2051
2614572,2051
2614573,2051
2614574,2051
2614576,2051
2614577,2051
2614578,1722
2614579,2057
2614580,2057
2614581,1725
2614582,1725
2614583,2057
2614584,2057
2614585,2057
2614586,2058
2614587,2058
2614588,2058
2614589,2058
2614590,2058
2614591,2058
2614592,2058
2614593,2058
2614594,2049
2614595,2049
2614596,2049
2614597,2049
2614598,2049
2614599,2049
2614600,2049
2614601,2008
2614602,2008
2614603,2008
2614604,2008
2614605,2008
2614606,2008
2614607,2008
2614608,2008
2614609,2000
2614610,2000
2614611,2000
2614612,2000
2614613,2000
2614614,2000
2614615,2000
2614616,2002
2614617,2002
2614618,2002
2614619,2002
2614620,2002
2614621,2002
2614622,2002
2614623,2002
2614624,1975
2614625,1975
2614626,1975
2614627,1975
2614628,1975
2614629,1975
2614630,1975
2614631,1987
2614632,1987
2614633,1987
2614634,1987
2614635,1987
2614636,1987
2614637,1987
2614638,1987
2614639,2001
2614640,2001
2614641,2001
2614642,2001
2614643,2001
2614644,2001
2614645,2001
2614646,1967
2614647,1967
2614648,1967
2614649,1967
2614650,1967
2614651,1967
2614652,1967
2614653,1967
2614654,1968
2614655,1968
2614656,1968
2614657,1968
2614658,1968
2614659,1968
2614660,1968
2614661,1984
2614662,1984
2614663,1984
2614664,1984
2614665,1984
2614666,1984
2614667,1960
2614668,1960
2614669,1966
2614670,1966
2614671,1966
2614672,1966
2614673,1966
2614674,1966
2614675,1966
2614676,1945
2614677,1945
2614678,1945
2614679,1945
2614680,1945
2614681,1945
2614682,1945
2614683,1945
2614684,1919
2614685,1919
2614686,1919
2614687,1919
2614688,1919
2614689,1919
2614690,1919
2614691,1888
2614692,1888
2614693,1888
2614694,1888
2614695,1888
2614696,1888
2614697,1888
2614698,1888
2614699,1907
2614700,1907
2614701,1907
2614702,1907
2614703,1907
2614704,1907
2614705,1907
2614706,1880
2614707,1880
2614708,1880
2614709,1880
2614710,1880
2614711,1880
2614712,1880
2614713,1880
2614714,1851
2614715,1851
2614716,1851
2614717,1851
2614718,1851
2614719,1851
2614720,1851
2614721,1828
2614722,1828
2614723,1828
2614724,1828
2614725,1828
2614726,1828
2614727,1828
2614728,1828
2614729,1783
2614730,1783
2614731,1783
2614732,1783
2614733,1783
2614734,1783
2614735,1783
2614736,1776
2614737,1776
2614738,1776
2614739,1776
2614740,1776
2614741,1776
2614742,1776
2614743,1776
2614744,1811
2614745,1811
2614746,1811
2614747,1811
2614748,1811
2614749,1811
2614750,1811
2614751,1770
2614752,1770
2614753,1770
2614754,1770
2614755,1770
2614756,1770
2614757,1770
2614758,1770
2614759,1808
2614760,1808
2614761,1808
2614762,1808
2614763,1808
2614764,1808
2614765,1808
2614766,1842
2614767,1842
2614768,1652
2614769,1652
2614770,1652
2614777,1846
2614778,1846
2614779,1846
2614780,1846
2614781,1822
2614782,1822
2614783,1822
2614802,1618
2614804,1468
2614805,1468
2614806,1516
2614807,1516
2614808,1516
2614809,1516
2614813,1708
2614814,1652
2614815,1652
2614823,1796
2614824,1796
2614825,1796
2614826,1882
2614827,1882
2614828,1882
2614829,1882
2614830,1882
2614831,1882
2614832,1882
2614833,1882
2614834,1916
2614835,1916
2614836,1916
2614837,1916
2614838,1916
2614839,1916
2614840,1916
2614841,1976
2614842,1976
2614843,1976
2614844,1976
2614845,1976
2614846,1976
2614848,1976
2614850,2005
2614851,2005
2614852,2005
2614854,1976
2614855,1976
2614856,1929
2614857,1929
2614858,1929
2614859,1929
2614860,1929
2614861,1929
2614862,1929
2614863,1929
2614864,1909
2614865,1909
2618613,2362
2618614,2585
2618615,2585
2618616,2585
2618617,2585
2618618,2585
2618619,2585
2618832,1599
2618834,1599
2618835,1599
2618836,1599
2618837,1599
2618838,1599
2618839,1657
2618840,1657
2618841,1657
2618855,1868
2618856,1868
2618857,1868
2618858,1868
2618859,1868
2618860,1868
2618861,1906
2618862,1906
2618863,1906
2618864,1906
2618865,1906
2618866,1906
2618867,1906
2618868,1906
2618869,1949
2618870,1949
2618871,1949
2618872,1949
2618873,1949
2618874,1949
2618875,1949
2618876,1997
2618877,1997
2618878,1997
2618879,1997
2618880,1997
2618881,1997
2618882,1997
2618883,1997
2618884,2036
2618885,2036
2618886,2036
2618887,2036
2618888,2036
2618889,2036
2618890,2036
2618891,2051
2618892,2051
2618893,2051
2618894,2051
2618895,2051
2618896,2051
2618897,2051
2618898,2051
2618899,2057
2618900,2057
2618901,1725
2618902,2057
2618903,2057
2618904,2057
2618905,2057
2618906,2058
2618907,2058
2618908,2058
2618909,2058
2618910,2058
2618911,2058
2618912,2058
2618913,2058
2618914,2049
2618915,2049
2618916,2049
2618917,2049
2618918,2049
2618919,2049
2618920,2049
2618921,2008
2618922,2008
2618923,2008
2618924,2008
2618925,2008
2618926,2008
2618927,2008
2618928,2008
2618929,2000
2618930,2000
2618931,2000
2618932,2000
2618933,2000
2618934,2000
2618935,2000
2618936,2002
2618937,2002
2618938,2002
2618939,2002
2618940,2002
2618944,1975
2618945,1975
2618946,1975
2618947,1975
2618948,1975
2618949,1975
2618950,1975
2618951,1987
2618952,1987
2618953,1987
2618954,1987
2618955,1987
2618956,1987
2618957,1987
2618958,1987
2618959,2001
2618960,2001
2618961,2001
2618962,2001
2618963,2001
2618964,2001
2618965,2001
2618966,1967
2618967,1967
2618968,1967
2618969,1967
2618970,1967
2618971,1967
2618972,1967
2618973,1967
2618974,1968
2618975,1968
2618976,1968
2618977,1968
2618978,1968
2618979,1968
2618980,1968
2618981,1984
2618982,1984
2618983,1984
2618984,1984
2618985,1984
2618986,1984
2618987,1960
2618988,1960
2618989,1966
2618990,1966
2618991,1966
2618992,1966
2618993,1966
2618994,1966
2618995,1966
2618996,1945
2618997,1945
2618998,1945
2618999,1945
2619000,1945
2619001,1945
2619002,1945
2619003,1945
2619004,1919
2619005,1919
2619006,1919
2619007,1919
2619008,1919
2619009,1919
2619010,1919
2619011,1888
2619012,1888
2619013,1888
2619014,1888
2619015,1888
2619016,1888
2619017,1888
2619018,1888
2619019,1907
2619020,1907
2619021,1907
2619022,1907
2619023,1907
2619024,1907
2619025,1907
2619026,1880
2619027,1880
2619028,1880
2619029,1880
2619030,1880
2619031,1880
2619032,1880
2619033,1880
2619034,1851
2619035,1851
2619036,1851
2619037,1851
2619038,1851
2619039,1851
2619040,1851
2619041,1828
2619042,1828
2619043,1828
2619044,1828
2619045,1828
2619046,1828
2619047,1828
2619048,1828
2619049,1783
2619050,1783
2619051,1783
2619052,1783
2619053,1783
2619054,1783
2619055,1783
2619056,1776
2619057,1776
2619058,1776
2619059,1776
2619060,1776
2619061,1776
2619062,1776
2619063,1776
2619064,1811
2619065,1811
2619066,1811
2619067,1811
2619068,1811
2619069,1811
2619070,1811
2619071,1770
2619072,1770
2619073,1770
2619074,1770
2619075,1770
2619076,1770
2619077,1770
2619078,1770
2619079,1808
2619080,1808
2619081,1808
2619082,1808
2619083,1808
2619084,1808
2619085,1808
2619086,1842
2619087,1842
2619088,1652
2619091,1652
2619092,1652
2619093,1652
2619097,1846
2619098,1846
2619099,1846
2619100,1846
2619101,1822
2619102,1822
2619103,1822
2619126,1516
2619127,1516
2619128,1516
2619129,1516
2619132,1708
2619133,1652
2619134,1652
2619136,1652
2619141,1796
2619142,1796
2619143,1796
2619144,1796
2619145,1796
2619146,1882
2619147,1882
2619148,1882
2619149,1882
2619150,1882
2619151,1882
2619152,1882
2619153,1882
2619154,1916
2619155,1916
2619156,1916
2619157,1916
2619158,1916
2619159,1916
2619160,1916
2619161,1976
2619162,1976
2619163,1976
2619164,1976
2619165,1976
2619166,1976
2619169,2005
2619170,2005
2619171,2005
2619172,2005
2619174,1976
2619175,1976
2619176,1929
2619177,1929
2619178,1929
2619179,1929
2619180,1929
2619181,1929
2619182,1929
2619183,1929
2619184,1909
2619185,1909
2622933,2362
2622935,2585
2622936,2585
2622937,2585
2622938,2585
2622939,2585
2623048,1699
2623130,690
2623152,1599
2623155,1599
2623156,1599
2623157,1599
2623158,1599
2623159,1657
2623160,1657
2623161,1657
2623175,1868
2623176,1868
2623177,1868
2623178,1868
2623179,1868
2623180,1868
2623181,1906
2623182,1906
2623183,1906
2623184,1906
2623185,1906
2623186,1906
2623187,1906
2623188,1906
2623189,1949
2623190,1949
2623191,1949
2623192,1949
2623193,1949
2623194,1949
2623195,1949
2623198,1997
2623199,1997
2623200,1997
2623201,1997
2623202,1997
2623203,1997
2623204,2036
2623205,2036
2623206,2036
2623207,2036
2623208,2036
2623209,2036
2623210,2036
2623211,2051
2623212,2051
2623213,2051
2623214,2051
2623215,2051
2623216,2051
2623217,2051
2623218,2051
2623219,2057
2623220,2057
2623221,1725
2623222,1725
2623223,2057
2623224,2057
2623225,2057
2623226,2058
2623227,2058
2623228,2058
2623229,2058
2623230,2058
2623231,2058
2623233,2058
2623234,2049
2623235,2049
2623236,2049
2623237,2049
2623238,2049
2623239,2049
2623240,2049
2623241,2008
2623242,2008
2623243,2008
2623244,2008
2623245,2008
2623246,2008
2623247,2008
2623248,2008
2623249,2000
2623250,2000
2623251,2000
2623252,2000
2623253,2000
2623254,2000
2623255,2000
2623256,2002
2623257,2002
2623258,2002
2623259,2002
2623260,2002
2623261,2002
2623262,2002
2623263,2002
2623264,1975
2623265,1975
2623266,1975
2623267,1975
2623268,1975
2623269,1975
2623270,1975
2623271,1987
2623272,1987
2623273,1987
2623274,1987
2623275,1987
2623276,1987
2623277,1987
2623278,1987
2623279,2001
2623280,2001
2623281,2001
2623282,2001
2623283,2001
2623284,2001
2623285,2001
2623286,1967
2623287,1967
2623288,1967
2623289,1967
2623290,1967
2623291,1967
2623292,1967
2623293,1967
2623294,1968
2623295,1968
2623296,1968
2623297,1968
2623298,1968
2623299,1968
2623300,1968
2623301,1984
2623302,1984
2623303,1984
2623304,1984
2623305,1984
2623306,1984
2623307,1984
2623308,1984
2623309,1966
2623310,1966
2623311,1966
2623312,1966
2623313,1966
2623314,1966
2623315,1966
2623316,1945
2623317,1945
2623318,1945
2623319,1945
2623320,1945
2623321,1945
2623322,1945
2623323,1945
2623324,1919
2623325,1919
2623326,1919
2623327,1919
2623328,1919
2623329,1919
2623330,1919
2623331,1888
2623332,1888
2623333,1888
2623334,1888
2623335,1888
2623336,1888
2623337,1888
2623338,1888
2623339,1907
2623340,1907
2623341,1907
2623342,1907
2623343,1907
2623344,1907
2623345,1907
2623346,1880
2623347,1880
2623348,1880
2623349,1880
2623350,1880
2623351,1880
2623352,1880
2623353,1880
2623354,1851
2623355,1851
2623356,1851
2623357,1851
2623358,1851
2623359,1851
2623360,1851
2623361,1828
2623362,1828
2623363,1828
2623364,1828
2623365,1828
2623366,1828
2623367,1828
2623368,1828
2623369,1783
2623370,1783
2623371,1783
2623372,1783
2623373,1783
2623374,1783
2623375,1783
2623376,1776
2623377,1776
2623378,1776
2623379,1776
2623380,1776
2623381,1776
2623382,1776
2623383,1776
2623384,1811
2623385,1811
2623386,1811
2623387,1811
2623388,1811
2623389,1811
2623390,1811
2623391,1770
2623392,1770
2623393,1770
2623394,1770
2623395,1770
2623396,1770
2623397,1770
2623398,1770
2623399,1808
2623400,1808
2623401,1808
2623402,1808
2623403,1808
2623404,1808
2623405,1808
2623406,1842
2623407,1652
2623408,1842
2623413,1842
2623414,1846
2623416,1846
2623417,1846
2623418,1846
2623419,1846
2623420,1846
2623421,1822
2623422,1790
2623423,1822
2623445,1468
2623446,1516
2623447,1516
2623448,1516
2623451,1652
2623452,1652
2623453,1652
2623454,1652
2623455,1652
2623456,1652
2623457,1652
2623459,1796
2623460,1857
2623461,1857
2623462,1796
2623463,1796
2623464,1796
2623465,1796
2623466,1823
2623467,1882
2623468,1882
2623469,1882
2623470,1882
2623471,1882
2623472,1882
2623473,1882
2623474,1916
2623475,1916
2623476,1916
2623477,1916
2623481,1976
2623482,1976
2623484,1976
2623485,1976
2623487,1976
2623488,1976
2623489,2005
2623490,2005
2623491,2005
2623492,2005
2623493,2005
2623495,1976
2623496,1929
2623497,1929
2623498,1929
2623499,1929
2623500,1929
2623501,1929
2623502,1929
2627253,2362
2627254,2585
2627255,2585
2627256,2585
2627259,2585
2627368,1699
2627476,1599
2627477,1599
2627478,1599
2627479,1657
2627480,1657
2627481,1657
2627495,1868
2627496,1868
2627497,1868
2627498,1868
2627499,1868
2627500,1868
2627501,1906
2627502,1906
2627503,1906
2627504,1906
2627505,1906
2627506,1906
2627507,1906
2627508,1906
2627509,1949
2627510,1949
2627511,1949
2627512,1949
2627516,1997
2627518,1997
2627519,1997
2627520,1997
2627521,1997
2627522,1997
2627523,1997
2627524,2036
2627525,2036
2627526,2036
2627527,2036
2627528,2036
2627529,2036
2627530,2036
2627531,2051
2627532,2051
2627533,2051
2627534,2051
2627535,2051
2627536,2051
2627537,2051
2627538,2051
2627539,2057
2627540,2057
2627541,2057
2627542,2057
2627543,2057
2627544,2057
2627545,2057
2627546,2058
2627547,2058
2627548,2058
2627549,2058
2627550,2058
2627551,2058
2627553,2058
2627554,2049
2627555,2049
2627556,2049
2627557,2049
2627558,2049
2627559,2049
2627560,2049
2627561,2008
2627562,2008
2627563,2008
2627564,2008
2627565,2008
2627566,2008
2627567,2008
2627568,2008
2627569,2000
2627570,2000
2627571,2000
2627572,2000
2627573,2000
2627574,2000
2627575,2000
2627576,2002
2627577,2002
2627578,2002
2627579,2002
2627580,2002
2627581,2002
2627582,2002
2627583,2002
2627584,1975
2627585,1975
2627586,1975
2627587,1975
2627588,1975
2627589,1975
2627590,1975
2627591,1987
2627592,1987
2627593,1987
2627596,1987
2627597,1987
2627598,1987
2627599,2001
2627600,2001
2627601,2001
2627602,2001
2627603,2001
2627604,2001
2627605,2001
2627608,1967
2627609,1967
2627610,1967
2627611,1967
2627612,1967
2627613,1967
2627614,1968
2627615,1968
2627616,1968
2627617,1968
2627618,1968
2627619,1968
2627620,1968
2627621,1984
2627622,1984
2627623,1984
2627624,1984
2627625,1984
2627626,1984
2627627,1984
2627628,1984
2627629,1990
2627630,1990
2627631,1966
2627632,1966
2627633,1966
2627634,1966
2627635,1966
2627636,1945
2627637,1945
2627638,1945
2627639,1945
2627640,1945
2627641,1945
2627642,1945
2627643,1945
2627644,1919
2627645,1919
2627646,1919
2627647,1919
2627648,1919
2627649,1919
2627650,1919
2627651,1888
2627652,1888
2627653,1888
2627654,1888
2627655,1888
2627656,1888
2627657,1888
2627658,1888
2627659,1907
2627660,1907
2627661,1907
2627662,1907
2627663,1907
2627664,1907
2627665,1907
2627666,1880
2627667,1880
2627668,1880
2627669,1880
2627670,1880
2627671,1880
2627672,1880
2627673,1880
2627674,1851
2627675,1851
2627676,1851
2627677,1851
2627678,1851
2627679,1851
2627680,1851
2627681,1828
2627682,1828
2627683,1828
2627684,1828
2627685,1828
2627686,1828
2627687,1828
2627688,1828
2627689,1783
2627690,1783
2627691,1783
2627692,1783
2627693,1783
2627694,1783
2627695,1783
2627696,1776
2627697,1776
2627698,1776
2627699,1776
2627700,1776
2627701,1776
2627702,1776
2627703,1776
2627704,1811
2627705,1620
2627706,1811
2627708,1811
2627709,1811
2627710,1811
2627711,1770
2627712,1770
2627713,1770
2627714,1770
2627715,1770
2627716,1770
2627717,1770
2627718,1770
2627719,1808
2627720,1808
2627721,1808
2627722,1808
2627723,1808
2627724,1808
2627725,1808
2627726,1842
2627727,1842
2627728,1842
2627732,1652
2627733,1842
2627734,1846
2627736,1846
2627737,1846
2627738,1846
2627739,1846
2627740,1846
2627743,1790
2627765,1468
2627766,1516
2627767,1516
2627771,1652
2627772,1652
2627773,1652
2627774,1652
2627775,1652
2627776,1652
2627777,1652
2627778,1652
2627779,1857
2627780,1857
2627781,1857
2627782,1857
2627783,1796
2627784,1796
2627785,1796
2627786,1823
2627787,1616
2627788,1531
2627789,1882
2627790,1882
2627791,1882
2627792,1882
2627793,1882
2627794,1916
2627795,1916
2627796,1916
2627797,1916
2627806,1976
2627807,1976
2627808,1976
2627809,2005
2627810,2005
2627811,2005
2627812,2005
2627813,2005
2627814,2005
2627817,1929
2627818,1929
2627819,1929
2627820,1929
2627821,1929
2627822,1929
2631573,2226
2631574,2478
2631575,2478
2631576,2478
2631579,2478
2631580,2478
2631734,1509
2631735,1509
2631744,1224
2631784,1440
2631793,1606
2631794,1606
2631795,1606
2631796,1606
2631798,1606
2631799,1687
2631800,1687
2631801,1687
2631815,1884
2631816,1884
2631817,1884
2631818,1884
2631819,1884
2631820,1884
2631821,1957
2631822,1957
2631823,1957
2631824,1957
2631825,1957
2631826,1957
2631827,1957
2631828,1957
2631829,2006
2631830,2006
2631831,2006
2631832,2006
2631833,2006
2631834,2006
2631835,2006
2631836,2044
2631837,2044
2631838,2044
2631839,2044
2631840,2044
2631841,2044
2631842,2044
2631843,2044
2631844,2075
2631845,2075
2631846,2075
2631847,2075
2631848,2075
2631849,2075
2631850,2075
2631851,2086
2631852,2086
2631853,2086
2631854,2086
2631855,2086
2631856,2086
2631857,2086
2631858,2086
2631859,2112
2631860,2112
2631861,2112
2631862,2112
2631863,2112
2631864,2112
2631865,2112
2631866,2127
2631868,2127
2631869,2127
2631870,2127
2631871,2127
2631873,2127
2631874,2103
2631876,2103
2631877,2103
2631878,2103
2631879,2103
2631880,2103
2631881,2068
2631882,2068
2631883,2068
2631884,2068
2631885,2068
2631886,2068
2631887,2068
2631888,2068
2631889,2061
2631890,2061
2631891,2061
2631892,2061
2631893,2061
2631894,2061
2631895,2061
2631896,2053
2631897,2053
2631898,2053
2631899,2053
2631900,2053
2631901,2053
2631902,2053
2631903,2053
2631904,2036
2631905,2036
2631906,2036
2631907,2036
2631908,2036
2631909,2036
2631910,2036
2631911,2033
2631912,2033
2631913,2033
2631915,2033
2631916,2033
2631918,2033
2631919,2039
2631920,2039
2631921,2039
2631922,2039
2631923,2039
2631924,2039
2631925,2039
2631927,2041
2631928,2041
2631929,2041
2631930,2041
2631931,2041
2631932,2041
2631933,2041
2631934,2019
2631935,2019
2631936,2019
2631937,2019
2631938,2019
2631939,2019
2631940,2019
2631941,2013
2631942,2013
2631943,2013
2631944,2013
2631945,2013
2631946,2013
2631947,2013
2631948,2013
2631949,2040
2631950,2040
2631951,2015
2631952,2015
2631953,2015
2631954,2015
2631955,2015
2631956,1995
2631957,1995
2631958,1995
2631959,1995
2631960,1995
2631961,1995
2631962,1995
2631963,1995
2631964,1974
2631965,1974
2631966,1974
2631967,1974
2631968,1974
2631969,1974
2631970,1974
2631971,1961
2631972,1961
2631973,1961
2631974,1961
2631975,1961
2631976,1961
2631977,1961
2631978,1961
2631979,1948
2631980,1948
2631981,1948
2631982,1948
2631983,1948
2631984,1948
2631985,1948
2631986,1950
2631987,1950
2631988,1950
2631989,1950
2631990,1950
2631991,1950
2631992,1950
2631993,1950
2631994,1939
2631995,1939
2631996,1939
2631997,1939
2631998,1939
2631999,1939
2632000,1939
2632001,1922
2632002,1922
2632003,1922
2632004,1922
2632005,1922
2632006,1922
2632007,1922
2632008,1922
2632009,1873
2632010,1873
2632011,1873
2632012,1873
2632013,1873
2632014,1873
2632015,1873
2632016,1885
2632017,1885
2632018,1885
2632019,1885
2632020,1885
2632021,1885
2632022,1885
2632023,1885
2632027,1702
2632029,1906
2632030,1906
2632031,1839
2632032,1839
2632033,1839
2632034,1839
2632035,1839
2632036,1839
2632037,1839
2632038,1839
2632039,1880
2632040,1880
2632041,1880
2632042,1880
2632043,1880
2632044,1880
2632045,1880
2632046,1913
2632047,1913
2632048,1913
2632052,1913
2632053,1913
2632054,1907
2632056,1907
2632057,1907
2632058,1907
2632059,1872
2632080,1507
2632081,1507
2632091,1652
2632092,1652
2632093,1652
2632094,1652
2632095,1652
2632098,1652
2632099,1910
2632100,1910
2632101,1910
2632102,1910
2632103,1627
2632104,1539
2632105,1846
2632106,1623
2632107,1714
2632108,1714
2632109,1714
2632110,2004
2632111,2004
2632112,2004
2632113,2004
2632114,2071
2632115,2071
2632116,2071
2632117,2071
2632120,2071
2632125,2125
2632126,2125
2632127,2125
2632128,2125
2632129,2100
2632130,2100
2632131,2100
2632132,2100
2632133,2100
2632134,2100
2632138,2027
2632140,2027
2632141,2027
2632142,2027
2632143,2027
2635894,2478
2635895,2478
2635896,2478
2635897,2478
2635898,2478
2635899,2478
2636056,1509
2636112,1606
2636113,1606
2636114,1606
2636115,1606
2636116,1606
2636117,1606
2636121,1687
2636135,1884
2636137,1884
2636138,1884
2636139,1884
2636142,1957
2636143,1957
2636144,1648
2636145,1648
2636146,1648
2636147,1648
2636148,1648
2636149,2006
2636150,2006
2636151,2006
2636152,1687
2636153,2006
2636154,2006
2636155,2006
2636156,2044
2636157,2044
2636158,2044
2636159,2044
2636160,2044
2636161,2044
2636162,2044
2636163,2044
2636164,2075
2636165,2075
2636166,2075
2636167,2075
2636168,2075
2636169,2075
2636170,2075
2636171,2086
2636172,2086
2636173,2086
2636174,2086
2636175,2086
2636176,2086
2636177,2086
2636178,2086
2636179,2112
2636180,2112
2636181,2112
2636182,2112
2636183,2112
2636184,2112
2636185,2112
2636186,2127
2636187,2127
2636188,2127
2636189,2127
2636190,2127
2636191,2127
2636192,2127
2636193,2127
2636194,2103
2636195,2103
2636196,2103
2636197,2103
2636198,2103
2636199,2103
2636200,2103
2636201,2068
2636202,2068
2636203,2068
2636204,2068
2636205,2068
2636206,2068
2636207,2068
2636208,2068
2636209,2061
2636210,2061
2636211,2061
2636212,2061
2636213,2061
2636214,2061
2636215,2061
2636216,2053
2636217,2053
2636218,2053
2636219,2053
2636220,2053
2636225,2036
2636226,2036
2636227,2036
2636228,2036
2636229,2036
2636230,2036
2636232,2033
2636233,2033
2636234,2033
2636235,2033
2636238,2033
2636239,2039
2636240,2039
2636241,2039
2636242,2039
2636243,2039
2636244,2039
2636245,2039
2636246,2041
2636247,2041
2636249,2041
2636250,2041
2636251,2041
2636252,2041
2636253,2041
2636254,2019
2636255,2019
2636256,2019
2636258,2019
2636259,2019
2636260,2019
2636261,2013
2636262,2013
2636263,2013
2636264,2013
2636265,2013
2636266,2013
2636267,2013
2636268,2013
2636269,2040
2636270,2040
2636271,2040
2636272,2015
2636273,2015
2636274,2015
2636275,2015
2636276,1995
2636277,1995
2636278,1995
2636279,1995
2636280,1995
2636281,1995
2636282,1995
2636283,1995
2636284,1974
2636285,1974
2636286,1974
2636287,1974
2636288,1974
2636289,1974
2636290,1974
2636291,1961
2636292,1961
2636293,1961
2636294,1961
2636295,1961
2636296,1961
2636297,1961
2636298,1961
2636299,1948
2636300,1948
2636301,1948
2636302,1948
2636303,1948
2636304,1948
2636305,1948
2636306,1950
2636307,1950
2636308,1950
2636309,1950
2636310,1950
2636311,1950
2636312,1950
2636313,1950
2636314,1939
2636315,1939
2636316,1939
2636317,1939
2636318,1939
2636319,1939
2636320,1939
2636321,1922
2636322,1922
2636323,1922
2636324,1922
2636325,1922
2636326,1922
2636327,1922
2636328,1922
2636329,1873
2636330,1873
2636331,1873
2636332,1873
2636333,1873
2636334,1873
2636335,1873
2636336,1885
2636337,1885
2636338,1885
2636339,1885
2636340,1885
2636341,1885
2636342,1885
2636343,1915
2636347,1906
2636348,1702
2636349,1906
2636350,1906
2636351,1839
2636352,1839
2636353,1839
2636354,1839
2636355,1839
2636356,1839
2636357,1839
2636358,1839
2636359,1880
2636360,1880
2636361,1880
2636362,1880
2636363,1880
2636364,1880
2636365,1880
2636366,1913
2636372,1913
2636373,1913
2636374,1704
2636375,1907
2636376,1907
2636377,1907
2636378,1907
2636379,1872
2636410,1449
2636411,1652
2636412,1652
2636413,1652
2636414,1652
2636415,1652
2636416,1652
2636419,1910
2636420,1910
2636421,1910
2636422,1910
2636423,1627
2636424,1627
2636425,1627
2636426,1714
2636427,1714
2636428,1714
2636429,1714
2636430,2004
2636431,2004
2636432,2004
2636433,2004
2636434,2071
2636435,2071
2636436,2071
2636437,2071
2636439,2071
2636440,2071
2636441,2125
2636445,2125
2636446,2125
2636447,2125
2636448,2125
2636449,2100
2636450,2100
2636451,2100
2636452,2100
2636453,2100
2636454,2100
2636461,2027
2636462,2027
2640215,2478
2640216,2478
2640217,2478
2640218,2478
2640219,2478
2640220,2478
2640378,1509
2640431,1606
2640432,1606
2640433,1606
2640434,1606
2640435,1606
2640436,1606
2640450,1749
2640451,1749
2640452,1749
2640453,1749
2640454,1827
2640457,1884
2640462,1957
2640463,1957
2640464,1957
2640465,1648
2640466,1957
2640467,1957
2640468,1648
2640469,2006
2640470,2006
2640471,2006
2640472,2006
2640473,2006
2640474,2006
2640475,2006
2640476,2044
2640477,2044
2640478,2044
2640479,2044
2640480,2044
2640481,2044
2640482,2044
2640483,2044
2640484,2075
2640485,2075
2640486,2075
2640487,2075
2640488,2075
2640489,2075
2640490,2075
2640491,2086
2640492,2086
2640493,2086
2640494,2086
2640495,2086
2640496,2086
2640497,2086
2640498,2086
2640499,2112
2640500,2112
2640501,2112
2640502,2112
2640503,2112
2640504,2112
2640505,2112
2640506,2127
2640507,2127
2640508,2127
2640509,2127
2640510,2127
2640511,2127
2640512,2127
2640513,2127
2640514,2103
2640515,2103
2640516,2103
2640517,2103
2640518,2103
2640519,2103
2640520,2103
2640521,2068
2640522,2068
2640523,2068
2640524,2068
2640525,2068
2640526,2068
2640527,2068
2640528,2068
2640529,2061
2640530,2061
2640531,2061
2640532,2061
2640533,2061
2640534,2061
2640535,2061
2640536,2053
2640537,2053
2640538,2053
2640539,2053
2640540,2053
2640541,2053
2640542,2053
2640547,2036
2640548,2036
2640549,2036
2640550,2036
2640551,2033
2640552,2033
2640553,2033
2640554,2033
2640555,2033
2640556,2033
2640558,2033
2640559,2039
2640560,2039
2640561,2039
2640562,2039
2640563,2039
2640564,2039
2640565,2039
2640568,2041
2640569,2041
2640570,2041
2640571,2041
2640572,2041
2640573,2041
2640574,2019
2640575,2019
2640576,2019
2640577,2019
2640578,2019
2640579,2019
2640580,2019
2640581,2013
2640582,2013
2640583,2013
2640584,2013
2640585,2013
2640586,2013
2640587,2013
2640588,2013
2640589,2040
2640590,2040
2640591,2040
2640592,2015
2640593,2015
2640594,2015
2640595,2015
2640596,1995
2640597,1995
2640598,1995
2640599,1995
2640600,1995
2640601,1995
2640602,1995
2640603,1995
2640604,1974
2640605,1974
2640606,1974
2640607,1974
2640608,1974
2640609,1974
2640610,1974
2640611,1961
2640612,1961
2640613,1961
2640614,1961
2640615,1961
2640616,1961
2640617,1961
2640618,1961
2640619,1948
2640620,1948
2640621,1948
2640622,1948
2640623,1948
2640624,1948
2640625,1948
2640626,1950
2640627,1950
2640628,1950
2640629,1950
2640630,1950
2640631,1950
2640632,1950
2640633,1950
2640634,1939
2640635,1939
2640636,1939
2640637,1939
2640638,1939
2640639,1939
2640640,1939
2640641,1922
2640642,1922
2640643,1922
2640644,1922
2640645,1922
2640646,1922
2640647,1922
2640648,1922
2640649,1873
2640650,1873
2640651,1873
2640652,1873
2640653,1873
2640654,1873
2640655,1873
2640656,1885
2640657,1885
2640658,1885
2640659,1885
2640660,1885
2640661,1915
2640662,1915
2640663,1915
2640668,1702
2640669,1906
2640670,1906
2640671,1839
2640672,1839
2640673,1839
2640674,1839
2640675,1839
2640676,1839
2640677,1839
2640678,1839
2640679,1880
2640680,1880
2640681,1880
2640682,1880
2640683,1880
2640684,1880
2640685,1880
2640686,1913
2640687,1913
2640688,1913
2640689,1913
2640691,1913
2640692,1913
2640694,1907
2640695,1704
2640696,1907
2640697,1907
2640698,1872
2640729,1449
2640730,1449
2640731,1652
2640732,1652
2640733,1652
2640734,1652
2640735,1652
2640737,1709
2640738,1709
2640739,1910
2640740,1910
2640741,1910
2640742,1627
2640743,1627
2640744,1627
2640745,1627
2640746,1714
2640747,1714
2640748,1714
2640749,1714
2640750,1714
2640751,1714
2640752,1623
2640753,2004
2640754,2071
2640755,2071
2640756,2071
2640757,2071
2640758,2071
2640759,2071
2640760,2071
2640762,2125
2640765,2125
2640766,2125
2640767,2125
2640768,2125
2640769,2100
2640770,2100
2640771,2100
2640772,2100
2640773,2100
2640774,2100
2640781,2027
2644536,2478
2644537,2478
2644538,2478
2644539,2478
2644540,2478
2644541,2364
2644542,2364
2644657,1469
2644752,1606
2644753,1606
2644754,1606
2644763,1687
2644764,1687
2644765,1687
2644766,1749
2644767,1749
2644768,1749
2644769,1749
2644770,1749
2644771,1749
2644772,1749
2644773,1749
2644774,1827
2644778,1884
2644781,1957
2644782,1957
2644783,1957
2644784,1957
2644785,1957
2644786,1957
2644787,1957
2644788,1957
2644789,2006
2644790,2006
2644791,2006
2644792,2006
2644793,2006
2644794,2006
2644795,2006
2644796,2044
2644797,2044
2644798,2044
2644799,2044
2644800,2044
2644801,2044
2644802,2044
2644803,2044
2644804,2075
2644805,2075
2644806,2075
2644807,2075
2644808,2075
2644809,2075
2644810,2075
2644811,2086
2644812,2086
2644813,2086
2644814,2086
2644815,2086
2644816,2086
2644817,2086
2644818,2086
2644819,2112
2644820,2112
2644821,2112
2644822,2112
2644823,2112
2644824,2112
2644825,2112
2644826,2127
2644827,2127
2644828,2127
2644829,2127
2644830,2127
2644831,2127
2644832,2127
2644833,2127
2644834,2103
2644835,2103
2644836,2103
2644837,2103
2644838,2103
2644839,2103
2644840,2103
2644841,2068
2644842,2068
2644843,2068
2644844,2068
2644845,2068
2644846,2068
2644847,2068
2644848,2068
2644849,2061
2644850,2061
2644851,2061
2644852,2061
2644853,2061
2644854,2061
2644855,2061
2644856,2053
2644857,2053
2644858,2053
2644859,2053
2644860,2053
2644861,2053
2644862,2053
2644866,2036
2644867,2036
2644868,2036
2644869,2036
2644870,2036
2644871,2033
2644872,2033
2644873,2033
2644874,2033
2644875,2033
2644876,2033
2644877,2033
2644878,2033
2644879,2039
2644880,2039
2644881,2039
2644882,2039
2644883,2039
2644884,2039
2644885,2039
2644886,2041
2644887,2041
2644888,2041
2644889,2041
2644890,2041
2644891,2041
2644892,2041
2644893,2041
2644894,2019
2644895,2019
2644896,2019
2644897,2019
2644898,2019
2644899,2019
2644900,2019
2644901,2013
2644902,2013
2644903,2013
2644904,2013
2644905,2013
2644906,2013
2644907,2013
2644908,2013
2644909,2040
2644910,2040
2644911,2040
2644912,2015
2644913,2015
2644914,2040
2644915,2015
2644916,1995
2644917,1995
2644918,1995
2644919,1995
2644920,1995
2644921,1995
2644922,1995
2644923,1995
2644924,1974
2644925,1974
2644926,1974
2644927,1974
2644928,1974
2644929,1974
2644930,1974
2644931,1961
2644932,1961
2644933,1961
2644934,1961
2644935,1961
2644936,1961
2644937,1961
2644938,1961
2644939,1948
2644940,1948
2644941,1948
2644942,1948
2644943,1948
2644944,1948
2644945,1948
2644946,1950
2644947,1950
2644948,1950
2644949,1950
2644950,1950
2644951,1950
2644952,1950
2644953,1950
2644954,1939
2644955,1939
2644956,1939
2644957,1939
2644958,1939
2644959,1939
2644960,1939
2644961,1922
2644962,1922
2644963,1922
2644964,1922
2644965,1922
2644966,1922
2644967,1922
2644968,1922
2644969,1873
2644970,1873
2644971,1873
2644972,1873
2644973,1873
2644974,1873
2644975,1873
2644976,1885
2644977,1885
2644978,1885
2644979,1885
2644980,1885
2644981,1885
2644982,1915
2644983,1915
2644984,1938
2644985,1938
2644988,1702
2644989,1906
2644990,1906
2644991,1839
2644992,1839
2644993,1839
2644994,1839
2644995,1839
2644996,1839
2644997,1839
2644998,1839
2644999,1880
2645000,1880
2645001,1880
2645002,1880
2645003,1880
2645004,1880
2645005,1880
2645006,1913
2645007,1913
2645008,1913
2645009,1913
2645010,1913
2645011,1913
2645012,1913
2645013,1913
2645014,1907
2645015,1872
2645016,1872
2645017,1907
2645018,1907
2645049,1449
2645050,1449
2645051,1652
2645052,1652
2645053,1652
2645054,1652
2645055,1652
2645056,1709
2645057,1709
2645058,1709
2645059,1910
2645060,1627
2645062,1627
2645063,1627
2645064,1910
2645065,1910
2645066,2004
2645067,1714
2645068,1714
2645069,1714
2645074,2071
2645076,2071
2645077,2071
2645078,2071
2645079,2071
2645080,2071
2645081,2125
2645085,2125
2645086,2125
2645087,2125
2645088,2125
2645089,2100
2645090,2100
2645091,2100
2645092,2100
2645093,2100
2645094,2100
2645095,2100
2645100,2027
2648856,2478
2648857,2478
2648858,2478
2648859,2478
2648860,2478
2648861,2364
2649024,1224
2649025,1224
2649076,1606
2649083,1687
2649084,1687
2649085,1687
2649086,1749
2649087,1749
2649088,1749
2649089,1749
2649090,1749
2649091,1749
2649092,1749
2649093,1749
2649094,1827
2649095,1884
2649096,1884
2649097,1884
2649098,1884
2649102,1957
2649103,1957
2649104,1957
2649105,1957
2649106,1957
2649107,1957
2649108,1957
2649109,2006
2649110,2006
2649111,2006
2649112,2006
2649113,2006
2649114,2006
2649115,2006
2649116,2044
2649117,2044
2649118,2044
2649119,2044
2649120,2044
2649121,2044
2649122,2044
2649123,2044
2649124,2075
2649125,2075
2649126,2075
2649127,2075
2649128,2075
2649129,2075
2649130,2075
2649131,2086
2649132,2086
2649133,2086
2649134,2086
2649135,2086
2649136,2086
2649137,2086
2649138,2086
2649139,2112
2649140,2112
2649141,2112
2649142,2112
2649143,2112
2649144,2112
2649145,2112
2649146,2127
2649147,2127
2649148,2127
2649149,2127
2649150,2127
2649151,2127
2649152,2127
2649153,2127
2649154,2103
2649155,2103
2649156,2103
2649157,2103
2649158,2103
2649159,2103
2649160,2103
2649161,2068
2649162,2068
2649163,2068
2649164,2068
2649165,2068
2649166,2068
2649167,2068
2649168,2068
2649169,2061
2649170,2061
2649171,2061
2649172,2061
2649173,2061
2649174,2061
2649175,2061
2649176,2053
2649177,2053
2649178,2053
2649179,2053
2649180,2053
2649181,2053
2649182,2053
2649183,2053
2649184,2036
2649185,2036
2649186,2036
2649187,2036
2649188,2036
2649189,2036
2649190,2036
2649191,2033
2649192,2033
2649193,2033
2649194,2033
2649195,2033
2649196,2033
2649197,2033
2649198,2033
2649199,2039
2649200,2039
2649201,2039
2649202,2039
2649203,2039
2649204,2039
2649205,2039
2649206,2041
2649207,2041
2649208,2041
2649209,2041
2649210,2041
2649211,2041
2649212,2041
2649213,2041
2649214,2019
2649215,2019
2649216,2019
2649217,2019
2649218,2019
2649219,2019
2649220,2019
2649221,2013
2649222,2013
2649223,2013
2649224,2013
2649225,2013
2649226,2013
2649227,2013
2649228,2013
2649229,2040
2649230,2040
2649231,2040
2649232,2040
2649233,2040
2649234,2040
2649235,2040
2649236,2019
2649237,2019
2649238,1995
2649239,1995
2649240,1995
2649241,1995
2649242,1995
2649243,1995
2649244,1974
2649245,1974
2649246,1974
2649247,1974
2649248,1974
2649249,1974
2649250,1974
2649251,1961
2649252,1961
2649253,1961
2649254,1961
2649255,1961
2649256,1961
2649257,1961
2649258,1961
2649259,1948
2649260,1948
2649261,1948
2649262,1948
2649263,1948
2649264,1948
2649265,1948
2649266,1950
2649267,1950
2649268,1950
2649269,1950
2649270,1950
2649271,1950
2649272,1950
2649273,1950
2649274,1939
2649275,1939
2649276,1939
2649277,1939
2649278,1939
2649279,1939
2649280,1939
2649281,1922
2649282,1922
2649283,1922
2649284,1922
2649285,1922
2649286,1922
2649287,1922
2649288,1922
2649289,1873
2649290,1873
2649291,1873
2649292,1873
2649293,1873
2649294,1873
2649295,1873
2649296,1885
2649297,1885
2649298,1885
2649299,1885
2649300,1885
2649301,1885
2649302,1885
2649303,1915
2649304,1938
2649305,1938
2649306,1938
2649308,1620
2649309,1906
2649310,1906
2649311,1839
2649312,1839
2649313,1839
2649314,1839
2649315,1839
2649316,1839
2649317,1839
2649318,1839
2649319,1880
2649320,1880
2649321,1880
2649322,1880
2649323,1880
2649324,1880
2649325,1880
2649326,1913
2649327,1913
2649328,1913
2649329,1913
2649330,1913
2649331,1913
2649332,1913
2649333,1913
2649334,1872
2649335,1872
2649336,1872
2649337,1872
2649338,1872
2649369,1449
2649370,1449
2649371,1652
2649372,1652
2649373,1652
2649374,1709
2649375,1709
2649376,1709
2649377,1709
2649378,1709
2649379,1910
2649383,1910
2649384,1910
2649385,1910
2649386,2004
2649387,2004
2649388,1714
2649398,2071
2649399,2071
2649400,2071
2649401,2125
2649406,2125
2649407,2125
2649408,2125
2649409,2100
2649410,2100
2649411,2100
2649412,2100
2649413,2100
2649414,2100
2649415,2100
2649416,2048
2653178,2478
2653179,2478
2653180,2478
2653181,2364
2653295,1469
2653344,1224
2653404,1687
2653405,1687
2653406,1749
2653407,1749
2653408,1749
2653409,1749
2653410,1749
2653411,1749
2653412,1749
2653413,1749
2653414,1827
2653415,1884
2653416,1884
2653417,1884
2653418,1884
2653419,1884
2653420,1884
2653421,1957
2653422,1957
2653423,1957
2653424,1957
2653425,1957
2653426,1957
2653427,1957
2653428,1957
2653429,2006
2653430,2006
2653431,2006
2653432,2006
2653433,2006
2653434,2006
2653435,2006
2653436,2044
2653437,2044
2653438,2044
2653439,2044
2653440,2044
2653441,2044
2653442,2044
2653443,2044
2653444,2075
2653445,2075
2653446,2075
2653447,2075
2653448,2075
2653449,2075
2653450,2075
2653451,2086
2653452,2086
2653453,2086
2653454,2086
2653455,2086
2653456,2086
2653457,2086
2653458,2086
2653459,2112
2653460,2112
2653461,2112
2653462,2112
2653463,2112
2653464,2112
2653465,2112
2653466,2127
2653467,2127
2653468,2127
2653469,2127
2653470,2127
2653471,2127
2653472,2127
2653473,2127
2653474,2103
2653475,2103
2653476,2103
2653477,2103
2653478,2103
2653479,2103
2653480,2103
2653481,2068
2653482,2068
2653483,2068
2653484,2068
2653485,2068
2653486,2068
2653487,2068
2653488,2068
2653489,2061
2653490,2061
2653491,2061
2653492,2061
2653493,2061
2653494,2061
2653495,2061
2653496,2053
2653497,2053
2653498,2053
2653499,2053
2653500,2053
2653501,2053
2653502,2053
2653503,2053
2653504,2036
2653505,2036
2653506,2036
2653507,2036
2653508,2036
2653509,2036
2653510,2036
2653511,2033
2653512,2033
2653513,2033
2653514,2033
2653515,2033
2653516,2033
2653517,2033
2653518,2033
2653519,2039
2653520,2039
2653521,2039
2653522,2039
2653523,2039
2653524,2039
2653525,2039
2653526,2041
2653527,2041
2653528,2041
2653529,2041
2653530,2041
2653531,2041
2653532,2041
2653533,2041
2653534,2019
2653535,2019
2653536,2019
2653537,2019
2653538,2019
2653539,2019
2653540,2019
2653541,2013
2653542,2013
2653543,2013
2653544,2013
2653545,2013
2653546,2013
2653547,2013
2653548,2013
2653549,2040
2653550,2040
2653551,2040
2653552,2040
2653553,2040
2653554,2040
2653555,2040
2653556,2019
2653557,2019
2653558,1995
2653559,1995
2653560,1995
2653561,1995
2653562,1995
2653563,1995
2653564,1974
2653565,1974
2653566,1974
2653567,1974
2653568,1974
2653569,1974
2653570,1974
2653571,1961
2653572,1961
2653573,1961
2653574,1961
2653575,1961
2653576,1961
2653577,1961
2653578,1961
2653579,1948
2653580,1948
2653581,1948
2653582,1948
2653583,1948
2653584,1948
2653585,1948
2653586,1950
2653587,1950
2653588,1950
2653589,1950
2653590,1950
2653591,1950
2653592,1950
2653593,1950
2653594,1939
2653595,1939
2653596,1939
2653597,1939
2653598,1939
2653599,1939
2653600,1939
2653601,1922
2653602,1922
2653603,1922
2653604,1922
2653605,1922
2653606,1922
2653607,1922
2653608,1922
2653609,1873
2653610,1873
2653611,1873
2653612,1873
2653613,1873
2653614,1873
2653615,1873
2653616,1885
2653617,1885
2653618,1885
2653619,1885
2653620,1885
2653621,1915
2653622,1915
2653623,1602
2653624,1938
2653625,1938
2653627,1620
2653628,1938
2653629,1938
2653630,1906
2653631,1839
2653632,1839
2653633,1839
2653634,1839
2653635,1839
2653636,1839
2653637,1839
2653638,1839
2653639,1880
2653640,1880
2653641,1880
2653642,1880
2653643,1880
2653644,1880
2653645,1880
2653646,1913
2653647,1913
2653650,1913
2653651,1913
2653652,1913
2653653,1878
2653654,1872
2653655,1872
2653656,1872
2653687,1449
2653688,1449
2653689,1449
2653690,1449
2653692,1709
2653693,1652
2653694,1709
2653695,1709
2653696,1709
2653697,1709
2653698,1709
2653699,1910
2653703,1627
2653704,1910
2653705,1910
2653706,2004
2653707,2004
2653708,1714
2653709,1714
2653717,2071
2653718,2071
2653719,2071
2653720,2071
2653721,2125
2653724,2125
2653726,2125
2653727,2125
2653728,2125
2653729,2100
2653730,2100
2653731,2100
2653732,2100
2653733,2100
2653734,2100
2653735,2100
2653736,2048
2653737,2048
2657496,2278
2657498,2278
2657499,2278
2657500,2278
2657501,2380
2657662,1364
2657663,1364
2657724,1853
2657725,1853
2657726,1871
2657727,1871
2657728,1871
2657729,1871
2657730,1871
2657731,1871
2657732,1871
2657733,1871
2657734,1896
2657735,1955
2657736,1955
2657737,1955
2657738,1955
2657739,1955
2657740,1955
2657741,2027
2657742,1702
2657743,2027
2657744,1702
2657745,1702
2657746,2027
2657747,2027
2657748,2027
2657749,2066
2657750,2066
2657751,2066
2657752,2066
2657753,2066
2657754,2066
2657755,2066
2657756,2093
2657757,2093
2657758,2093
2657759,2093
2657760,2093
2657761,2093
2657762,2093
2657763,2093
2657764,2109
2657765,2109
2657766,2109
2657767,2109
2657768,2109
2657769,2109
2657770,2109
2657771,2108
2657772,2108
2657773,2108
2657774,2108
2657775,2108
2657776,2108
2657777,2108
2657778,2108
2657779,2125
2657780,2125
2657781,2125
2657782,2125
2657783,2125
2657784,2125
2657785,2125
2657786,2149
2657787,2149
2657788,2149
2657789,2149
2657790,2149
2657791,2149
2657792,2149
2657793,2149
2657794,2108
2657795,2108
2657796,2108
2657797,2108
2657798,2108
2657799,2108
2657800,2108
2657801,2071
2657802,2071
2657803,2071
2657804,2071
2657805,2071
2657806,2071
2657807,2071
2657808,2071
2657809,2082
2657810,2082
2657811,2082
2657812,2082
2657813,2082
2657814,2082
2657815,2082
2657816,2066
2657817,2066
2657818,2066
2657819,2066
2657820,2066
2657821,2066
2657822,2066
2657823,2066
2657824,2051
2657825,2051
2657826,2051
2657827,2051
2657828,2051
2657829,2051
2657830,2051
2657831,2053
2657832,2053
2657833,2053
2657834,2053
2657835,2053
2657836,2053
2657837,2053
2657838,2053
2657839,2043
2657840,2043
2657841,2043
2657842,2043
2657843,2043
2657844,2043
2657845,2043
2657846,2067
2657847,2067
2657848,2067
2657849,2067
2657850,2067
2657851,2067
2657852,2067
2657853,2067
2657854,2083
2657855,2083
2657856,2083
2657857,2083
2657858,2083
2657859,2083
2657860,2083
2657861,2057
2657862,2057
2657863,2057
2657864,2057
2657865,2057
2657866,2057
2657867,2057
2657868,2057
2657869,2094
2657870,2094
2657871,2094
2657872,2094
2657873,2094
2657874,2094
2657877,2065
2657878,2065
2657879,2065
2657880,2065
2657881,2065
2657882,2065
2657883,2065
2657884,2049
2657885,2049
2657886,2049
2657887,2049
2657888,2049
2657889,2049
2657890,2049
2657891,2037
2657892,2037
2657893,2037
2657894,2037
2657895,2037
2657896,2037
2657897,2037
2657898,2037
2657899,2031
2657900,2031
2657901,2031
2657902,2031
2657903,2031
2657904,2031
2657905,2031
2657906,2017
2657907,2017
2657908,2017
2657909,2017
2657910,2017
2657911,2017
2657912,2017
2657913,2017
2657914,2009
2657915,2009
2657916,2009
2657917,2009
2657918,2009
2657919,2009
2657920,2009
2657921,1991
2657922,1991
2657923,1991
2657924,1991
2657925,1991
2657926,1991
2657927,1991
2657928,1991
2657929,1964
2657930,1964
2657931,1964
2657932,1964
2657933,1964
2657934,1964
2657935,1996
2657936,1975
2657937,1943
2657938,1975
2657939,1975
2657940,1975
2657941,1975
2657942,1975
2657943,1975
2657944,1646
2657945,1646
2657947,1970
2657948,1970
2657950,1646
2657951,1961
2657952,1961
2657953,1961
2657954,1929
2657955,1721
2657956,1929
2657957,1929
2657958,1929
2657959,1925
2657960,1925
2657961,1925
2657962,1925
2657963,1957
2657964,1957
2657965,1957
2657966,1960
2657967,1960
2657969,1749
2657970,1960
2657971,1960
2657972,1960
2657973,1960
2657974,1899
2657975,1899
2657976,1899
2657999,1327
2658000,1327
2658007,1464
2658008,1464
2658009,1464
2658010,1464
2658013,1772
2658014,1772
2658015,1772
2658016,1772
2658017,1772
2658018,1772
2658019,1993
2658022,1686
2658023,1686
2658024,1993
2658025,1993
2658026,2087
2658027,2087
2658028,2087
2658029,1775
2658030,1775
2658036,2172
2658037,2172
2658038,2172
2658039,2172
2658040,2172
2658041,2234
2658045,2234
2658046,2234
2658047,2234
2658048,2234
2658049,2163
2658050,2163
2658051,2163
2658052,2163
2658053,2163
2658054,2163
2658055,2163
2658056,2098
2658057,2098
2658058,2098
2661816,2278
2661817,2278
2661818,2278
2661819,2278
2661820,2278
2661982,1364
2661983,1364
2661984,1364
2661996,841
2662045,1853
2662046,1871
2662047,1871
2662048,1871
2662049,1871
2662050,1871
2662051,1871
2662052,1871
2662053,1871
2662054,1896
2662055,1955
2662056,1955
2662057,1955
2662058,1955
2662059,1955
2662060,1955
2662061,2027
2662062,2027
2662063,2027
2662064,2027
2662065,2027
2662066,2027
2662067,2027
2662068,2027
2662069,2066
2662070,2066
2662072,2066
2662073,2066
2662074,2066
2662075,2066
2662076,2093
2662077,2093
2662078,2093
2662079,2093
2662080,2093
2662081,2093
2662082,2093
2662083,2093
2662084,2109
2662085,2109
2662086,2109
2662087,2109
2662088,2109
2662089,2109
2662090,2109
2662091,2108
2662092,2108
2662093,1766
2662094,2108
2662095,2108
2662096,2108
2662097,2108
2662098,2108
2662099,2125
2662100,2125
2662101,2125
2662102,2125
2662103,2125
2662104,2125
2662105,2125
2662106,2149
2662107,2149
2662108,2149
2662109,2149
2662110,2149
2662111,2149
2662112,2149
2662113,2149
2662114,2108
2662115,2108
2662116,2108
2662117,2108
2662118,2108
2662119,2108
2662120,2108
2662121,2071
2662122,2071
2662123,2071
2662124,2071
2662125,2071
2662126,2071
2662127,2071
2662128,2071
2662129,2082
2662130,2082
2662131,2082
2662132,2082
2662133,2082
2662134,2082
2662135,2082
2662136,2066
2662137,2066
2662138,2066
2662139,2066
2662140,2066
2662141,2066
2662142,2066
2662143,2066
2662144,2051
2662145,2051
2662146,2051
2662147,2051
2662148,2051
2662149,2051
2662150,2051
2662151,2053
2662152,2053
2662153,2053
2662154,2053
2662155,2053
2662156,2053
2662157,2053
2662158,2053
2662159,2043
2662160,2043
2662161,2043
2662162,2043
2662163,2043
2662164,2043
2662165,2043
2662166,2067
2662167,2067
2662168,2067
2662169,2067
2662170,2067
2662171,2067
2662172,2067
2662173,2067
2662174,2083
2662175,2083
2662176,2083
2662177,2083
2662178,2083
2662179,2083
2662180,2083
2662181,2057
2662182,2057
2662183,2057
2662184,2057
2662185,2057
2662186,2057
2662187,2057
2662188,2057
2662189,2094
2662190,2094
2662191,2094
2662192,2094
2662193,2094
2662197,2091
2662198,2065
2662199,2065
2662200,2065
2662201,2065
2662202,2065
2662203,2065
2662204,2049
2662205,2049
2662206,2049
2662207,2049
2662208,2049
2662209,2049
2662210,2049
2662211,2037
2662212,2037
2662213,2037
2662214,2037
2662215,2037
2662216,2037
2662217,2037
2662218,2037
2662219,2031
2662220,2031
2662221,2031
2662222,2031
2662223,2031
2662224,2031
2662225,2031
2662226,2017
2662227,2017
2662228,2017
2662229,2017
2662230,2017
2662231,2017
2662232,2017
2662233,2017
2662234,2009
2662235,2009
2662236,2009
2662237,2009
2662238,2009
2662239,2009
2662240,2009
2662241,1991
2662242,1991
2662243,1991
2662244,1991
2662245,1991
2662246,1991
2662247,1991
2662248,1991
2662249,1964
2662250,1964
2662251,1964
2662252,1964
2662253,1964
2662254,1964
2662255,1996
2662256,1975
2662257,1975
2662258,1975
2662259,1975
2662260,1975
2662261,1975
2662262,1649
2662263,1975
2662266,1970
2662267,1970
2662268,1970
2662269,1970
2662270,1970
2662271,1961
2662272,1961
2662273,1961
2662274,1961
2662275,1961
2662276,1961
2662277,1961
2662278,1721
2662279,1957
2662280,1925
2662281,1925
2662282,1957
2662283,1957
2662284,1638
2662285,1957
2662286,1960
2662287,1749
2662289,1960
2662290,1960
2662291,1960
2662292,1749
2662293,1960
2662294,1899
2662295,1899
2662296,1899
2662320,1327
2662328,1464
2662329,1464
2662332,1772
2662333,1772
2662334,1772
2662335,1772
2662336,1772
2662337,1772
2662338,1772
2662339,1993
2662340,1686
2662341,1686
2662342,1686
2662343,1993
2662344,1993
2662345,1993
2662346,2087
2662347,2087
2662348,2087
2662349,2087
2662355,2172
2662356,2172
2662357,2172
2662358,2172
2662359,2172
2662360,2172
2662361,2234
2662366,2234
2662367,2234
2662368,2234
2662369,2163
2662370,2163
2662371,2163
2662372,2163
2662373,2163
2662374,2163
2662375,2163
2662376,2098
2662377,2098
2666136,2278
2666137,2278
2666138,2278
2666139,2278
2666140,2278
2666303,1364
2666304,1364
2666305,1364
2666327,722
2666365,1853
2666366,1871
2666369,1871
2666370,1871
2666371,1871
2666372,1871
2666373,1871
2666374,1896
2666375,1955
2666376,1955
2666377,1955
2666381,2027
2666382,2027
2666383,2027
2666384,2027
2666385,2027
2666386,2027
2666387,2027
2666388,2027
2666389,2066
2666390,2066
2666391,2066
2666392,2066
2666393,2066
2666394,2066
2666395,2066
2666396,2093
2666397,2093
2666398,2093
2666399,2093
2666400,2093
2666401,2093
2666402,2093
2666403,2093
2666404,2109
2666405,2109
2666406,2109
2666407,2109
2666408,2109
2666409,2109
2666410,2109
2666411,2108
2666412,2108
2666413,2108
2666414,2108
2666415,2108
2666416,2108
2666417,2108
2666421,2125
2666422,2125
2666423,2125
2666424,2125
2666425,2125
2666426,2149
2666427,2149
2666428,2149
2666429,2149
2666430,2149
2666431,2149
2666432,2149
2666433,2149
2666434,2108
2666435,2108
2666436,2108
2666437,2108
2666438,2108
2666439,2108
2666440,2108
2666441,2071
2666442,2071
2666443,2071
2666444,2071
2666445,2071
2666446,2071
2666447,2071
2666448,2071
2666449,2082
2666450,2082
2666451,2082
2666452,2082
2666453,2082
2666454,2082
2666455,2082
2666456,2066
2666457,2066
2666458,2066
2666459,2066
2666460,2066
2666461,2066
2666462,2066
2666463,2066
2666464,2051
2666465,2051
2666466,2051
2666467,2051
2666468,2051
2666469,2051
2666470,2051
2666471,2053
2666472,2053
2666473,2053
2666474,2053
2666475,2053
2666476,2053
2666477,2053
2666478,2053
2666479,2043
2666480,2043
2666481,2043
2666482,2043
2666483,2043
2666484,2043
2666485,2043
2666486,2067
2666487,2067
2666488,2067
2666489,2067
2666490,2067
2666491,2067
2666492,2067
2666493,2067
2666494,2083
2666495,2083
2666496,2083
2666497,2083
2666498,2083
2666499,2083
2666500,2083
2666501,2057
2666502,2057
2666503,2057
2666504,2057
2666505,2057
2666506,2057
2666507,2057
2666508,2057
2666509,2094
2666510,2094
2666511,2094
2666512,2094
2666516,2091
2666517,2065
2666518,2065
2666519,2065
2666520,2065
2666521,2065
2666522,2065
2666523,2065
2666524,2049
2666525,2049
2666526,2049
2666527,2049
2666528,2049
2666529,2049
2666530,2049
2666531,2037
2666532,2037
2666533,2037
2666534,2037
2666535,2037
2666536,2037
2666537,2037
2666538,2037
2666539,2031
2666540,2031
2666541,2031
2666542,2031
2666543,2031
2666544,2031
2666545,2031
2666546,2017
2666547,2017
2666548,2017
2666549,2017
2666550,2017
2666551,2017
2666552,2017
2666553,2017
2666554,2009
2666555,2009
2666556,2009
2666557,2009
2666558,2009
2666559,2009
2666560,2009
2666561,1991
2666562,1991
2666563,1991
2666564,1991
2666565,1991
2666566,1991
2666567,1991
2666568,1991
2666569,1964
2666570,1964
2666571,1964
2666572,1964
2666573,1964
2666574,1964
2666575,1996
2666576,1975
2666577,1975
2666578,1975
2666579,1975
2666580,1975
2666581,1649
2666586,1970
2666587,1970
2666588,1970
2666589,1970
2666590,1970
2666591,1639
2666592,1961
2666593,1961
2666594,1961
2666595,1961
2666596,1961
2666597,1961
2666598,1639
2666599,1638
2666600,1638
2666601,1638
2666602,1638
2666604,1638
2666605,1638
2666606,1994
2666609,1960
2666610,1960
2666611,1960
2666612,1924
2666613,1924
2666651,1772
2666652,1772
2666653,1772
2666654,1772
2666655,1772
2666656,1772
2666657,1772
2666658,1772
2666660,1993
2666661,1686
2666662,1993
2666663,1993
2666664,1993
2666665,1993
2666666,2087
2666667,2087
2666668,2087
2666669,2087
2666674,2172
2666675,2172
2666676,2172
2666677,2172
2666678,2172
2666679,2172
2666680,2172
2666681,2234
2666686,2234
2666687,2234
2666688,2234
2666689,2163
2666690,2163
2666691,2163
2666692,2163
2666693,2163
2666694,2163
2666695,2163
2666696,2098
2666697,2098
2666698,2098
2670457,2278
2670458,2278
2670459,2278
2670461,2380
2670624,1364
2670625,1364
2670663,1370
2670664,1715
2670665,1715
2670669,1715
2670690,1871
2670691,1871
2670692,1871
2670693,1871
2670694,1896
2670695,1955
2670696,1955
2670697,1955
2670698,1955
2670701,2027
2670702,2027
2670703,2027
2670704,2027
2670705,2027
2670706,2027
2670707,2027
2670708,2027
2670709,2066
2670710,2066
2670711,2066
2670712,2066
2670713,2066
2670714,2066
2670715,2066
2670716,2093
2670717,2093
2670718,2093
2670719,2093
2670720,2093
2670721,2093
2670722,2093
2670723,2093
2670724,2109
2670725,2109
2670726,2109
2670727,2109
2670728,2109
2670729,2109
2670730,2109
2670731,2108
2670732,1766
2670733,1766
2670734,2108
2670735,2108
2670736,2108
2670737,2108
2670738,2108
2670739,2125
2670740,2125
2670741,2125
2670742,2125
2670743,2125
2670744,2125
2670745,2125
2670746,2149
2670747,2149
2670748,2149
2670749,2149
2670750,2149
2670751,2149
2670752,2149
2670753,2149
2670754,2108
2670755,2108
2670756,2108
2670757,2108
2670758,2108
2670759,2108
2670760,2108
2670761,2071
2670762,2071
2670763,2071
2670764,2071
2670765,2071
2670766,2071
2670767,2071
2670768,2071
2670769,2082
2670770,2082
2670771,2082
2670772,2082
2670773,2082
2670774,2082
2670775,2082
2670776,2066
2670777,2066
2670778,2066
2670779,2066
2670780,2066
2670781,2066
2670782,2066
2670783,2066
2670784,2051
2670785,2051
2670789,2051
2670790,2051
2670791,2053
2670792,2053
2670793,2053
2670794,2053
2670795,2053
2670796,2053
2670797,2053
2670798,2053
2670799,2043
2670800,2043
2670801,2043
2670802,2043
2670803,2043
2670804,2043
2670805,2043
2670806,2067
2670807,2067
2670808,2067
2670809,2067
2670810,2067
2670811,2067
2670812,2067
2670813,2067
2670814,2083
2670815,2083
2670816,2083
2670817,2083
2670818,2083
2670819,2083
2670820,2083
2670821,2057
2670822,2057
2670823,2057
2670824,2057
2670825,2057
2670826,2057
2670827,2057
2670828,2057
2670829,2094
2670830,2094
2670831,2094
2670832,2094
2670833,1751
2670834,1751
2670835,1751
2670836,2091
2670837,2065
2670838,2065
2670839,2065
2670840,2065
2670841,2065
2670842,2065
2670843,2065
2670844,2049
2670845,2049
2670846,2049
2670847,2049
2670848,2049
2670849,2049
2670850,2049
2670851,2037
2670852,2037
2670853,2037
2670854,2037
2670855,2037
2670856,2037
2670857,2037
2670858,2037
2670859,2031
2670860,2031
2670861,2031
2670862,2031
2670863,2031
2670864,2031
2670865,2031
2670866,2017
2670867,2017
2670868,2017
2670869,2017
2670870,2017
2670871,2017
2670872,2017
2670873,2017
2670874,2009
2670875,2009
2670876,2009
2670877,2009
2670878,2009
2670879,2009
2670880,2009
2670881,1991
2670882,1991
2670883,1991
2670884,1991
2670885,1991
2670886,1991
2670887,1991
2670888,1991
2670889,1964
2670890,1964
2670891,1964
2670892,1964
2670893,1964
2670894,1996
2670895,1996
2670896,1975
2670897,1975
2670898,1975
2670899,1975
2670900,1975
2670901,1975
2670907,1970
2670908,1970
2670909,1970
2670910,1970
2670911,1639
2670912,1961
2670913,1961
2670914,1961
2670915,1961
2670916,1961
2670917,1961
2670918,1639
2670919,1638
2670920,1638
2670924,1638
2670925,1638
2670929,1749
2670930,1960
2670931,1960
2670965,1293
2670966,1464
2670970,1512
2670971,1772
2670972,1772
2670973,1513
2670974,1772
2670975,1772
2670976,1772
2670977,1772
2670979,1993
2670980,1993
2670981,1993
2670982,1993
2670983,1993
2670984,1993
2670985,1993
2670986,2087
2670987,2087
2670988,2087
2670989,2087
2670993,1680
2670994,2172
2670996,2172
2670997,2172
2670998,2172
2670999,2172
2671000,2172
2671001,2234
2671004,2234
2671005,2234
2671006,2234
2671007,2234
2671008,2234
2671009,2163
2671010,2163
2671011,2163
2671012,2163
2671013,2163
2671014,2163
2671015,2163
2671016,2098
2671017,2098
2671018,2098
2674777,2278
2674778,2278
2674779,2278
2674780,2278
2674781,2380
2674984,1715
2675010,1871
2675011,1871
2675012,1871
2675013,1871
2675014,1896
2675015,1955
2675016,1955
2675017,1955
2675018,1955
2675019,1955
2675020,1955
2675021,2027
2675022,2027
2675023,2027
2675024,2027
2675025,2027
2675026,2027
2675027,2027
2675028,2027
2675029,2066
2675030,2066
2675031,2066
2675032,2066
2675033,2066
2675034,2066
2675035,2066
2675036,2093
2675037,2093
2675038,2093
2675039,2093
2675040,2093
2675041,2093
2675042,2093
2675043,2093
2675044,2109
2675045,2109
2675046,2109
2675047,2109
2675048,2109
2675049,2109
2675050,2109
2675051,2108
2675052,1766
2675053,1766
2675054,2108
2675055,2108
2675056,1766
2675057,1766
2675058,2108
2675059,2125
2675060,2125
2675061,2125
2675062,2125
2675063,2125
2675064,2125
2675065,2125
2675066,2149
2675067,2149
2675068,2149
2675069,2149
2675070,2149
2675071,2149
2675072,2149
2675073,2149
2675074,2108
2675075,2108
2675076,2108
2675077,2108
2675078,2108
2675079,2108
2675080,2108
2675081,2071
2675082,2071
2675083,2071
2675084,2071
2675085,2071
2675086,2071
2675087,2071
2675088,2071
2675089,2082
2675090,2082
2675091,2082
2675092,2082
2675093,2082
2675094,2082
2675095,2082
2675096,2066
2675097,2066
2675098,2066
2675099,2066
2675100,2066
2675101,2066
2675102,2066
2675103,2066
2675104,2051
2675105,2051
2675106,2051
2675107,2051
2675108,2051
2675109,2051
2675110,2051
2675111,2053
2675112,2053
2675113,2053
2675114,2053
2675115,2053
2675116,2053
2675117,2053
2675118,2053
2675119,2043
2675120,2043
2675121,2043
2675122,2043
2675123,2043
2675124,2043
2675125,2043
2675126,2067
2675127,2067
2675128,2067
2675129,2067
2675130,2067
2675131,2067
2675132,2067
2675133,2067
2675134,2083
2675135,2083
2675136,2083
2675137,2083
2675138,2083
2675139,2083
2675140,2083
2675141,2057
2675142,2057
2675143,2057
2675144,2057
2675145,2057
2675146,2057
2675147,2057
2675148,2057
2675149,2094
2675150,2094
2675151,2094
2675152,2094
2675153,2094
2675154,1751
2675155,2094
2675156,2065
2675157,2065
2675158,2065
2675159,2065
2675160,2065
2675161,2065
2675162,2065
2675163,2065
2675164,2049
2675165,2049
2675166,2049
2675167,2049
2675168,2049
2675169,2049
2675170,2049
2675171,2037
2675172,2037
2675173,2037
2675174,2037
2675175,2037
2675176,2037
2675177,2037
2675178,2037
2675179,2031
2675180,2031
2675181,2031
2675182,2031
2675183,2031
2675184,2031
2675185,2031
2675186,2017
2675187,2017
2675188,2017
2675189,2017
2675190,2017
2675191,2017
2675192,2017
2675193,2017
2675194,2009
2675195,2009
2675196,2009
2675197,2009
2675198,2009
2675199,2009
2675200,2009
2675201,1991
2675202,1991
2675203,1991
2675204,1991
2675205,1991
2675206,1991
2675207,1991
2675208,1991
2675209,1964
2675210,1964
2675211,1964
2675212,1996
2675213,1996
2675214,1996
2675215,1996
2675216,1975
2675217,1975
2675218,1975
2675219,1975
2675220,1975
2675221,1975
2675222,1649
2675227,1970
2675228,1970
2675229,1970
2675230,1970
2675232,1961
2675233,1961
2675234,1961
2675235,1961
2675236,1961
2675237,1961
2675238,1639
2675239,1638
2675244,1957
2675245,1957
2675285,1293
2675286,1293
2675289,1512
2675290,1512
2675291,1772
2675292,1772
2675293,1772
2675294,1772
2675295,1772
2675296,1772
2675299,1993
2675300,1993
2675301,1993
2675302,1993
2675303,1993
2675304,1993
2675305,1993
2675306,2087
2675307,2087
2675308,2087
2675309,2087
2675310,2087
2675311,2087
2675313,1680
2675315,1769
2675316,2172
2675317,2172
2675318,2172
2675319,2172
2675320,2172
2675321,2234
2675322,2234
2675325,1840
2675326,2234
2675327,2234
2675328,2234
2675329,2163
2675330,2163
2675331,2163
2675332,2163
2675333,2163
2675334,2163
2675335,2163
2675336,2098
2675337,2098
2679099,2278
2679100,2278
2679101,2380
2679102,2380
2679288,722
2679304,1715
2679330,1871
2679331,1871
2679332,1871
2679333,1871
2679334,1896
2679335,1955
2679336,1955
2679337,1955
2679338,1955
2679339,1955
2679340,1955
2679341,2027
2679342,2027
2679343,2027
2679344,2027
2679345,2027
2679346,2027
2679347,2027
2679348,2027
2679349,2066
2679350,2066
2679351,2066
2679352,2066
2679353,2066
2679354,2066
2679355,2066
2679356,2093
2679357,2093
2679358,2093
2679359,2093
2679360,2093
2679361,2093
2679362,2093
2679363,2093
2679364,2109
2679365,2109
2679366,2109
2679367,2109
2679368,2109
2679369,2109
2679370,2109
2679371,2108
2679372,1766
2679373,1766
2679374,1766
2679375,2108
2679376,2108
2679377,2108
2679378,2108
2679379,2125
2679380,2125
2679381,2125
2679382,2125
2679383,2125
2679384,2125
2679385,2125
2679386,2149
2679387,2149
2679388,2149
2679389,2149
2679390,2149
2679391,2149
2679392,2149
2679393,2149
2679394,2108
2679395,2108
2679396,2108
2679397,2108
2679398,2108
2679399,2108
2679400,2108
2679401,2071
2679402,2071
2679403,2071
2679404,2071
2679405,2071
2679406,2071
2679407,2071
2679408,2071
2679409,2082
2679410,2082
2679411,2082
2679412,2082
2679413,2082
2679414,2082
2679415,2082
2679416,2066
2679417,2066
2679418,2066
2679419,2066
2679420,2066
2679421,2066
2679422,2066
2679423,2066
2679424,2051
2679425,2051
2679426,2051
2679427,2051
2679428,2051
2679429,2051
2679430,2051
2679431,2053
2679432,2053
2679433,2053
2679434,2053
2679435,2053
2679436,2053
2679437,2053
2679438,2053
2679439,2043
2679440,2043
2679441,2043
2679442,2043
2679447,1734
2679448,2067
2679449,2067
2679450,2067
2679451,2067
2679452,2067
2679453,2067
2679454,2083
2679455,2083
2679456,2083
2679457,2083
2679458,2083
2679459,2083
2679460,2083
2679461,2057
2679462,2057
2679463,2057
2679464,2057
2679465,2057
2679466,2057
2679467,2057
2679468,2057
2679469,2094
2679470,2094
2679471,2094
2679472,2094
2679473,2094
2679474,2094
2679475,2094
2679476,2065
2679477,2065
2679478,2065
2679479,2065
2679480,2065
2679481,2065
2679482,2065
2679483,2065
2679484,2049
2679485,2049
2679486,2049
2679487,2049
2679488,2049
2679489,2049
2679490,2049
2679491,2037
2679492,2037
2679493,2037
2679494,2037
2679495,2037
2679496,2037
2679497,2037
2679498,2037
2679499,2031
2679500,2031
2679501,2031
2679502,2031
2679503,2031
2679504,2031
2679505,2031
2679506,2017
2679507,2017
2679508,2017
2679509,2017
2679510,2017
2679511,2017
2679512,2017
2679513,2017
2679514,2009
2679515,2009
2679516,2009
2679517,2009
2679518,2009
2679519,2009
2679520,2009
2679521,1991
2679522,1991
2679523,1991
2679524,1991
2679525,1991
2679526,1991
2679527,1991
2679528,1991
2679529,1964
2679530,1774
2679531,1964
2679532,1669
2679533,1996
2679534,1996
2679535,1996
2679536,1975
2679537,1975
2679538,1975
2679539,1975
2679541,1975
2679542,1975
2679543,1975
2679544,1970
2679545,1970
2679546,1970
2679547,1970
2679548,1970
2679549,1970
2679550,1970
2679551,1961
2679552,1961
2679553,1961
2679554,1961
2679555,1961
2679556,1961
2679557,1961
2679558,1639
2679564,1638
2679565,1638
2679590,1613
2679591,1613
2679599,1327
2679604,1293
2679609,1512
2679610,1512
2679611,1772
2679612,1772
2679613,1772
2679614,1772
2679615,1772
2679616,1513
2679619,1686
2679620,1993
2679621,1993
2679622,1993
2679623,1993
2679624,1993
2679625,1993
2679626,2087
2679627,2087
2679628,2087
2679629,2087
2679630,1775
2679631,2087
2679632,1775
2679633,1775
2679634,1866
2679635,1769
2679637,2172
2679638,2172
2679640,2172
2679641,2234
2679642,2234
2679649,2163
2679650,2163
2679651,2163
2679652,2163
2679653,2163
2679654,2163
2679655,2163
2679656,2098
2679657,2098
2683420,2050
2683421,2357
2683422,2357
2683423,2357
2683424,2357
2683425,2357
2683619,1393
2683623,1393
2683624,1842
2683646,1958
2683647,1958
2683648,1958
2683651,1958
2683653,1958
2683655,2051
2683656,2051
2683658,2051
2683659,2051
2683660,2051
2683661,2088
2683662,2088
2683663,2088
2683664,2088
2683665,2088
2683666,2088
2683667,2088
2683668,2088
2683669,2112
2683670,2112
2683671,2112
2683672,2112
2683673,2112
2683674,2112
2683675,2112
2683676,2125
2683677,1779
2683678,2125
2683679,2125
2683680,2125
2683681,2125
2683682,2125
2683683,2125
2683684,1783
2683685,2130
2683686,2130
2683687,2130
2683688,2130
2683689,2130
2683690,2130
2683691,2129
2683692,2129
2683693,2129
2683694,2129
2683695,2129
2683696,2129
2683698,2129
2683699,2158
2683700,2158
2683701,2158
2683702,2158
2683703,2158
2683704,2158
2683705,2158
2683706,2163
2683707,2163
2683708,2163
2683709,2163
2683710,2163
2683711,2163
2683713,2163
2683715,2143
2683716,2143
2683717,2143
2683718,2143
2683719,2143
2683720,2143
2683721,2124
2683722,2124
2683724,2124
2683725,2124
2683726,2124
2683727,2124
2683728,2124
2683729,2120
2683730,2120
2683731,2120
2683732,2120
2683733,2120
2683734,2120
2683735,2120
2683736,2100
2683737,2100
2683738,2100
2683739,2100
2683740,2100
2683741,2100
2683742,2100
2683743,2100
2683744,2105
2683745,2105
2683746,2105
2683747,2105
2683748,2105
2683749,2105
2683750,2105
2683751,2147
2683752,2147
2683753,2147
2683754,2147
2683755,2147
2683756,2147
2683757,2147
2683758,2147
2683759,2106
2683760,2106
2683761,2106
2683762,2106
2683769,2111
2683770,2111
2683771,2111
2683772,2111
2683773,2111
2683774,2071
2683775,2071
2683776,2071
2683777,2071
2683778,2071
2683779,2071
2683780,2071
2683781,2049
2683782,2049
2683783,2049
2683784,2049
2683785,2049
2683786,2049
2683787,2049
2683788,2049
2683789,2075
2683790,2075
2683791,2075
2683792,1735
2683793,2075
2683794,2075
2683795,2075
2683796,2095
2683797,2095
2683798,2095
2683799,2095
2683800,2095
2683801,2095
2683802,2095
2683803,2095
2683804,2096
2683805,2096
2683806,2096
2683807,2096
2683808,2096
2683809,2096
2683810,2096
2683811,2093
2683812,2093
2683813,2093
2683814,2093
2683815,2093
2683816,2093
2683817,2093
2683818,2093
2683819,2095
2683820,2095
2683821,2095
2683822,2095
2683823,2095
2683824,2095
2683825,2095
2683826,2077
2683827,2077
2683828,2077
2683829,2077
2683830,2077
2683831,2077
2683832,2077
2683833,2077
2683834,2071
2683835,2071
2683836,2071
2683837,2071
2683838,2071
2683839,2071
2683840,2071
2683841,2060
2683842,2060
2683843,2060
2683844,2060
2683845,2060
2683846,2060
2683847,2060
2683848,2060
2683849,2035
2683852,1727
2683853,1727
2683854,2068
2683855,2068
2683856,2022
2683857,2022
2683858,2022
2683859,2022
2683860,2022
2683861,2022
2683862,2022
2683863,2022
2683864,1965
2683865,1965
2683866,1965
2683867,1965
2683868,1965
2683869,1965
2683870,1965
2683871,1972
2683872,1972
2683873,1972
2683874,1972
2683875,1972
2683876,1972
2683877,1972
2683878,1649
2683916,1521
2683917,1521
2683918,1521
2683919,1521
2683924,1464
2683927,1718
2683928,1718
2683929,1718
2683930,1718
2683931,1957
2683932,1957
2683933,1957
2683934,1957
2683939,1758
2683940,2085
2683941,2085
2683942,2085
2683943,2085
2683944,2085
2683945,2085
2683946,2155
2683947,2155
2683948,2155
2683949,2155
2683950,2155
2683951,2155
2683952,2155
2683953,1824
2683954,1906
2683955,2231
2683961,2320
2683970,2262
2683971,2262
2683972,2262
2683973,2262
2683974,2262
2683975,2262
2683976,2160
2687740,2050
2687741,2357
2687742,2357
2687743,2357
2687745,2357
2687900,875
2687929,1100
2687933,1100
2687940,1393
2687941,1393
2687942,1393
2687943,1393
2687944,1842
2687951,1941
2687952,1941
2687953,1941
2687962,1965
2687966,1958
2687967,1958
2687968,1958
2687969,1958
2687972,1958
2687973,1958
2687975,2051
2687980,2051
2687981,2088
2687982,2088
2687983,2088
2687984,2088
2687985,2088
2687986,2088
2687987,2088
2687988,2088
2687989,2112
2687990,2112
2687991,2112
2687992,2112
2687993,2112
2687994,2112
2687995,2112
2687996,2125
2687997,1779
2687998,2125
2687999,2125
2688000,2125
2688001,2125
2688002,2125
2688003,2125
2688004,2130
2688005,2130
2688006,2130
2688007,2130
2688008,2130
2688009,2130
2688010,2130
2688011,2129
2688012,2129
2688013,2129
2688014,2129
2688015,2129
2688016,2129
2688018,2129
2688019,2158
2688020,2158
2688021,1803
2688022,2158
2688023,2158
2688024,2158
2688025,2158
2688026,2163
2688027,2163
2688028,1806
2688029,1806
2688030,1806
2688031,1806
2688032,1806
2688033,1806
2688035,2143
2688036,2143
2688037,2143
2688038,2143
2688039,2143
2688040,2143
2688041,2124
2688044,2124
2688045,2124
2688046,2124
2688047,2124
2688048,2124
2688049,2120
2688050,2120
2688051,2120
2688052,2120
2688053,2120
2688054,2120
2688055,2120
2688056,2100
2688057,2100
2688058,2100
2688059,2100
2688060,2100
2688061,2100
2688062,2100
2688063,2100
2688064,2105
2688065,2105
2688066,2105
2688067,2105
2688069,2105
2688070,2105
2688071,2147
2688072,2147
2688073,2147
2688074,2147
2688075,2147
2688076,2147
2688077,2147
2688078,2147
2688079,2106
2688080,2106
2688081,2106
2688082,2106
2688089,1765
2688090,2111
2688091,2111
2688092,2111
2688093,2111
2688094,2071
2688095,2071
2688096,2071
2688097,2071
2688098,2071
2688099,2071
2688100,2071
2688101,2049
2688102,2049
2688103,2049
2688104,2049
2688105,2049
2688106,2049
2688111,2075
2688113,1735
2688114,1735
2688115,1735
2688116,2121
2688117,2095
2688118,2095
2688119,2095
2688120,2095
2688121,2095
2688122,2095
2688123,2095
2688124,2096
2688125,2096
2688126,2096
2688127,2096
2688128,2096
2688129,2096
2688130,2096
2688131,2093
2688132,2093
2688133,2093
2688134,2093
2688135,2093
2688136,2093
2688137,2093
2688138,2093
2688139,2095
2688140,2095
2688141,2095
2688142,2095
2688143,2095
2688144,2095
2688145,2095
2688146,2077
2688147,2077
2688148,2077
2688149,2077
2688150,2077
2688151,2077
2688152,2077
2688153,2077
2688154,2071
2688155,2071
2688156,2071
2688157,2071
2688158,2071
2688159,2071
2688160,2071
2688161,2060
2688162,2060
2688163,2094
2688164,2094
2688165,2060
2688166,2060
2688167,2060
2688168,2060
2688169,2068
2688172,2068
2688173,2068
2688174,2068
2688175,2068
2688176,2022
2688177,2022
2688178,2022
2688179,2022
2688180,2022
2688181,2022
2688182,2022
2688183,2022
2688184,1965
2688185,1965
2688186,1965
2688187,1965
2688188,1965
2688189,1965
2688190,1965
2688191,1972
2688192,1972
2688193,1972
2688194,1972
2688195,1972
2688196,1972
2688197,1972
2688198,1649
2688236,1521
2688237,1521
2688238,1521
2688246,1718
2688247,1718
2688248,1718
2688249,1718
2688250,1718
2688251,1957
2688252,1957
2688253,1957
2688254,1957
2688260,1758
2688261,2085
2688262,2085
2688263,2085
2688264,2085
2688265,2085
2688266,2155
2688267,2155
2688268,2155
2688269,2155
2688270,2155
2688271,2155
2688272,2155
2688273,2155
2688274,2231
2688275,2231
2688276,2231
2688277,2231
2688278,2231
2688279,2231
2688280,2231
2688283,2320
2688290,2262
2688291,2262
2688292,2262
2688293,2262
2688294,2262
2688295,2262
2692063,2357
2692065,2357
2692066,2357
2692246,914
2692254,1100
2692260,1393
2692261,1393
2692262,1393
2692263,1393
2692265,1842
2692274,1941
2692275,1941
2692276,1941
2692301,2088
2692302,2088
2692303,2088
2692304,2088
2692305,2088
2692306,2088
2692307,2088
2692308,2088
2692309,2112
2692310,2112
2692311,2112
2692312,2112
2692313,2112
2692314,2112
2692315,2112
2692316,2125
2692317,1779
2692318,2125
2692319,2125
2692320,2125
2692321,2125
2692322,2125
2692323,2125
2692324,2130
2692325,2130
2692326,2130
2692327,2130
2692328,2130
2692329,2130
2692330,2130
2692331,2129
2692332,2129
2692333,2129
2692334,2129
2692335,2129
2692336,2129
2692337,2129
2692338,1782
2692339,2158
2692340,2158
2692341,1803
2692342,1803
2692343,2158
2692344,2158
2692345,2158
2692346,2163
2692347,2163
2692348,1806
2692349,1806
2692350,1806
2692351,1806
2692352,1806
2692353,1806
2692354,2143
2692355,2143
2692356,2143
2692357,2143
2692358,2143
2692359,2143
2692360,2143
2692361,1777
2692362,1777
2692365,2124
2692366,2124
2692367,2124
2692368,2124
2692369,2120
2692370,2120
2692371,2120
2692372,2120
2692373,2120
2692374,2120
2692375,2120
2692376,2100
2692377,2100
2692378,2100
2692379,2100
2692380,2100
2692381,2100
2692382,2100
2692383,2100
2692384,2105
2692385,2105
2692386,2105
2692387,2105
2692388,2105
2692389,2105
2692390,2105
2692391,2147
2692392,2147
2692393,2147
2692394,2147
2692395,2147
2692396,2147
2692397,2147
2692398,2147
2692399,2106
2692400,1763
2692401,2106
2692402,1763
2692408,2111
2692409,2111
2692411,1765
2692412,1765
2692413,1765
2692414,1732
2692415,1732
2692416,2071
2692417,2071
2692420,2071
2692421,2049
2692422,2049
2692423,2049
2692429,2075
2692431,2075
2692432,1735
2692434,2075
2692435,2075
2692436,2121
2692437,2121
2692438,2095
2692439,2095
2692440,2095
2692441,2095
2692442,2095
2692443,2095
2692444,2096
2692445,2096
2692446,2096
2692447,2096
2692448,2096
2692449,2096
2692450,2096
2692451,2093
2692452,2093
2692453,2093
2692454,2093
2692455,2093
2692456,2093
2692457,2093
2692458,2093
2692459,2095
2692460,2095
2692461,2095
2692462,2095
2692463,2095
2692464,2095
2692465,2095
2692466,2077
2692467,2077
2692468,2077
2692469,2077
2692470,2077
2692471,2077
2692472,2077
2692473,2077
2692474,2071
2692475,2071
2692476,2071
2692477,2071
2692478,2071
2692479,2071
2692480,2071
2692481,2060
2692482,2094
2692483,2094
2692484,2094
2692485,2060
2692486,2060
2692487,2060
2692488,2060
2692489,2068
2692490,1727
2692491,2068
2692492,2068
2692493,2068
2692494,2068
2692495,2068
2692496,2022
2692497,2022
2692498,2022
2692500,2022
2692501,2022
2692502,2022
2692503,2022
2692504,1965
2692505,1965
2692506,1965
2692507,1965
2692508,1965
2692509,1965
2692510,1965
2692511,1972
2692512,1972
2692513,1972
2692514,1972
2692515,1972
2692516,1972
2692554,1430
2692555,1430
2692556,1521
2692557,1521
2692567,1718
2692568,1718
2692569,1718
2692570,1718
2692571,1957
2692572,1957
2692573,1659
2692575,1659
2692581,2085
2692582,2085
2692583,2085
2692584,2085
2692585,2085
2692586,2155
2692587,2155
2692588,2155
2692589,2155
2692590,2155
2692591,2155
2692592,2155
2692593,2155
2692594,2231
2692595,2231
2692596,2231
2692597,2231
2692598,2231
2692599,2231
2692600,2231
2692601,2320
2692610,2262
2692611,2262
2692612,2262
2692613,2262
2692614,2262
2692615,2262
2696380,2050
2696385,2357
2696386,2357
2696387,2357
2696580,1393
2696581,1393
2696582,1393
2696595,1941
2696596,1941
2696607,1958
2696615,2051
2696622,2088
2696623,2088
2696624,2088
2696625,2088
2696626,2088
2696627,2088
2696628,2088
2696630,2112
2696631,2112
2696632,2112
2696633,2112
2696634,2112
2696635,2112
2696636,2125
2696637,1779
2696638,2125
2696639,1779
2696640,1779
2696641,2125
2696642,2125
2696643,2125
2696644,1783
2696645,2130
2696646,2130
2696647,2130
2696648,2130
2696649,2130
2696650,2130
2696651,2129
2696652,2129
2696653,2129
2696654,2129
2696655,2129
2696656,2129
2696657,2129
2696658,1782
2696659,2158
2696660,2158
2696661,2158
2696662,1803
2696663,2158
2696664,1803
2696665,2158
2696666,1806
2696667,1806
2696668,1806
2696669,1806
2696670,1806
2696671,1806
2696672,1806
2696673,1806
2696674,2143
2696675,2143
2696676,2143
2696677,2143
2696678,2143
2696679,2143
2696680,2143
2696681,2124
2696682,2124
2696683,2124
2696684,2124
2696685,2124
2696686,2124
2696687,2124
2696688,2124
2696689,2120
2696690,2120
2696691,2120
2696692,2120
2696693,2120
2696694,2120
2696695,2120
2696696,2100
2696697,2100
2696698,2100
2696699,2100
2696700,2100
2696701,2100
2696702,2100
2696703,2100
2696704,2105
2696705,2105
2696706,2105
2696707,2105
2696708,2105
2696709,2105
2696710,2105
2696711,2147
2696712,2147
2696713,2147
2696714,2147
2696715,2147
2696716,2147
2696717,2147
2696718,2147
2696719,2106
2696721,2106
2696722,1763
2696723,2106
2696727,2111
2696728,2111
2696729,2111
2696730,2111
2696731,2111
2696732,2111
2696733,2111
2696734,2071
2696735,2071
2696736,2071
2696742,2049
2696743,2049
2696745,2049
2696749,2075
2696750,2075
2696753,1735
2696754,2075
2696755,2075
2696756,2121
2696757,2121
2696758,2121
2696759,2121
2696760,2121
2696761,2095
2696762,2095
2696763,2095
2696764,2096
2696765,2096
2696766,2096
2696767,2096
2696768,2096
2696769,2096
2696770,2096
2696771,2093
2696772,2093
2696773,2093
2696774,2093
2696775,2093
2696776,2093
2696777,2093
2696778,2093
2696779,2095
2696780,2095
2696781,2095
2696782,2095
2696783,2095
2696784,2095
2696785,2095
2696786,2077
2696787,2077
2696788,2077
2696789,2077
2696790,2077
2696791,2077
2696792,2077
2696793,2077
2696794,2071
2696795,2071
2696796,2071
2696797,2106
2696798,2106
2696799,2071
2696800,2071
2696801,2060
2696802,2094
2696803,2094
2696804,2094
2696805,2094
2696806,2094
2696807,2060
2696808,2094
2696809,1727
2696810,1727
2696811,2068
2696812,2068
2696813,2068
2696814,2068
2696815,2068
2696816,2022
2696817,2022
2696820,2022
2696821,2022
2696822,2022
2696823,2022
2696824,1965
2696825,1965
2696826,1965
2696827,1965
2696828,1965
2696829,1965
2696830,1965
2696831,1972
2696832,1972
2696833,1972
2696834,1972
2696835,1649
2696836,1649
2696838,1649
2696873,1430
2696874,1430
2696875,1430
2696876,1521
2696887,1718
2696888,1718
2696889,1718
2696890,1718
2696891,1957
2696892,1957
2696897,1659
2696898,1659
2696902,2085
2696903,2085
2696904,2085
2696905,2085
2696906,2155
2696907,2155
2696908,1824
2696909,2155
2696910,2155
2696911,2155
2696912,2155
2696913,2155
2696914,2231
2696915,2231
2696916,2231
2696918,2231
2696919,2231
2696920,2231
2696921,2320
2696922,2320
2696932,2262
2696933,2262
2696934,2262
2700704,2357
2700705,2357
2700706,2357
2700707,2357
2700805,1655
2700885,914
2700886,914
2700887,914
2700888,914
2700935,2051
2700944,2088
2700945,2088
2700946,2088
2700947,2088
2700948,2088
2700949,2112
2700950,2112
2700951,2112
2700952,2112
2700953,2112
2700954,2112
2700955,2112
2700956,2125
2700957,2125
2700958,2125
2700959,2125
2700962,2125
2700963,2125
2700964,2130
2700965,2130
2700966,2130
2700967,2130
2700968,2130
2700969,2130
2700970,2130
2700971,2129
2700972,2129
2700973,2129
2700974,2129
2700975,2129
2700976,2129
2700977,2129
2700978,2129
2700979,2158
2700980,2158
2700981,2158
2700982,2158
2700983,2158
2700984,2158
2700985,2158
2700986,2163
2700987,1806
2700988,2163
2700989,2163
2700990,2163
2700991,2163
2700992,2163
2700993,2163
2700994,2143
2700995,2143
2700996,2143
2700997,2143
2700998,2143
2700999,2143
2701000,2143
2701001,2124
2701002,2124
2701003,2124
2701004,2124
2701005,2124
2701006,2124
2701007,2124
2701008,2124
2701009,2120
2701010,2120
2701011,2120
2701012,2120
2701013,2120
2701014,2120
2701015,2120
2701016,2100
2701017,2100
2701018,2100
2701019,2100
2701020,2100
2701021,2100
2701022,2100
2701023,2100
2701024,2105
2701025,2105
2701026,2105
2701027,2105
2701028,2105
2701029,2105
2701030,2105
2701031,2147
2701032,2147
2701033,2147
2701034,2147
2701035,2147
2701036,2147
2701037,2147
2701038,2147
2701039,2106
2701041,2106
2701046,1765
2701047,1765
2701048,1765
2701049,2111
2701050,2111
2701051,2111
2701052,2111
2701053,2111
2701054,2071
2701055,2071
2701060,2071
2701062,2049
2701063,2049
2701064,2049
2701065,2049
2701069,2075
2701070,2075
2701071,2075
2701074,2075
2701075,2075
2701076,2121
2701077,2121
2701078,2121
2701079,2121
2701080,2121
2701081,2121
2701082,2095
2701083,2095
2701084,2096
2701085,2096
2701086,2096
2701087,2096
2701088,2096
2701089,2096
2701090,2096
2701091,2093
2701092,2093
2701093,2093
2701094,2093
2701095,2093
2701096,2093
2701097,2093
2701098,2093
2701099,2095
2701100,2095
2701101,2095
2701102,2095
2701103,2095
2701104,2095
2701105,2129
2701106,2112
2701107,2112
2701108,2077
2701109,2112
2701110,2112
2701111,2112
2701112,2112
2701113,2077
2701114,2071
2701115,2106
2701116,2106
2701117,2106
2701118,2106
2701119,2106
2701120,2071
2701121,2094
2701122,2094
2701123,2094
2701124,2094
2701125,2094
2701126,2094
2701127,2094
2701128,2094
2701129,2068
2701130,2068
2701131,2068
2701132,2068
2701133,2068
2701134,2068
2701135,2068
2701136,2022
2701137,2022
2701138,2022
2701139,2022
2701140,2022
2701141,2022
2701142,2022
2701143,2022
2701144,1965
2701145,1965
2701146,1643
2701147,1643
2701148,1965
2701149,1965
2701150,1965
2701151,1972
2701152,1972
2701153,1972
2701154,1972
2701155,1649
2701157,1649
2701158,1972
2701159,1644
2701193,1430
2701194,1430
2701195,1430
2701206,1718
2701207,1718
2701208,1718
2701209,1718
2701216,1659
2701217,1659
2701218,1659
2701219,1758
2701220,1758
2701221,1758
2701222,1758
2701223,1758
2701224,2085
2701225,2085
2701226,2155
2701227,1824
2701228,1824
2701229,1824
2701230,1824
2701231,2155
2701232,2155
2701233,2155
2701234,2231
2701235,2231
2701236,2231
2701237,2231
2701239,2231
2701240,2231
2701241,2320
2701242,2320
2701243,2320
2701244,2320
2701252,2262
2701253,2262
2705021,2357
2705022,2357
2705023,2357
2705024,2357
2705025,2357
2705026,2357
2705027,2357
2705028,2357
2705205,914
2705206,914
2705207,914
2705208,914
2705209,1100
2705254,1987
2705255,2051
2705256,2051
2705257,2051
2705261,2088
2705262,2088
2705263,2088
2705264,2088
2705265,2088
2705266,2088
2705267,2088
2705268,2088
2705269,2112
2705270,2112
2705271,2112
2705272,2112
2705273,2112
2705274,2112
2705275,2112
2705276,2125
2705277,2125
2705278,2125
2705280,2125
2705281,2125
2705282,2125
2705283,2125
2705284,2130
2705285,2130
2705286,2130
2705287,2130
2705288,2130
2705289,2130
2705290,2130
2705291,2129
2705292,2129
2705293,2129
2705294,2129
2705295,2129
2705296,2129
2705297,2129
2705298,1782
2705299,2158
2705300,2158
2705301,2158
2705302,2158
2705303,2158
2705304,1803
2705305,2158
2705306,2163
2705307,1806
2705308,2163
2705309,2163
2705314,2143
2705315,2143
2705316,2143
2705317,2143
2705318,2143
2705319,2143
2705320,2143
2705321,2124
2705322,1777
2705323,2124
2705324,2124
2705325,2124
2705326,2124
2705327,2124
2705328,2124
2705329,2120
2705330,2120
2705331,2120
2705332,2120
2705333,2120
2705334,2120
2705335,2120
2705336,2100
2705337,2100
2705338,2100
2705339,2100
2705340,2100
2705341,2100
2705342,2100
2705343,2100
2705344,2105
2705345,2105
2705346,2105
2705347,2105
2705348,2105
2705349,2105
2705350,2105
2705351,2147
2705352,2147
2705353,2147
2705354,2147
2705355,2147
2705356,2147
2705357,2147
2705358,2147
2705359,2106
2705360,2106
2705361,2106
2705366,1765
2705367,1765
2705368,1765
2705369,1765
2705370,1765
2705371,2111
2705372,2111
2705373,2111
2705379,2071
2705380,2071
2705382,2049
2705383,2049
2705385,2049
2705389,2075
2705390,2075
2705391,2075
2705392,1735
2705393,1735
2705394,2075
2705395,2075
2705396,2121
2705397,2121
2705398,2121
2705399,2121
2705400,2121
2705401,2121
2705402,2121
2705403,2121
2705404,2096
2705405,2096
2705406,2096
2705407,2096
2705408,2096
2705409,2096
2705410,2096
2705411,2093
2705412,2093
2705413,2093
2705414,2093
2705415,2093
2705416,2093
2705417,2093
2705418,2093
2705419,2095
2705420,2095
2705421,2095
2705422,2095
2705423,2095
2705424,2095
2705425,2129
2705426,2112
2705427,2112
2705428,2112
2705429,2112
2705430,2112
2705431,2112
2705432,2112
2705433,2112
2705434,2071
2705435,2106
2705436,2106
2705437,2106
2705438,2106
2705439,2106
2705440,2106
2705441,2094
2705442,2094
2705443,2094
2705444,2094
2705445,2094
2705446,2094
2705447,2094
2705448,2094
2705449,2068
2705450,2068
2705451,2068
2705452,2068
2705453,2068
2705454,2068
2705455,2068
2705456,2022
2705457,2022
2705458,2022
2705459,2022
2705460,2022
2705461,2022
2705462,2022
2705463,2022
2705464,1965
2705465,1643
2705466,1965
2705468,1965
2705469,1965
2705470,1965
2705472,1649
2705473,1972
2705474,1972
2705475,1649
2705478,1972
2705479,1644
2705513,1430
2705514,1430
2705522,1573
2705525,1718
2705526,1718
2705527,1718
2705528,1718
2705532,1659
2705536,1659
2705537,1659
2705538,1659
2705539,1758
2705540,1758
2705541,1758
2705542,1758
2705543,1758
2705544,1758
2705545,2085
2705546,2155
2705547,1824
2705548,1824
2705549,1824
2705550,1824
2705551,2155
2705552,2155
2705553,2155
2705554,2231
2705555,2231
2705556,2231
2705557,2231
2705558,2231
2705560,1906
2705561,2021
2705562,2021
2705563,2320
2705570,2262
2705572,2262
2709343,2273
2709344,2273
2709345,2273
2709346,2273
2709349,2604
2709522,958
2709524,958
2709525,958
2709526,958
2709527,958
2709528,958
2709529,1148
2709573,1953
2709575,2109
2709576,2109
2709577,2109
2709578,2109
2709579,2109
2709580,2109
2709581,2151
2709582,2151
2709583,2151
2709584,2151
2709585,2151
2709586,2151
2709587,2151
2709588,2151
2709589,2160
2709590,2160
2709591,2160
2709592,2160
2709593,2160
2709594,2160
2709595,2160
2709596,2166
2709597,2166
2709598,2166
2709599,2166
2709600,2166
2709601,2166
2709602,2166
2709603,2166
2709604,2173
2709606,2173
2709607,2173
2709608,2173
2709610,2173
2709611,2198
2709612,2198
2709613,2198
2709614,2198
2709615,2198
2709616,2198
2709617,2198
2709618,2198
2709619,2230
2709620,2230
2709621,2230
2709622,2230
2709623,2230
2709624,2230
2709625,2230
2709627,2236
2709628,2236
2709629,2236
2709634,2193
2709635,2193
2709636,2193
2709637,2193
2709638,2193
2709639,2193
2709640,2193
2709641,2180
2709642,1822
2709643,2180
2709644,2180
2709645,2180
2709646,2180
2709647,2180
2709648,2180
2709649,2186
2709650,2186
2709651,2186
2709652,2186
2709653,2186
2709654,2186
2709655,2186
2709656,2173
2709657,2173
2709658,2173
2709659,2173
2709660,2173
2709661,2173
2709662,2173
2709663,2173
2709664,2161
2709665,2161
2709666,2161
2709667,2161
2709668,2161
2709669,2161
2709670,2161
2709671,2140
2709672,2140
2709673,2140
2709674,2140
2709675,2140
2709676,2140
2709678,2140
2709679,2075
2709680,2075
2709681,2075
2709686,1709
2709687,1709
2709688,1709
2709689,1709
2709690,1709
2709691,2039
2709692,2039
2709693,2039
2709694,2036
2709695,2036
2709696,2036
2709697,2036
2709698,2036
2709699,2036
2709700,2036
2709701,2046
2709702,2046
2709705,2046
2709709,2094
2709710,2094
2709711,2094
2709712,2094
2709713,1752
2709714,2094
2709715,2094
2709716,2128
2709717,2128
2709718,2128
2709719,2128
2709720,2128
2709721,2128
2709722,2128
2709723,2128
2709724,2162
2709725,2135
2709726,2135
2709727,2135
2709728,2135
2709729,2135
2709730,2135
2709731,2136
2709732,2136
2709733,2136
2709734,2136
2709735,2136
2709736,2136
2709737,2136
2709738,2136
2709739,2135
2709740,2135
2709741,2135
2709742,2135
2709743,2170
2709744,2170
2709745,2170
2709746,2165
2709747,2165
2709748,2165
2709749,2165
2709750,2165
2709751,2165
2709752,2165
2709753,2165
2709754,2142
2709755,2142
2709756,2142
2709757,2142
2709758,2142
2709759,2142
2709760,2142
2709761,2116
2709762,2116
2709763,2116
2709764,2116
2709765,2116
2709766,2116
2709767,2116
2709768,2116
2709769,2122
2709770,2122
2709771,2122
2709772,2122
2709773,2122
2709774,2122
2709775,2122
2709776,2044
2709777,2044
2709778,2044
2709779,2044
2709780,2044
2709781,2044
2709782,2044
2709783,2044
2709784,2001
2709785,2001
2709787,2001
2709788,2001
2709789,2001
2709790,2001
2709791,1666
2709792,2000
2709793,2000
2709833,1615
2709834,1615
2709841,1781
2709842,1781
2709844,1944
2709845,1944
2709846,1944
2709850,1645
2709851,1747
2709852,1747
2709856,1747
2709857,1747
2709858,1747
2709859,1831
2709860,1831
2709861,1831
2709862,1831
2709863,1831
2709864,1831
2709865,1831
2709866,1864
2709867,1864
2709868,1864
2709869,1864
2709870,1864
2709871,1864
2709872,1864
2709873,2203
2709874,2267
2709875,2267
2709876,2267
2709877,2267
2709878,2267
2709879,2267
2709880,2267
2709881,2061
2709882,2061
2709883,2061
2709890,2327
2709891,2327
2709892,2327
2713664,2273
2713665,2273
2713666,2273
2713669,2604
2713670,2604
2713814,1457
2713815,1457
2713845,958
2713846,958
2713847,958
2713848,958
2713849,1148
2713896,2109
2713897,2109
2713898,2109
2713899,2109
2713900,2109
2713901,2151
2713902,2151
2713903,2151
2713904,2151
2713905,2151
2713906,2151
2713907,2151
2713908,2151
2713909,2160
2713910,2160
2713911,2160
2713912,2160
2713913,2160
2713914,2160
2713915,2160
2713916,2166
2713917,2166
2713918,2166
2713919,2166
2713920,2166
2713921,2166
2713922,2166
2713923,2166
2713925,2173
2713926,2173
2713927,2173
2713928,2173
2713929,2173
2713930,2173
2713931,2198
2713932,2198
2713933,2198
2713934,2198
2713935,2198
2713936,2198
2713937,2198
2713939,2230
2713940,2230
2713941,2230
2713942,2230
2713943,2230
2713944,2230
2713945,2230
2713946,2236
2713947,2236
2713948,2236
2713949,2236
2713954,2193
2713955,2193
2713956,2193
2713957,2193
2713958,2193
2713959,2193
2713960,2193
2713961,2180
2713963,1822
2713964,2180
2713965,2180
2713966,2180
2713967,2180
2713968,2180
2713969,2186
2713970,2186
2713971,2186
2713972,2186
2713973,2186
2713974,2186
2713975,2186
2713976,2173
2713977,2173
2713978,2173
2713979,2173
2713980,2173
2713981,2173
2713982,2173
2713983,2173
2713984,2161
2713985,2161
2713986,2161
2713987,2161
2713988,2161
2713989,2161
2713990,2161
2713991,2140
2713992,2140
2713993,2140
2713994,2140
2713995,2140
2713996,2140
2713997,2140
2713998,2140
2713999,2075
2714000,2075
2714001,2075
2714006,2039
2714007,1709
2714008,1709
2714009,1709
2714010,1709
2714011,1709
2714012,1709
2714013,2039
2714014,2036
2714015,2036
2714016,2036
2714017,2036
2714018,2036
2714019,2036
2714020,2036
2714021,2046
2714022,2046
2714023,2046
2714030,2094
2714031,2094
2714032,2094
2714033,2094
2714034,2094
2714035,2094
2714036,2128
2714037,2128
2714038,2128
2714039,2128
2714040,2128
2714043,2128
2714044,2162
2714045,2162
2714046,2135
2714047,2135
2714048,2135
2714049,2135
2714050,2135
2714051,2136
2714052,2136
2714053,2136
2714054,2136
2714055,2136
2714056,2136
2714057,2136
2714058,2136
2714059,2135
2714060,2135
2714061,2135
2714062,2170
2714063,2170
2714064,2170
2714065,2170
2714066,2165
2714067,2165
2714068,2165
2714069,2165
2714070,2165
2714071,2165
2714072,2165
2714073,2165
2714074,2142
2714075,2142
2714076,2142
2714077,2142
2714078,2142
2714079,2142
2714080,2142
2714081,2116
2714082,2116
2714083,2116
2714084,2116
2714085,2116
2714086,2116
2714087,2116
2714088,2116
2714089,2122
2714090,2122
2714091,2122
2714092,2122
2714093,2122
2714094,2122
2714095,2122
2714096,2044
2714097,2044
2714098,2044
2714099,2044
2714100,2044
2714101,2044
2714102,2044
2714103,2044
2714104,2001
2714105,2001
2714106,2001
2714107,2001
2714108,2001
2714110,2001
2714111,1666
2714112,2000
2714113,2000
2714153,1615
2714154,1615
2714155,1615
2714161,1781
2714162,1781
2714163,1781
2714164,1944
2714169,1645
2714170,1645
2714180,1831
2714181,1831
2714182,1831
2714183,1831
2714184,1831
2714185,1831
2714186,1864
2714187,1864
2714188,1864
2714191,1864
2714192,1864
2714193,1864
2714194,2267
2714195,2267
2714196,2267
2714197,2267
2714198,2267
2714199,2267
2714200,2267
2714203,2061
2714209,2327
2714210,2327
2714211,2327
2717985,2273
2717986,2273
2717987,2273
2717988,2273
2717989,2604
2717990,2604
2717991,2604
2718135,1457
2718166,958
2718167,958
2718168,958
2718215,2109
2718216,2109
2718217,2109
2718218,2109
2718219,2109
2718220,2109
2718221,2151
2718222,2151
2718223,2151
2718224,2151
2718225,2151
2718226,2151
2718227,2151
2718228,2151
2718229,2160
2718230,2160
2718231,2160
2718232,2160
2718233,2160
2718234,2160
2718235,2160
2718236,2166
2718237,2166
2718238,2166
2718239,2166
2718240,2166
2718241,2166
2718242,2166
2718243,2166
2718244,2173
2718245,2173
2718246,2173
2718247,2173
2718248,2173
2718249,2173
2718251,2198
2718252,2198
2718253,2198
2718254,2198
2718255,2198
2718256,2198
2718257,2198
2718259,2230
2718260,2230
2718261,2230
2718262,2230
2718263,2230
2718264,2230
2718265,2230
2718266,2236
2718267,2236
2718268,2236
2718269,2236
2718270,2236
2718274,2193
2718275,2193
2718276,2193
2718277,2193
2718278,2193
2718279,2193
2718280,2193
2718282,2180
2718283,2180
2718284,2180
2718285,2180
2718286,2180
2718287,2180
2718288,2180
2718289,2186
2718290,2186
2718291,2186
2718292,2186
2718293,2186
2718294,2186
2718295,2186
2718296,2173
2718297,2173
2718298,2173
2718299,2173
2718300,2173
2718301,2173
2718302,2173
2718303,2173
2718304,2161
2718305,2161
2718306,2161
2718307,2161
2718308,2161
2718309,2161
2718310,2161
2718311,2140
2718312,2140
2718313,2140
2718314,2140
2718315,2140
2718316,2140
2718317,2140
2718318,2140
2718319,2075
2718320,2075
2718321,2075
2718324,1744
2718325,1744
2718326,2039
2718327,1709
2718328,1709
2718329,2039
2718330,2039
2718331,1709
2718332,1709
2718333,1709
2718334,1702
2718335,1702
2718336,1702
2718337,1702
2718338,1702
2718339,2036
2718340,2036
2718341,2046
2718342,2046
2718343,2046
2718344,2046
2718352,2094
2718353,2094
2718354,2094
2718355,2094
2718356,2128
2718357,2128
2718358,2128
2718359,2128
2718360,2128
2718361,2128
2718362,2128
2718363,2128
2718364,2162
2718365,2162
2718366,2135
2718367,2135
2718368,2135
2718369,2135
2718370,2135
2718371,2136
2718372,2136
2718373,2136
2718374,2136
2718375,2136
2718376,2136
2718377,2136
2718378,2136
2718379,2135
2718380,1943
2718381,2135
2718382,2135
2718383,2170
2718384,2170
2718385,2170
2718386,2165
2718387,2165
2718388,2165
2718389,2165
2718390,2165
2718391,2165
2718392,2165
2718393,2165
2718394,2142
2718395,2142
2718396,2142
2718397,2142
2718398,2142
2718399,2142
2718400,2142
2718401,2116
2718402,2116
2718403,2116
2718404,2116
2718405,2116
2718406,2116
2718407,2116
2718408,2116
2718409,2122
2718410,2122
2718411,2122
2718412,2122
2718413,2122
2718414,2122
2718415,2122
2718416,2044
2718417,2044
2718418,2044
2718419,2044
2718420,2044
2718421,2044
2718422,2044
2718423,2044
2718424,2001
2718425,2001
2718426,2001
2718427,2001
2718428,2001
2718429,2001
2718430,1669
2718431,1666
2718474,1615
2718475,1615
2718479,1781
2718481,1781
2718482,1781
2718483,1781
2718484,1944
2718501,1831
2718502,1831
2718503,1831
2718504,1831
2718505,1831
2718506,1864
2718507,1864
2718509,2203
2718510,2203
2718511,1864
2718512,1864
2718513,2203
2718514,2267
2718515,2267
2718516,2267
2718517,2267
2718518,2267
2718519,2267
2718520,2267
2718521,2380
2718522,2380
2718523,2380
2718529,2327
2718530,2327
2722306,2273
2722307,2273
2722308,2273
2722309,2604
2722310,2604
2722311,2604
2722312,2604
2722313,2604
2722455,1457
2722486,958
2722487,958
2722488,958
2722532,1953
2722533,1953
2722535,2109
2722536,2109
2722537,2109
2722538,2109
2722539,2109
2722540,2109
2722541,2151
2722542,2151
2722543,2151
2722544,2151
2722545,2151
2722546,2151
2722547,2151
2722548,2151
2722549,2160
2722550,2160
2722551,2160
2722552,2160
2722553,2160
2722554,2160
2722555,2160
2722556,2166
2722557,2166
2722558,2166
2722559,1809
2722560,1809
2722561,2166
2722562,2166
2722563,1809
2722564,2173
2722566,2173
2722567,2173
2722572,2198
2722573,1839
2722574,2198
2722575,2198
2722576,2198
2722577,2198
2722578,2198
2722579,2230
2722580,2230
2722581,2230
2722582,2230
2722583,2230
2722584,2230
2722585,2230
2722586,2236
2722587,2236
2722588,2236
2722589,2236
2722590,2236
2722594,2193
2722595,2193
2722596,2193
2722597,2193
2722598,2193
2722599,2193
2722600,2193
2722602,2180
2722603,2180
2722604,2180
2722605,2180
2722606,2180
2722607,2180
2722608,2180
2722609,2186
2722610,2186
2722611,2186
2722612,2186
2722613,2186
2722614,2186
2722615,2186
2722616,2173
2722617,2173
2722618,2173
2722619,2173
2722620,2173
2722621,2173
2722622,2173
2722623,2173
2722624,2161
2722625,2161
2722627,2161
2722628,2161
2722629,2161
2722630,2161
2722631,2140
2722632,2140
2722633,2140
2722634,2140
2722635,2140
2722636,2140
2722637,2140
2722638,2140
2722639,2075
2722640,2075
2722641,2075
2722644,2075
2722645,2075
2722646,2039
2722647,2039
2722648,2039
2722649,2039
2722650,2039
2722651,2039
2722652,2039
2722653,1709
2722654,1702
2722655,1702
2722656,1702
2722657,1702
2722658,1702
2722659,2036
2722660,2036
2722661,2046
2722662,2046
2722663,2046
2722664,2046
2722666,2046
2722671,2094
2722672,2094
2722673,2094
2722674,2094
2722675,2094
2722677,2128
2722678,2128
2722679,2128
2722680,2128
2722681,2128
2722682,2128
2722683,2128
2722684,2162
2722685,2162
2722686,2135
2722687,2135
2722688,2135
2722689,2135
2722690,2135
2722691,2136
2722692,2136
2722693,2136
2722694,2136
2722695,2136
2722696,2136
2722697,2136
2722698,2136
2722699,2135
2722700,2135
2722701,2170
2722702,2170
2722703,2170
2722704,2170
2722705,2170
2722706,2165
2722707,2165
2722708,2165
2722709,2165
2722710,2165
2722711,2165
2722712,2165
2722713,2165
2722714,2142
2722715,2142
2722716,2142
2722717,2142
2722718,2142
2722719,2142
2722720,2142
2722721,2116
2722722,2116
2722723,2116
2722724,2116
2722725,2116
2722726,2116
2722727,2116
2722728,2116
2722729,2122
2722730,2122
2722731,2122
2722732,2122
2722733,2122
2722734,2122
2722735,2122
2722736,2044
2722737,2044
2722738,2044
2722739,2044
2722740,2044
2722741,2044
2722742,2044
2722743,2044
2722744,2001
2722745,2001
2722746,2001
2722747,2001
2722748,2001
2722749,2001
2722790,1615
2722799,1781
2722801,1781
2722802,1781
2722803,1512
2722804,1944
2722806,1645
2722812,2071
2722813,2071
2722817,1747
2722818,1747
2722819,1831
2722820,1831
2722821,1831
2722822,1831
2722823,2171
2722824,2171
2722825,1831
2722826,1864
2722830,2203
2722831,1864
2722832,1864
2722833,1864
2722834,2267
2722835,2267
2722836,2267
2722837,2267
2722838,2267
2722839,2267
2722840,2267
2722841,2380
2722842,2380
2722843,2380
2722844,2380
2722848,2380
2722849,2327
2726627,2273
2726628,2273
2726629,2604
2726630,2604
2726631,2604
2726632,2604
2726807,958
2726808,958
2726809,1148
2726814,1148
2726829,1724
2726852,1953
2726853,1953
2726854,2041
2726855,2041
2726856,2109
2726857,2109
2726858,2109
2726859,2109
2726860,2109
2726861,2151
2726862,2151
2726863,2151
2726864,2151
2726865,2151
2726866,2151
2726867,2151
2726868,2151
2726869,2160
2726870,2160
2726871,2160
2726872,2160
2726873,2160
2726874,2160
2726875,2160
2726876,2166
2726877,2166
2726879,2166
2726880,2166
2726881,2166
2726882,2166
2726883,2166
2726884,2173
2726885,2173
2726886,2173
2726887,2173
2726888,2173
2726889,2173
2726890,2173
2726891,2198
2726892,1839
2726893,2198
2726894,2198
2726895,2198
2726896,2198
2726897,2198
2726898,2198
2726899,2230
2726900,2230
2726901,2230
2726902,2230
2726903,2230
2726904,2230
2726905,2230
2726907,2236
2726908,2236
2726909,2236
2726910,2236
2726911,2236
2726912,2236
2726914,2193
2726915,2193
2726916,2193
2726917,2193
2726918,2193
2726919,2193
2726920,2193
2726921,1822
2726922,2180
2726923,2180
2726924,2180
2726925,2180
2726926,2180
2726927,2180
2726928,2180
2726929,2186
2726930,2186
2726931,2186
2726932,2186
2726933,2186
2726934,2186
2726935,2186
2726936,2173
2726937,2173
2726938,2173
2726939,2173
2726940,2173
2726941,2173
2726942,2173
2726943,2173
2726944,2161
2726945,2161
2726946,2161
2726947,2161
2726948,2161
2726949,2161
2726950,2161
2726951,2140
2726952,2140
2726953,2140
2726954,2140
2726955,2140
2726956,2140
2726957,2140
2726958,2140
2726959,2075
2726960,2075
2726961,1744
2726962,2075
2726966,2039
2726967,2039
2726968,2039
2726969,2039
2726970,2039
2726971,2039
2726972,2039
2726973,1709
2726974,1702
2726975,1702
2726976,1702
2726977,1702
2726978,1702
2726979,1702
2726980,2036
2726988,2046
2726989,2094
2726990,2094
2726991,2094
2726992,2094
2726993,2094
2726994,2094
2726997,2128
2726998,2128
2726999,2128
2727000,2128
2727001,2128
2727002,2128
2727003,2128
2727004,2162
2727005,2162
2727006,2162
2727007,2135
2727008,2135
2727009,2135
2727010,2135
2727011,2136
2727012,2136
2727013,2136
2727014,2136
2727015,2136
2727016,2136
2727017,2136
2727018,2171
2727019,2170
2727020,2170
2727021,2170
2727022,2170
2727023,2170
2727024,2170
2727025,2170
2727026,2165
2727027,2165
2727028,2165
2727029,2165
2727030,2165
2727031,2165
2727032,2165
2727033,2165
2727034,2142
2727035,2142
2727036,2142
2727037,2142
2727038,2142
2727039,2142
2727040,2142
2727041,2116
2727042,2116
2727043,2116
2727044,2116
2727045,2116
2727046,2116
2727047,2116
2727048,2116
2727049,2122
2727050,2122
2727051,2122
2727052,2122
2727053,2122
2727054,2122
2727055,2122
2727056,2044
2727057,2044
2727058,2044
2727059,2044
2727060,2044
2727061,2044
2727062,2044
2727063,2044
2727064,2001
2727065,2001
2727066,2001
2727067,2001
2727071,1666
2727072,1666
2727073,1666
2727124,1645
2727125,1645
2727131,2071
2727132,2071
2727133,2071
2727134,2071
2727135,2071
2727136,2071
2727137,1747
2727138,1747
2727139,1831
2727140,1831
2727141,2171
2727142,2171
2727143,2171
2727144,2171
2727145,2171
2727146,2203
2727151,2203
2727152,1864
2727153,2203
2727154,2267
2727155,2267
2727156,2267
2727157,1926
2727158,1926
2727159,1926
2727160,2267
2727161,2380
2727164,2380
2727168,2380
2730947,2273
2730950,2604
2730951,2604
2730952,2604
2730953,2604
2730955,2604
2731127,958
2731128,958
2731129,1148
2731147,1724
2731163,1869
2731172,1953
2731173,1953
2731174,2041
2731175,2109
2731176,2109
2731177,2109
2731178,2109
2731179,2109
2731180,2109
2731181,2151
2731182,2151
2731183,2151
2731184,2151
2731185,2151
2731186,2151
2731187,2151
2731188,2151
2731189,2160
2731190,2160
2731191,2160
2731192,2160
2731193,2160
2731194,2160
2731195,2160
2731196,2166
2731197,2166
2731199,2166
2731200,2166
2731201,2166
2731202,2166
2731203,2166
2731204,2173
2731205,2173
2731206,2173
2731207,2173
2731208,2173
2731209,2173
2731210,2173
2731211,2198
2731212,1839
2731213,1839
2731214,2198
2731215,2198
2731216,2198
2731217,2198
2731218,2198
2731219,2230
2731220,2230
2731221,2230
2731222,2230
2731223,2230
2731224,2230
2731225,2230
2731227,2236
2731228,2236
2731229,2236
2731232,2236
2731233,2236
2731234,2193
2731235,2193
2731236,2193
2731237,2193
2731238,2193
2731239,2193
2731240,2193
2731241,2180
2731242,2180
2731243,2180
2731244,2180
2731245,2180
2731246,2180
2731247,2180
2731248,2180
2731249,2186
2731250,2186
2731251,2186
2731252,2186
2731253,2186
2731254,2186
2731255,2186
2731256,2173
2731257,2173
2731258,2173
2731259,2173
2731260,2173
2731261,2173
2731262,2173
2731263,2173
2731264,2161
2731265,2161
2731266,2161
2731267,2161
2731268,2161
2731269,2161
2731270,2161
2731271,2140
2731272,2140
2731273,2140
2731274,2140
2731275,2140
2731276,2140
2731277,2140
2731278,2140
2731279,2075
2731280,1744
2731281,2075
2731282,2075
2731285,2075
2731286,2039
2731287,2039
2731288,2039
2731289,2039
2731290,2039
2731291,2039
2731292,2039
2731293,1709
2731294,1702
2731295,1702
2731296,1702
2731297,1702
2731298,1702
2731299,1702
2731300,2036
2731301,2046
2731307,2046
2731308,2046
2731309,2094
2731310,2094
2731311,2094
2731312,2094
2731313,2094
2731314,2094
2731317,2128
2731318,2128
2731319,2128
2731320,2128
2731321,2128
2731322,2128
2731323,2128
2731324,2162
2731325,2162
2731326,1942
2731327,1942
2731328,1942
2731329,1942
2731330,2135
2731331,2136
2731332,2136
2731333,2136
2731334,2136
2731335,2136
2731336,2136
2731337,2136
2731338,2171
2731339,2170
2731340,2170
2731341,2170
2731342,2170
2731343,2170
2731344,2170
2731345,2170
2731346,2165
2731347,2165
2731348,2165
2731349,2165
2731350,2165
2731351,2165
2731352,2165
2731353,2165
2731354,2142
2731355,2142
2731356,2142
2731357,2142
2731358,2142
2731359,2142
2731360,2142
2731361,2116
2731362,2116
2731363,2116
2731364,2116
2731365,2116
2731366,2116
2731367,2116
2731368,2116
2731369,2122
2731370,2122
2731371,2122
2731372,2122
2731373,2122
2731374,2122
2731375,2122
2731376,2044
2731377,2044
2731378,2044
2731379,2044
2731380,2044
2731381,2044
2731382,2044
2731383,2044
2731384,2001
2731385,2001
2731386,2001
2731387,2001
2731391,2000
2731392,1666
2731393,1666
2731395,1666
2731444,1645
2731445,1645
2731446,1645
2731447,1944
2731448,1645
2731449,1645
2731450,1944
2731451,2071
2731452,2071
2731453,2071
2731454,2071
2731455,2071
2731456,2071
2731457,1747
2731458,1747
2731459,2171
2731460,2171
2731461,2171
2731462,2171
2731463,2171
2731464,2171
2731465,2171
2731466,2203
2731467,2203
2731468,1864
2731469,1864
2731470,1864
2731472,1864
2731473,2203
2731474,2267
2731476,2267
2731478,1926
2731480,1926
2731488,2380
2735267,2210
2735273,2554
2735274,2554
2735275,2554
2735276,2756
2735426,1391
2735447,897
2735448,897
2735449,1108
2735453,1108
2735483,1881
2735484,1881
2735491,1996
2735492,1996
2735493,1996
2735494,2071
2735495,2141
2735496,2141
2735497,2141
2735498,2141
2735501,2208
2735502,2208
2735503,2208
2735504,2208
2735505,2208
2735506,2208
2735507,2208
2735508,2208
2735509,2253
2735510,2253
2735511,2253
2735512,2253
2735513,2253
2735514,2253
2735515,2253
2735516,2304
2735519,1918
2735520,2304
2735521,2304
2735522,2304
2735523,2304
2735524,2311
2735525,2311
2735526,2311
2735527,2311
2735528,2311
2735529,2311
2735530,2311
2735531,2326
2735532,1941
2735533,1941
2735534,1941
2735535,2326
2735536,2326
2735537,2326
2735538,2326
2735539,2354
2735540,2354
2735541,2354
2735542,2354
2735543,2354
2735544,2354
2735545,2354
2735546,2352
2735547,2352
2735548,2352
2735549,2352
2735550,2352
2735552,2352
2735553,2352
2735554,2303
2735555,2303
2735556,2303
2735557,2303
2735558,2303
2735559,2303
2735560,2303
2735561,2276
2735562,2276
2735563,2276
2735564,2276
2735565,1902
2735566,2276
2735567,2276
2735568,2276
2735569,2271
2735570,2271
2735571,2271
2735572,2271
2735573,2271
2735574,2271
2735575,2271
2735576,2244
2735577,2244
2735578,2244
2735579,2244
2735580,2244
2735581,2244
2735582,2244
2735583,2244
2735584,2184
2735585,2184
2735586,2184
2735587,2184
2735588,2184
2735589,2184
2735590,2184
2735591,2145
2735592,2145
2735593,2145
2735594,2145
2735595,2145
2735596,2145
2735597,2145
2735598,2145
2735599,2101
2735601,1762
2735602,2101
2735603,2101
2735604,2101
2735605,2101
2735606,2076
2735607,2076
2735608,2076
2735609,2076
2735610,2076
2735611,2076
2735612,2076
2735613,1740
2735614,1752
2735615,1752
2735616,1752
2735617,1752
2735618,1752
2735619,1752
2735620,2092
2735621,2142
2735622,2142
2735628,2142
2735629,2185
2735630,2185
2735632,2185
2735633,2185
2735634,2185
2735635,2185
2735637,2220
2735638,2220
2735639,2220
2735640,2220
2735641,2220
2735642,2220
2735643,2220
2735644,2247
2735645,2247
2735646,2014
2735647,2014
2735648,2014
2735649,2217
2735650,2217
2735651,2182
2735652,2218
2735653,2218
2735654,2182
2735655,2182
2735656,2182
2735657,2182
2735658,2182
2735659,2249
2735660,2249
2735661,2249
2735662,2249
2735663,2249
2735664,2249
2735665,2249
2735666,2194
2735667,2194
2735668,2194
2735669,2194
2735670,2194
2735671,2194
2735672,2194
2735673,2194
2735674,2178
2735675,2178
2735676,2178
2735677,2178
2735678,2178
2735679,2178
2735680,2178
2735681,2145
2735682,2145
2735683,2145
2735684,2145
2735685,2145
2735686,2145
2735687,2145
2735688,2145
2735689,2108
2735690,2108
2735691,2108
2735692,2108
2735693,2108
2735694,2108
2735695,2108
2735696,2076
2735697,2076
2735698,2076
2735699,2076
2735700,2076
2735701,2076
2735702,2076
2735703,2076
2735704,2041
2735705,2041
2735706,2041
2735707,1700
2735711,1649
2735712,1649
2735715,1649
2735750,1474
2735751,1474
2735752,1474
2735753,1474
2735761,1613
2735762,1613
2735764,1770
2735765,1770
2735766,1770
2735767,1770
2735768,1770
2735769,2100
2735770,2100
2735771,2157
2735772,2157
2735773,2157
2735774,2157
2735775,2157
2735776,2157
2735777,1817
2735780,1847
2735781,2197
2735782,2197
2735783,2197
2735784,2197
2735785,2197
2735786,2238
2735787,2238
2735788,2238
2735789,2238
2735790,2238
2735791,1885
2735792,2238
2735793,2238
2735794,2319
2735795,2319
2735796,2319
2735808,2421
2739591,2554
2739592,2554
2739593,2554
2739594,2554
2739595,2554
2739596,2756
2739741,1542
2739742,1542
2739767,897
2739768,897
2739772,1108
2739773,1108
2739775,1108
2739803,1881
2739804,1881
2739810,1996
2739811,1996
2739812,1996
2739813,1996
2739814,2071
2739822,2208
2739823,2208
2739824,2208
2739825,2208
2739826,2208
2739827,2208
2739828,2208
2739829,2253
2739830,2253
2739832,2253
2739833,2253
2739834,2253
2739837,2304
2739839,2304
2739840,2304
2739841,2304
2739842,2304
2739843,2304
2739844,2311
2739845,2311
2739846,2311
2739847,2311
2739848,2311
2739849,2311
2739850,2311
2739851,2326
2739852,1941
2739853,1941
2739854,2326
2739855,2326
2739856,2326
2739857,2326
2739858,2326
2739859,2354
2739860,2354
2739861,2354
2739862,2354
2739863,2354
2739864,2354
2739865,2354
2739866,2352
2739867,2352
2739868,2352
2739869,2352
2739870,2352
2739871,2352
2739872,2352
2739873,2352
2739874,2303
2739875,2303
2739876,2303
2739877,2303
2739878,2303
2739879,2303
2739880,2303
2739881,2276
2739882,2276
2739883,2276
2739885,1902
2739886,2276
2739887,2276
2739888,2276
2739889,2271
2739890,2271
2739891,2271
2739892,2271
2739893,2271
2739894,2271
2739895,2271
2739896,2244
2739897,2244
2739898,2244
2739899,2244
2739900,2244
2739901,2244
2739902,2244
2739903,2244
2739904,2184
2739905,2184
2739906,2184
2739907,2184
2739908,2184
2739909,2184
2739910,2184
2739911,2145
2739912,2145
2739913,2145
2739914,2145
2739915,2145
2739916,2145
2739917,2145
2739918,2145
2739919,2101
2739921,2101
2739922,2101
2739923,2101
2739924,2101
2739925,2101
2739928,2076
2739929,2076
2739930,2076
2739931,2076
2739932,2076
2739933,1740
2739934,1752
2739935,1752
2739936,1752
2739937,1752
2739938,1752
2739939,1752
2739940,2092
2739942,2142
2739944,2142
2739948,2142
2739949,2185
2739950,2185
2739951,2185
2739952,2185
2739953,2185
2739954,2185
2739955,2185
2739956,2220
2739957,2220
2739958,2220
2739959,2220
2739960,2220
2739961,2220
2739962,2220
2739963,2220
2739964,2247
2739965,2247
2739966,2247
2739967,2014
2739968,2014
2739969,2217
2739970,2217
2739971,2218
2739972,2218
2739973,2218
2739974,2218
2739975,2218
2739976,2182
2739977,2182
2739978,2182
2739979,2249
2739980,2249
2739981,2249
2739982,2249
2739983,2249
2739984,2249
2739985,2249
2739986,2194
2739987,2194
2739988,2194
2739989,2194
2739990,2194
2739991,2194
2739992,2194
2739993,2194
2739994,2178
2739995,2178
2739996,2178
2739997,2178
2739998,2178
2739999,2178
2740000,2178
2740001,2145
2740002,2145
2740003,2145
2740004,2145
2740005,2145
2740006,2145
2740007,2145
2740008,2145
2740009,2108
2740010,2108
2740011,2108
2740012,2108
2740013,2108
2740014,2108
2740015,2108
2740016,2076
2740017,2076
2740018,2076
2740019,2076
2740020,2076
2740021,2076
2740022,2076
2740023,2076
2740024,2041
2740025,2041
2740026,2041
2740027,2041
2740030,1700
2740031,1649
2740032,1977
2740033,1649
2740064,1347
2740069,1474
2740070,1474
2740071,1474
2740072,1474
2740073,1474
2740074,1474
2740075,1474
2740078,1613
2740079,1908
2740080,1908
2740081,1908
2740082,1908
2740083,1613
2740087,1770
2740088,2100
2740089,2100
2740090,2100
2740091,2157
2740092,2157
2740093,2157
2740094,2157
2740095,2157
2740096,2157
2740097,1817
2740101,2197
2740102,2197
2740103,2197
2740104,2197
2740105,2197
2740106,2238
2740107,2238
2740108,2238
2740109,2238
2740110,2238
2740111,2238
2740112,2238
2740113,2238
2740114,2319
2740115,2319
2740116,2319
2740117,2319
2740118,2319
2740119,2319
2740128,2421
2743908,2210
2743909,2554
2743911,2554
2743912,2554
2743913,2554
2743914,2554
2743915,2554
2743916,2756
2744087,897
2744130,1996
2744131,1996
2744132,1996
2744134,2071
2744141,2208
2744142,2208
2744143,2208
2744144,2208
2744145,2208
2744146,2208
2744147,2208
2744148,2208
2744149,2253
2744150,2253
2744151,2253
2744155,2253
2744159,2304
2744160,2304
2744161,2304
2744162,2304
2744163,2304
2744164,2311
2744165,2311
2744166,2311
2744167,2311
2744168,2311
2744169,2311
2744170,2311
2744171,2326
2744172,1941
2744173,1941
2744174,2326
2744175,2326
2744176,2326
2744177,2326
2744178,2326
2744179,1963
2744180,2354
2744181,2354
2744182,2354
2744183,2354
2744184,2354
2744185,2354
2744186,2352
2744187,2352
2744188,2352
2744189,2352
2744190,2352
2744191,2352
2744192,2352
2744193,2352
2744194,2303
2744195,2303
2744196,2303
2744197,2303
2744198,2303
2744199,2303
2744200,2303
2744201,2276
2744202,2276
2744203,2276
2744204,2276
2744205,2276
2744206,2276
2744207,2276
2744208,2276
2744209,2271
2744210,2271
2744211,2271
2744212,2271
2744213,2271
2744214,2271
2744215,2271
2744216,2244
2744217,2244
2744218,2244
2744219,2244
2744220,2244
2744221,2244
2744222,2244
2744223,2244
2744224,2184
2744227,2184
2744228,2184
2744229,2184
2744230,2184
2744231,2145
2744232,2145
2744233,2145
2744234,2145
2744235,2145
2744236,2145
2744237,1803
2744238,1803
2744240,1762
2744241,1762
2744242,1762
2744243,1762
2744244,1762
2744245,2101
2744246,2076
2744247,2076
2744248,2076
2744249,2076
2744250,2076
2744251,2076
2744252,2076
2744253,2076
2744254,2092
2744255,2092
2744256,2092
2744257,2092
2744258,2092
2744259,2092
2744260,2092
2744261,2142
2744262,2142
2744264,2142
2744265,2142
2744268,2142
2744269,2185
2744270,2185
2744271,2185
2744272,2185
2744273,2185
2744274,2185
2744275,2185
2744277,2220
2744278,2220
2744279,2220
2744280,2220
2744281,2220
2744282,2220
2744283,2220
2744284,2247
2744285,2247
2744286,2247
2744287,2217
2744288,2247
2744289,2014
2744290,2254
2744291,2218
2744292,2218
2744293,2218
2744294,2218
2744295,2218
2744296,2218
2744297,2218
2744298,2218
2744299,2249
2744300,2249
2744301,2249
2744302,2249
2744303,2249
2744304,2249
2744305,2249
2744306,2194
2744307,2194
2744308,2194
2744309,2194
2744310,2194
2744311,2194
2744312,2194
2744313,2194
2744314,2178
2744315,2178
2744316,2178
2744317,2178
2744318,2178
2744319,2178
2744320,2178
2744321,2145
2744322,2145
2744323,2145
2744324,2145
2744325,2145
2744326,2145
2744327,2145
2744328,2145
2744329,2108
2744330,2108
2744331,2108
2744332,2108
2744333,2108
2744334,2108
2744335,2108
2744336,2076
2744337,2076
2744338,2076
2744339,2076
2744340,2076
2744341,2076
2744342,2076
2744343,2076
2744344,2041
2744345,2041
2744346,1700
2744347,2041
2744351,1649
2744352,1977
2744383,1347
2744384,1347
2744386,1347
2744387,1586
2744388,1586
2744389,1474
2744390,1474
2744391,1474
2744393,1474
2744394,1474
2744395,1474
2744398,1613
2744399,1908
2744400,1908
2744401,1908
2744402,1908
2744403,1908
2744404,2100
2744407,1770
2744408,2100
2744409,2100
2744410,2100
2744411,2157
2744412,2157
2744413,2157
2744414,2157
2744415,2157
2744416,2157
2744417,1817
2744418,1817
2744419,2197
2744421,2197
2744422,2197
2744423,2197
2744424,2197
2744425,2197
2744426,2238
2744427,2238
2744428,2238
2744429,2238
2744430,2238
2744431,2238
2744432,2238
2744433,2238
2744434,2319
2744435,2319
2744436,2319
2744437,2319
2744438,2319
2744439,2319
2748232,2554
2748233,2554
2748234,2554
2748235,2554
2748236,2756
2748237,2756
2748453,2191
2748454,2272
2748455,2272
2748456,2272
2748457,2272
2748458,2272
2748459,2272
2748460,2272
2748461,2344
2748462,2344
2748463,2344
2748464,2344
2748465,2344
2748466,2344
2748467,2344
2748468,2344
2748469,2392
2748470,2392
2748471,2392
2748472,2392
2748473,2392
2748474,2392
2748495,2042
2748496,2042
2748497,2042
2748498,2042
2748499,2065
2748500,2065
2748501,2065
2748502,2065
2748503,2065
2748504,2065
2748505,2065
2748506,2063
2748507,2063
2748508,2063
2748509,2063
2748510,2063
2748511,2063
2748512,2063
2748513,2063
2748514,2022
2748515,2022
2748516,2022
2748517,2022
2748518,2022
2748519,2436
2748520,2436
2748523,2000
2748524,2000
2748525,2408
2748526,2000
2748527,2000
2748528,2000
2748529,2402
2748530,2402
2748531,2402
2748532,2402
2748533,2402
2748534,2402
2748535,2402
2748536,2371
2748537,2371
2748538,2371
2748539,2371
2748540,2371
2748541,2371
2748542,2371
2748543,2371
2748544,2303
2748545,2184
2748546,1832
2748547,2184
2748548,2184
2748549,2184
2748550,2184
2748551,2145
2748552,2145
2748553,2145
2748554,2145
2748555,2145
2748556,2145
2748557,2145
2748558,2145
2748559,2101
2748560,1762
2748561,1762
2748562,1762
2748563,1762
2748565,2101
2748566,2076
2748567,2076
2748568,2076
2748569,2076
2748570,2076
2748571,2076
2748572,2076
2748573,2076
2748574,2092
2748575,2092
2748576,2092
2748577,2092
2748578,2092
2748579,2092
2748580,2092
2748581,2142
2748583,2142
2748584,2142
2748585,2142
2748586,2142
2748591,2185
2748592,2185
2748593,2185
2748594,2185
2748595,2185
2748596,2220
2748598,2220
2748599,2220
2748600,2220
2748601,2220
2748602,2220
2748603,2220
2748604,2247
2748605,2247
2748606,2247
2748607,2247
2748608,2247
2748609,2247
2748610,2247
2748611,2218
2748612,2218
2748613,2218
2748614,2218
2748615,2218
2748616,2218
2748617,2218
2748618,2218
2748619,2249
2748620,2249
2748621,2249
2748624,2249
2748625,2249
2748626,2194
2748627,2194
2748628,2194
2748629,2194
2748630,2194
2748631,2194
2748632,2194
2748633,2194
2748634,2178
2748635,2178
2748636,2178
2748637,2178
2748638,2178
2748639,2178
2748640,2178
2748641,2145
2748642,2145
2748643,2145
2748644,2145
2748645,2145
2748646,2145
2748647,2145
2748648,2145
2748649,2108
2748650,2108
2748651,2108
2748652,2108
2748653,2108
2748654,2108
2748655,2108
2748656,2076
2748657,2076
2748658,2076
2748659,2076
2748660,2076
2748661,2076
2748662,2076
2748663,2076
2748664,2041
2748667,2041
2748671,1649
2748672,1977
2748696,1455
2748699,1455
2748700,1455
2748703,1586
2748704,1586
2748705,1586
2748706,1586
2748707,1586
2748708,1586
2748709,1738
2748710,1474
2748713,1474
2748714,1474
2748717,1613
2748718,1908
2748719,1908
2748720,1908
2748721,1908
2748722,1908
2748723,1908
2748724,2100
2748725,2100
2748726,2100
2748727,2100
2748728,2100
2748729,2100
2748730,2100
2748731,2157
2748732,2157
2748733,2157
2748734,2157
2748735,2157
2748736,2157
2748737,1817
2748738,2157
2748739,2197
2748740,1847
2748741,2197
2748742,2197
2748743,2197
2748744,2197
2748745,2197
2748746,2238
2748747,2238
2748748,2238
2748749,2238
2748750,2238
2748751,2238
2748752,2238
2748753,2238
2748754,2319
2748755,2319
2748756,2319
2748757,2319
2748758,2319
2748759,2319
2748760,2319
2748761,2421
2752538,1688
2752551,2554
2752552,2554
2752553,2554
2752554,2554
2752558,2756
2752771,2191
2752772,2191
2752773,2191
2752774,2272
2752775,2272
2752776,2272
2752777,2272
2752778,2272
2752779,2272
2752780,2272
2752781,2344
2752782,2344
2752783,2344
2752784,2344
2752785,2344
2752786,2344
2752787,2344
2752788,2344
2752789,2392
2752790,2392
2752791,2392
2752792,2392
2752793,2392
2752797,2446
2752798,2446
2752799,2446
2752814,2042
2752815,2042
2752816,2042
2752817,2042
2752818,2042
2752819,2065
2752820,2065
2752821,2065
2752822,2065
2752823,2065
2752824,2065
2752825,2065
2752826,2063
2752827,2063
2752828,2063
2752829,2063
2752830,2063
2752831,2063
2752832,2063
2752833,2063
2752834,2022
2752835,2022
2752836,2022
2752837,2022
2752838,2022
2752839,2436
2752840,2022
2752845,2000
2752846,2000
2752847,2408
2752848,2408
2752849,2402
2752850,1997
2752851,2402
2752852,2402
2752853,2402
2752854,2402
2752855,1997
2752856,2371
2752857,2371
2752858,2371
2752859,2371
2752860,2371
2752861,2371
2752862,2371
2752863,2371
2752864,2303
2752865,2184
2752866,2184
2752867,2184
2752868,2184
2752869,2184
2752870,2184
2752871,2145
2752872,2145
2752873,2145
2752874,2145
2752875,2145
2752876,2145
2752877,2145
2752878,2145
2752879,2101
2752885,2101
2752886,2076
2752887,2076
2752888,2076
2752889,2076
2752890,2076
2752891,2076
2752892,2076
2752893,2076
2752894,2092
2752895,2092
2752896,2092
2752897,2092
2752898,2092
2752899,2092
2752900,2092
2752901,2142
2752910,2185
2752911,2185
2752914,1817
2752915,1817
2752916,2220
2752917,2220
2752918,2220
2752919,2220
2752920,2220
2752921,2220
2752922,2220
2752923,2220
2752924,2247
2752925,2247
2752926,2247
2752927,2247
2752928,2247
2752929,2247
2752930,2254
2752931,2218
2752932,2218
2752933,2218
2752934,2218
2752935,2218
2752936,2218
2752937,2218
2752938,2218
2752939,2249
2752940,2249
2752941,2249
2752944,2249
2752945,2249
2752946,2194
2752947,2194
2752948,2194
2752949,2194
2752950,2194
2752951,2194
2752952,2194
2752953,2194
2752954,2178
2752955,2178
2752956,2178
2752957,2178
2752958,2178
2752959,2178
2752960,2178
2752961,2145
2752962,2145
2752963,2145
2752964,2145
2752965,2145
2752966,2145
2752967,2145
2752968,2145
2752969,2108
2752970,2108
2752971,2108
2752972,2108
2752973,2108
2752974,2108
2752975,2108
2752976,2076
2752977,2076
2752978,2076
2752979,2076
2752980,2076
2752981,2076
2752982,2076
2752983,2076
2752991,1649
2752993,1649
2753019,1455
2753020,1455
2753024,1586
2753025,1586
2753026,1586
2753027,1586
2753028,1586
2753029,1738
2753030,1738
2753038,1613
2753039,1908
2753040,1908
2753041,1908
2753042,1908
2753043,1908
2753044,2100
2753045,2100
2753046,2100
2753047,2100
2753048,2100
2753049,2100
2753050,2100
2753051,2157
2753052,1817
2753053,2157
2753054,2157
2753055,2157
2753056,2157
2753057,2157
2753058,2157
2753059,2197
2753060,2197
2753061,2197
2753062,2197
2753063,2197
2753064,2197
2753065,2197
2753066,2238
2753067,2238
2753068,2238
2753069,2238
2753070,2238
2753071,2238
2753072,2238
2753073,2238
2753074,2319
2753075,2319
2753076,2319
2753077,2319
2753078,2319
2753079,2319
2753080,2319
2753081,2421
2753082,2421
2753086,2421
2753087,2421
2756871,2554
2756872,2554
2756873,2554
2756874,2554
2756875,2554
2756876,2756
2756877,2756
2756878,2756
2757088,2191
2757089,2191
2757090,2191
2757091,2191
2757092,2191
2757093,2191
2757094,2272
2757095,2272
2757096,2272
2757097,2272
2757098,2272
2757099,2272
2757101,2344
2757102,2344
2757103,2344
2757104,2344
2757105,2344
2757106,2344
2757107,2344
2757108,2344
2757109,2392
2757130,2025
2757133,2042
2757134,2042
2757135,2042
2757136,2042
2757137,2042
2757138,2042
2757139,2065
2757140,2065
2757141,2065
2757142,2065
2757143,2065
2757144,2065
2757145,2065
2757146,2063
2757147,2063
2757148,2063
2757149,2063
2757150,2063
2757151,2063
2757152,2063
2757153,2063
2757154,2022
2757155,2022
2757156,2022
2757157,2022
2757158,2022
2757159,2022
2757167,2408
2757168,2000
2757169,1997
2757171,2402
2757172,2402
2757173,2402
2757174,2402
2757175,1997
2757176,2371
2757177,2371
2757178,2371
2757179,2371
2757180,2371
2757181,2371
2757182,2371
2757183,2371
2757184,2303
2757185,2184
2757186,2184
2757187,2184
2757188,2184
2757189,2184
2757190,2184
2757191,2145
2757192,2145
2757193,2145
2757194,2145
2757195,2145
2757196,2145
2757197,2145
2757198,2145
2757199,2101
2757200,2101
2757203,2101
2757204,2101
2757205,2101
2757206,2076
2757207,2076
2757208,2076
2757209,2076
2757210,2076
2757211,2076
2757212,2076
2757213,2076
2757214,2092
2757215,2092
2757216,2092
2757217,2092
2757218,2092
2757219,2092
2757220,2092
2757221,2142
2757222,2142
2757223,2142
2757230,2185
2757231,2185
2757234,1817
2757235,2185
2757236,2220
2757237,2220
2757238,2220
2757239,2220
2757240,2220
2757241,2220
2757242,2220
2757243,2220
2757244,2247
2757245,2247
2757246,2247
2757247,2247
2757248,2247
2757249,2247
2757250,2254
2757251,2218
2757252,2218
2757253,2218
2757254,2218
2757255,2218
2757256,2218
2757257,2218
2757258,2218
2757259,2249
2757260,2249
2757261,2249
2757263,2249
2757265,2249
2757266,2194
2757267,2194
2757268,2194
2757269,2194
2757270,2194
2757271,2194
2757272,2194
2757273,2194
2757274,2178
2757275,2178
2757276,2178
2757277,2178
2757278,2178
2757279,2178
2757280,2178
2757281,2145
2757282,2145
2757283,2145
2757284,2145
2757285,2145
2757286,2145
2757287,2145
2757288,2145
2757289,2108
2757290,2108
2757291,2108
2757292,2108
2757293,2108
2757294,2108
2757295,2108
2757296,2076
2757297,2076
2757298,2076
2757299,2076
2757300,2076
2757301,2076
2757302,2076
2757303,2076
2757311,1649
2757312,1977
2757333,1502
2757337,1455
2757338,1455
2757339,1455
2757340,1455
2757341,1347
2757343,1347
2757344,1347
2757345,1586
2757346,1586
2757347,1347
2757348,1347
2757349,1474
2757350,1474
2757351,1474
2757354,1474
2757355,1474
2757362,1613
2757363,1613
2757364,1770
2757365,2100
2757366,2100
2757367,2100
2757368,2100
2757369,2100
2757370,2100
2757371,2157
2757372,1817
2757373,1817
2757374,2157
2757375,2157
2757376,2157
2757377,2157
2757378,2157
2757379,2197
2757380,2197
2757381,2197
2757382,2197
2757383,2197
2757384,1847
2757385,2197
2757386,2238
2757387,2238
2757388,2238
2757389,2238
2757390,2238
2757391,2238
2757392,2238
2757393,2238
2757394,2319
2757395,2319
2757396,2319
2757397,2319
2757398,2319
2757399,2319
2757400,2319
2757401,2421
2757402,2421
2757404,2421
2757405,2421
2757406,2421
2757407,2421
2761179,1297
2761180,1297
2761192,2480
2761193,2480
2761194,2480
2761195,2480
2761197,2759
2761198,2759
2761199,2759
2761200,2759
2761206,2876
2761339,1814
2761405,2085
2761406,2225
2761407,2225
2761408,2225
2761409,2225
2761410,2225
2761411,2225
2761412,2225
2761413,2225
2761414,2326
2761415,2326
2761416,2326
2761417,2326
2761421,2403
2761422,2403
2761423,2403
2761424,2403
2761425,2403
2761426,2403
2761427,2403
2761428,2403
2761429,2395
2761430,2395
2761431,2395
2761432,2395
2761448,2497
2761449,2497
2761450,2497
2761453,2095
2761454,2095
2761455,2095
2761456,2537
2761457,2095
2761458,2095
2761459,2101
2761460,2101
2761461,2101
2761462,2101
2761463,2101
2761464,2101
2761465,2101
2761466,2118
2761467,2118
2761468,2118
2761469,2118
2761470,2118
2761471,2118
2761472,2118
2761473,2118
2761474,2123
2761475,2123
2761476,2123
2761477,2123
2761478,2123
2761479,2123
2761480,2123
2761487,2097
2761488,2097
2761489,2072
2761490,2072
2761491,2495
2761492,2495
2761493,2495
2761494,2495
2761495,2072
2761496,2444
2761497,2444
2761498,2444
2761499,2444
2761500,2444
2761501,2444
2761502,2444
2761503,2444
2761504,2344
2761505,2221
2761506,2221
2761507,2221
2761508,2221
2761509,2221
2761510,2221
2761511,2181
2761512,2181
2761513,2181
2761514,2181
2761515,2181
2761516,2181
2761517,2181
2761522,2191
2761523,2191
2761524,2191
2761525,2191
2761526,2232
2761527,2232
2761528,2232
2761529,2232
2761530,2232
2761531,2232
2761532,2232
2761533,2232
2761534,2213
2761535,2213
2761536,2213
2761537,2213
2761538,2213
2761539,2213
2761540,2213
2761541,2232
2761542,2232
2761543,2232
2761550,2261
2761551,2261
2761552,1871
2761553,1871
2761554,2261
2761555,2261
2761556,2288
2761557,2288
2761558,2288
2761559,2288
2761560,2288
2761561,2288
2761562,2288
2761563,2288
2761564,2329
2761565,2329
2761566,2329
2761567,2329
2761568,2329
2761569,2329
2761570,2336
2761571,2266
2761572,2266
2761573,2266
2761574,2266
2761575,2266
2761576,2266
2761577,2266
2761578,2266
2761579,2326
2761580,2326
2761581,2326
2761582,2326
2761583,2326
2761585,2326
2761586,2224
2761587,2224
2761588,2224
2761589,2224
2761590,2224
2761591,2224
2761592,2224
2761593,2224
2761594,2207
2761595,2207
2761596,2207
2761597,2207
2761598,2207
2761599,2207
2761600,2207
2761601,2167
2761602,2167
2761603,2167
2761604,2167
2761605,2167
2761606,2167
2761607,2167
2761608,2167
2761609,2154
2761610,2154
2761611,2154
2761612,2154
2761613,2154
2761614,2154
2761615,2154
2761616,2055
2761617,2055
2761618,2055
2761619,2055
2761620,2055
2761621,2055
2761622,2055
2761623,1712
2761628,1642
2761632,1704
2761657,1365
2761658,1365
2761659,1365
2761663,1453
2761665,1453
2761670,1641
2761671,1641
2761672,1641
2761673,1641
2761674,1641
2761684,1828
2761685,2168
2761686,2168
2761687,2168
2761688,2168
2761689,2168
2761690,2168
2761691,2212
2761692,1866
2761693,1866
2761694,1866
2761695,1866
2761696,2212
2761697,2212
2761698,2212
2761699,2265
2761700,2265
2761701,2265
2761702,2265
2761703,2265
2761704,1902
2761705,2265
2761706,1955
2761707,2318
2761708,2318
2761709,1955
2761710,2318
2761711,2318
2761712,2318
2761713,2318
2761714,2355
2761715,2355
2761716,2355
2761717,2355
2761718,2355
2761719,2355
2761720,2355
2761721,2462
2761722,2462
2761723,2462
2761724,2462
2761725,2462
2761726,2462
2761727,2462
2765500,1297
2765501,2118
2765513,2480
2765514,2480
2765515,2480
2765516,2759
2765517,2759
2765518,2759
2765519,2759
2765520,2759
2765525,2876
2765526,2876
2765659,1814
2765660,1814
2765661,1814
2765662,1814
2765663,1814
2765725,2085
2765726,2225
2765727,2225
2765728,2225
2765729,2225
2765730,2225
2765731,2225
2765732,2225
2765733,2225
2765734,2326
2765735,2326
2765736,2326
2765737,2326
2765739,2326
2765740,2326
2765741,2403
2765742,2403
2765743,2403
2765744,2403
2765745,2403
2765746,2403
2765749,2395
2765750,2395
2765751,2395
2765752,2395
2765758,2440
2765759,2440
2765769,2497
2765770,2497
2765773,2095
2765774,2095
2765775,2095
2765776,2095
2765777,2095
2765778,2095
2765779,2101
2765780,2101
2765781,2101
2765782,2101
2765783,2101
2765784,2101
2765785,2101
2765786,2118
2765787,2118
2765788,2118
2765789,2118
2765790,2118
2765791,2118
2765792,2118
2765793,2118
2765794,2123
2765795,2564
2765796,2564
2765797,2564
2765798,2564
2765799,2564
2765800,2123
2765808,2097
2765809,2072
2765810,2495
2765811,2495
2765812,2495
2765813,2495
2765814,2495
2765815,2495
2765816,2444
2765817,2444
2765818,2444
2765819,2444
2765820,2444
2765821,2035
2765822,2035
2765823,2444
2765824,2344
2765825,2221
2765826,2221
2765827,2221
2765828,2221
2765829,2221
2765830,2221
2765831,2181
2765832,2181
2765833,2181
2765834,2181
2765835,2181
2765842,2191
2765843,2191
2765844,2191
2765845,2191
2765846,2232
2765847,2232
2765848,2232
2765849,2232
2765850,2232
2765851,2232
2765852,2232
2765853,2232
2765854,2213
2765855,2213
2765856,2213
2765857,2213
2765858,2213
2765859,2213
2765860,2213
2765861,2232
2765862,2232
2765863,2232
2765864,2232
2765865,2232
2765866,2232
2765867,2232
2765869,2261
2765870,2261
2765871,2261
2765872,2261
2765873,2261
2765874,2261
2765875,2261
2765876,2288
2765877,2288
2765878,2288
2765879,2288
2765880,2288
2765881,2288
2765882,2288
2765883,2288
2765884,2329
2765885,2329
2765886,2329
2765887,2329
2765888,2329
2765889,2329
2765890,2336
2765891,2266
2765892,2266
2765893,2266
2765894,2266
2765895,2266
2765896,2266
2765897,2266
2765898,2266
2765899,2326
2765900,2326
2765901,2326
2765902,2326
2765905,2392
2765906,2288
2765907,2288
2765908,2288
2765909,2288
2765910,2288
2765911,2288
2765912,2288
2765913,2288
2765914,2269
2765915,2269
2765916,2269
2765917,2269
2765918,2269
2765919,2269
2765920,2269
2765921,2227
2765922,2227
2765923,2227
2765924,2227
2765925,2227
2765926,2227
2765927,2227
2765928,2227
2765929,2154
2765930,2154
2765931,2154
2765932,2154
2765933,2154
2765934,2154
2765937,1712
2765938,2055
2765939,2055
2765940,2055
2765941,1712
2765942,2055
2765948,1642
2765960,1973
2765961,1973
2765963,1973
2765965,1668
2765966,1918
2765967,1918
2765975,1365
2765984,1453
2765985,1453
2765986,1453
2765987,1453
2765988,1453
2765989,1641
2765992,1641
2765993,1641
2765994,1641
2766004,1828
2766005,1828
2766006,1828
2766007,1828
2766008,2168
2766009,2168
2766010,2168
2766011,2212
2766012,2212
2766013,2212
2766014,2212
2766015,2212
2766016,2212
2766017,2212
2766018,2212
2766019,2265
2766020,2265
2766021,2265
2766022,2265
2766023,2265
2766024,1902
2766025,1902
2766026,1955
2766027,2318
2766028,2318
2766029,2318
2766030,2318
2766031,2318
2766032,2318
2766033,2318
2766034,2355
2766035,2355
2766036,2355
2766037,2355
2766038,2355
2766039,2355
2766040,2355
2766041,2462
2766042,2462
2766043,2462
2766044,2462
2766045,2462
2766046,2462
2766047,2462
2769821,2118
2769822,2118
2769834,2480
2769835,2480
2769836,2759
2769837,2759
2769838,2759
2769839,2759
2769840,2759
2769841,2759
2769843,2759
2769844,2876
2769845,2876
2769846,2876
2769847,2876
2769983,1814
2770043,2001
2770044,2085
2770045,2085
2770046,2225
2770047,2225
2770048,2225
2770049,2225
2770050,2225
2770051,2225
2770052,2225
2770053,2225
2770054,2326
2770055,2326
2770056,2326
2770057,2326
2770058,2326
2770059,2326
2770060,2326
2770061,2403
2770062,2403
2770063,2403
2770064,2403
2770066,2403
2770067,2403
2770068,2403
2770069,2395
2770070,2395
2770071,2395
2770072,2395
2770073,2395
2770074,2395
2770075,2395
2770077,2440
2770078,2440
2770079,2440
2770080,2440
2770082,2440
2770083,2440
2770084,2497
2770089,2497
2770090,2497
2770091,2537
2770094,2095
2770096,2095
2770097,2095
2770098,2095
2770099,2101
2770100,2101
2770101,2101
2770102,2101
2770103,2101
2770104,2101
2770105,2101
2770106,2118
2770107,2118
2770108,2118
2770109,2118
2770110,2564
2770111,2564
2770112,2564
2770113,2564
2770114,2564
2770115,2564
2770116,2564
2770117,2564
2770118,2564
2770119,2564
2770120,2123
2770128,2097
2770129,2072
2770130,2072
2770131,2072
2770132,2072
2770133,2072
2770134,2072
2770135,2072
2770136,2444
2770137,2444
2770138,2444
2770139,2035
2770140,2444
2770142,2035
2770143,2444
2770144,2344
2770145,2221
2770146,2221
2770148,2221
2770149,2221
2770150,2221
2770151,1828
2770152,2181
2770153,2181
2770155,2181
2770156,2181
2770157,2181
2770158,2181
2770159,2191
2770162,2191
2770163,2191
2770164,2191
2770165,2191
2770166,2232
2770167,2232
2770168,2232
2770169,2232
2770170,2232
2770171,2232
2770172,2232
2770173,2232
2770174,2213
2770175,2213
2770176,2213
2770177,2213
2770178,2213
2770179,2213
2770180,2213
2770181,2232
2770182,2232
2770183,2232
2770184,2232
2770185,2232
2770186,2232
2770187,2232
2770188,2232
2770189,2261
2770190,2261
2770191,2261
2770192,2261
2770193,2261
2770194,2261
2770195,2261
2770196,2288
2770197,2288
2770198,2288
2770199,2288
2770200,2288
2770201,2288
2770202,2288
2770203,2288
2770204,2329
2770205,2336
2770206,2329
2770207,2336
2770208,2336
2770209,2336
2770210,2336
2770211,2266
2770212,2266
2770213,2266
2770214,2266
2770215,2266
2770216,2266
2770217,2266
2770218,2266
2770219,2326
2770220,2326
2770221,2326
2770222,2326
2770223,2326
2770225,2392
2770226,2288
2770227,2288
2770228,2288
2770229,2288
2770230,2288
2770231,2288
2770232,2288
2770233,2288
2770234,2269
2770235,2269
2770236,2269
2770237,2269
2770238,2269
2770239,2269
2770240,2269
2770241,2227
2770242,2227
2770243,2227
2770244,2227
2770245,2227
2770246,2227
2770247,2227
2770248,2227
2770249,2214
2770250,1766
2770251,1766
2770252,1766
2770253,1766
2770254,1766
2770256,1689
2770257,2112
2770258,2112
2770259,2112
2770260,1689
2770266,1620
2770268,1620
2770269,1620
2770273,1682
2770274,2102
2770275,1682
2770276,1682
2770277,1682
2770280,1625
2770281,1625
2770282,1625
2770286,1970
2770303,1415
2770304,1415
2770305,1415
2770306,1415
2770307,1415
2770308,1415
2770309,1992
2770310,1992
2770311,1992
2770312,1992
2770313,1992
2770314,1992
2770315,1641
2770317,2131
2770318,2131
2770323,1748
2770324,2231
2770325,1828
2770328,2168
2770329,2168
2770330,2168
2770331,2276
2770332,2276
2770333,2276
2770334,2276
2770335,2276
2770336,2212
2770337,2212
2770339,1902
2770340,2334
2770342,2334
2770343,2334
2770344,2334
2770345,2334
2770346,2387
2770347,2387
2770348,2387
2770349,2387
2770350,2387
2770351,2387
2770352,2387
2770353,2387
2770354,2424
2770355,2424
2770356,2424
2770357,2424
2770358,2424
2770359,2424
2770360,2424
2770361,2526
2770362,2526
2770363,2526
2770364,2526
2770365,2526
2770366,2526
2770367,2526
2770368,2526
2770369,2522
2774142,2118
2774143,2118
2774155,2480
2774156,2759
2774157,2759
2774158,2759
2774159,2759
2774160,2759
2774161,2759
2774162,2759
2774163,2759
2774164,2876
2774165,2876
2774166,2876
2774167,2876
2774168,2876
2774363,2001
2774372,2347
2774373,2347
2774377,2454
2774381,2535
2774383,2535
2774387,2535
2774388,2535
2774389,2523
2774390,2523
2774391,2523
2774392,2523
2774393,2523
2774394,2523
2774395,2523
2774396,2567
2774397,2567
2774398,2567
2774399,2567
2774400,2440
2774404,2497
2774408,2497
2774409,2497
2774410,2497
2774413,2537
2774416,2095
2774417,2095
2774418,2537
2774419,2541
2774420,2541
2774421,2541
2774422,2541
2774423,2101
2774424,2101
2774425,2101
2774426,2118
2774427,2118
2774428,2118
2774429,2118
2774430,2564
2774431,2564
2774432,2564
2774433,2564
2774434,2564
2774435,2564
2774436,2564
2774437,2564
2774438,2564
2774439,2564
2774440,2564
2774441,2097
2774443,2097
2774447,2097
2774448,2097
2774449,2072
2774450,2072
2774451,2072
2774452,2072
2774453,2072
2774454,2072
2774455,2495
2774456,2444
2774457,2444
2774458,2444
2774459,2035
2774463,2444
2774464,2344
2774465,2319
2774470,2319
2774471,2276
2774472,2276
2774475,1853
2774476,2276
2774477,2276
2774478,2276
2774479,2289
2774480,2289
2774481,1858
2774482,1858
2774483,1858
2774484,1858
2774485,1858
2774486,1888
2774487,1888
2774489,1888
2774490,1888
2774491,2334
2774492,1888
2774493,1888
2774494,2313
2774495,2313
2774496,2313
2774497,2313
2774498,2313
2774499,2313
2774500,2313
2774501,1880
2774502,1880
2774503,1880
2774504,1880
2774505,1880
2774506,1880
2774507,1880
2774508,1880
2774509,1897
2774510,2370
2774511,2370
2774512,2370
2774513,2370
2774514,2370
2774515,2370
2774516,2398
2774517,2398
2774518,2288
2774519,2288
2774520,2288
2774521,2288
2774522,2288
2774523,2288
2774524,2329
2774525,2329
2774526,2405
2774527,2405
2774528,2405
2774529,2405
2774530,2405
2774531,2331
2774532,2331
2774533,2331
2774534,2331
2774535,2331
2774536,2331
2774537,2331
2774538,2331
2774539,2392
2774540,2392
2774541,2392
2774542,2392
2774544,2392
2774545,2392
2774546,2288
2774547,2288
2774548,2288
2774549,2288
2774550,2288
2774551,2288
2774552,2288
2774553,2288
2774554,2269
2774555,2269
2774556,2269
2774557,2269
2774558,2269
2774559,2269
2774560,2269
2774561,2227
2774562,2227
2774563,2227
2774564,2227
2774565,2227
2774566,2227
2774567,2227
2774568,2227
2774569,2214
2774570,2214
2774571,2214
2774572,2214
2774573,1766
2774575,1766
2774576,2112
2774577,2112
2774578,2112
2774579,2112
2774586,1620
2774587,1620
2774588,1620
2774591,1682
2774592,2102
2774593,2102
2774594,2102
2774595,2102
2774597,1682
2774611,1970
2774612,1970
2774613,1970
2774617,1330
2774618,1330
2774623,1415
2774624,1415
2774625,1415
2774626,1415
2774627,1415
2774628,1765
2774629,1992
2774630,1992
2774631,1992
2774632,1992
2774633,1992
2774634,1992
2774635,1992
2774637,1702
2774638,1702
2774641,1702
2774642,1702
2774643,2131
2774644,2231
2774645,2231
2774646,2231
2774647,2231
2774648,2231
2774649,2231
2774650,2231
2774651,2276
2774652,2276
2774653,2276
2774654,2276
2774655,2276
2774656,2276
2774657,2276
2774658,1817
2774659,1851
2774663,2334
2774664,2334
2774665,2334
2774666,2387
2774667,2387
2774668,2387
2774669,2387
2774670,2387
2774671,2387
2774672,2387
2774673,2387
2774674,2424
2774675,2424
2774676,2424
2774677,2424
2774678,2424
2774679,2424
2774680,2424
2774681,2526
2774682,2526
2774683,2526
2774684,2526
2774685,2526
2774686,2526
2774687,2526
2778464,2118
2778476,2759
2778477,2759
2778478,2759
2778479,2759
2778480,2759
2778481,2759
2778482,2759
2778483,2759
2778484,2876
2778485,2876
2778486,2876
2778487,2876
2778488,2876
2778683,2001
2778693,2347
2778694,2454
2778695,2454
2778696,2454
2778697,2454
2778699,2454
2778700,2454
2778702,2535
2778703,2535
2778704,2535
2778707,2535
2778708,2535
2778709,2523
2778710,2523
2778711,2523
2778712,2523
2778713,2523
2778714,2523
2778715,2523
2778716,2567
2778717,2567
2778718,2567
2778719,2567
2778724,2497
2778727,2497
2778728,2497
2778729,2497
2778730,2497
2778736,2537
2778737,2537
2778738,2537
2778739,2541
2778740,2541
2778741,2541
2778742,2541
2778743,2101
2778744,2101
2778745,2101
2778746,2118
2778747,2118
2778748,2118
2778749,2118
2778750,2564
2778751,2564
2778752,2564
2778753,2564
2778754,2564
2778755,2564
2778756,2564
2778757,2564
2778758,2564
2778759,2564
2778760,2564
2778761,2527
2778762,2097
2778763,2097
2778767,2527
2778768,2527
2778769,2072
2778771,2072
2778772,2072
2778773,2072
2778774,2072
2778775,2495
2778776,2444
2778777,2444
2778778,2035
2778783,2444
2778784,2344
2778785,2319
2778786,2319
2778787,2319
2778788,2319
2778789,2319
2778790,2319
2778795,1853
2778796,2276
2778797,2276
2778798,2276
2778799,2289
2778800,2289
2778801,2289
2778802,1858
2778803,1858
2778804,1858
2778805,1858
2778806,1888
2778808,1888
2778809,1888
2778810,1888
2778811,1888
2778812,1888
2778813,1888
2778814,2313
2778815,2313
2778816,1871
2778817,1871
2778818,1871
2778819,2313
2778820,2313
2778821,1880
2778825,1880
2778826,1880
2778827,1880
2778828,1880
2778829,1897
2778830,2370
2778831,2370
2778832,2370
2778833,2370
2778834,2370
2778835,2370
2778836,2398
2778837,2398
2778838,2398
2778839,2288
2778840,2288
2778841,2288
2778842,2288
2778843,2288
2778844,2329
2778845,2329
2778846,2405
2778847,2405
2778848,2405
2778849,2405
2778850,2405
2778851,2331
2778852,2331
2778853,2331
2778854,2331
2778855,2331
2778856,2331
2778857,2331
2778858,2331
2778859,2392
2778860,2392
2778861,2392
2778862,2392
2778863,2392
2778865,2392
2778867,2288
2778868,2288
2778869,2288
2778870,2288
2778871,2288
2778872,2288
2778873,2288
2778874,2269
2778875,2269
2778876,2269
2778877,2269
2778878,2269
2778879,2269
2778880,1810
2778881,2227
2778882,2227
2778883,2227
2778884,2227
2778885,2227
2778886,2227
2778887,2227
2778888,2227
2778889,2214
2778890,1766
2778891,2214
2778893,1766
2778894,1766
2778895,1766
2778896,2112
2778897,2112
2778898,1689
2778899,2112
2778904,1620
2778905,1620
2778907,1620
2778911,1682
2778912,2102
2778913,1682
2778914,1682
2778915,2102
2778922,2027
2778923,2027
2778926,1970
2778927,1970
2778928,1970
2778929,1970
2778930,1970
2778932,1581
2778937,1330
2778938,1330
2778942,1415
2778943,1415
2778944,1415
2778947,1765
2778948,1765
2778949,1992
2778950,1992
2778951,1992
2778952,1992
2778953,1992
2778954,1992
2778955,1992
2778956,2131
2778958,2131
2778959,2131
2778960,2131
2778961,2131
2778962,2131
2778963,2131
2778964,2231
2778965,2231
2778966,2231
2778967,2231
2778968,2231
2778969,2231
2778970,2231
2778971,2276
2778974,2276
2778975,2276
2778976,2276
2778977,2276
2778978,1817
2778979,1851
2778980,1851
2778982,2334
2778983,2334
2778984,2334
2778985,2334
2778986,2387
2778987,2387
2778988,2387
2778989,2387
2778990,2387
2778991,2387
2778992,2387
2778993,2387
2778994,2424
2778995,2424
2778996,2424
2778997,2424
2778998,2424
2778999,2424
2779000,2424
2779001,2526
2779002,2526
2779003,2526
2779004,2526
2779005,2526
2779006,2526
2779007,2526
2782784,2118
2782785,2118
2782797,2759
2782798,2759
2782799,2759
2782800,2759
2782801,2759
2782802,2759
2782803,2759
2782804,2876
2782805,2876
2782806,2876
2782807,2876
2782808,2876
2782809,2876
2783002,2001
2783003,2001
2783005,2196
2783006,2347
2783012,2347
2783013,2347
2783014,2454
2783015,2454
2783016,2454
2783017,2454
2783018,2454
2783021,2535
2783022,2535
2783023,2535
2783026,2535
2783027,2535
2783028,2535
2783029,2523
2783030,2523
2783031,2523
2783032,2523
2783036,2567
2783037,2567
2783038,2567
2783039,2567
2783040,2440
2783041,2440
2783042,2440
2783043,2440
2783044,2497
2783047,2497
2783048,2497
2783049,2497
2783050,2497
2783051,2537
2783057,2537
2783058,2537
2783060,2541
2783061,2541
2783062,2541
2783063,2101
2783064,2101
2783065,2101
2783066,2118
2783067,2118
2783068,2118
2783069,2118
2783070,2564
2783071,2564
2783072,2564
2783073,2564
2783074,2564
2783075,2564
2783076,2564
2783077,2564
2783078,2564
2783079,2123
2783080,2123
2783081,2097
2783087,2097
2783088,2527
2783089,2072
2783091,2072
2783092,2072
2783093,2072
2783094,2072
2783095,2495
2783096,2444
2783097,2444
2783103,2035
2783104,2344
2783105,2319
2783106,2319
2783107,2319
2783108,2319
2783109,2319
2783114,1853
2783115,1853
2783116,1853
2783117,2276
2783118,2276
2783119,2289
2783120,2289
2783121,2289
2783122,1858
2783123,2289
2783124,1858
2783125,1858
2783126,1888
2783127,1888
2783128,1888
2783129,2334
2783130,2334
2783131,1888
2783132,1888
2783134,1871
2783135,1871
2783136,1871
2783137,2313
2783138,1871
2783139,1871
2783140,1871
2783141,1880
2783144,1880
2783145,1880
2783146,1880
2783147,1880
2783148,1880
2783149,2370
2783150,2370
2783151,2370
2783152,2370
2783153,2370
2783154,2370
2783155,2370
2783156,2398
2783157,2398
2783158,2398
2783159,2288
2783160,2288
2783161,2288
2783162,2288
2783163,2288
2783164,2329
2783165,2405
2783166,2405
2783167,2405
2783168,2405
2783169,2405
2783170,2405
2783171,2331
2783172,2331
2783173,2331
2783174,2331
2783175,2331
2783176,2331
2783177,2331
2783178,2331
2783179,2392
2783180,2392
2783181,2392
2783182,2392
2783183,2392
2783184,2392
2783189,1823
2783190,2288
2783191,2288
2783192,2288
2783193,2288
2783194,2269
2783195,2269
2783196,1810
2783197,1810
2783200,2269
2783201,1779
2783202,1779
2783203,2227
2783204,2227
2783205,2227
2783206,2227
2783207,2227
2783208,2227
2783209,2214
2783211,1766
2783212,2214
2783213,2214
2783214,2214
2783215,2214
2783216,2112
2783217,1689
2783218,1689
2783221,2112
2783222,1689
2783223,1689
2783224,1620
2783225,1620
2783233,1682
2783234,1682
2783235,1682
2783236,1682
2783237,1682
2783238,1682
2783241,2027
2783242,2027
2783243,2027
2783244,2027
2783245,2027
2783246,1970
2783247,1970
2783248,1970
2783249,1970
2783250,1970
2783254,1330
2783262,1415
2783266,1765
2783267,1765
2783268,1765
2783269,1992
2783270,1992
2783271,1992
2783272,1992
2783273,1992
2783274,1992
2783275,1992
2783276,2131
2783277,2131
2783278,2131
2783279,2131
2783280,2131
2783281,2131
2783282,2131
2783283,2131
2783284,2231
2783285,2231
2783286,2231
2783287,2231
2783288,2231
2783289,2231
2783292,2276
2783293,2276
2783294,2276
2783295,2276
2783296,2276
2783297,2276
2783298,1817
2783299,1851
2783300,1851
2783302,2334
2783303,2334
2783304,2334
2783305,2334
2783306,2387
2783307,2387
2783308,2387
2783309,2387
2783310,2387
2783311,2387
2783312,2387
2783313,2387
2783314,2424
2783315,2424
2783316,2424
2783317,2424
2783318,2424
2783319,2424
2783320,2424
2783321,2526
2783322,2526
2783323,2526
2783324,2526
2783325,2526
2783326,2526
2783327,2526
2783328,2526
2787106,2067
2787117,2745
2787118,2745
2787119,2745
2787120,2745
2787121,2745
2787122,2745
2787123,2745
2787124,2900
2787125,2900
2787126,2900
2787127,2900
2787128,2900
2787129,2900
2787322,2095
2787323,2095
2787324,2309
2787325,2309
2787326,2416
2787327,2416
2787329,2416
2787330,2416
2787332,2416
2787333,2416
2787334,2471
2787335,2471
2787336,2471
2787337,2471
2787339,2471
2787340,2471
2787341,2544
2787342,2544
2787345,2544
2787346,2544
2787347,2544
2787348,2544
2787349,2581
2787350,2581
2787351,2581
2787352,2581
2787358,2600
2787359,2600
2787360,2468
2787361,2468
2787362,2468
2787363,2468
2787364,2055
2787367,2491
2787368,2491
2787369,2491
2787370,2491
2787371,2522
2787372,2522
2787373,2522
2787374,2522
2787375,2522
2787376,2522
2787378,2522
2787379,2592
2787380,2592
2787381,2592
2787382,2592
2787383,2138
2787384,2138
2787385,2138
2787386,2157
2787387,2157
2787388,2157
2787389,2157
2787390,2615
2787391,2615
2787392,2615
2787393,2615
2787394,2609
2787395,2609
2787396,2609
2787397,2609
2787398,2157
2787399,2157
2787408,2139
2787409,2111
2787411,2111
2787412,2111
2787413,2111
2787414,2548
2787415,2548
2787416,2484
2787417,2059
2787425,2320
2787426,2320
2787427,2320
2787428,1884
2787429,1884
2787430,1884
2787431,1806
2787432,1806
2787433,2221
2787434,2221
2787435,2221
2787436,1806
2787437,2221
2787438,2221
2787439,1832
2787440,1832
2787441,1832
2787442,1832
2787443,2255
2787444,2255
2787445,2255
2787446,2359
2787447,1908
2787448,2359
2787449,2359
2787450,1908
2787451,1908
2787452,1908
2787453,1908
2787454,1919
2787455,1919
2787456,1919
2787457,2387
2787458,2387
2787459,1919
2787460,1919
2787461,1956
2787462,1956
2787466,1956
2787467,1956
2787468,2444
2787469,2475
2787470,2475
2787471,2475
2787472,2475
2787473,1979
2787474,1979
2787475,2475
2787476,2494
2787477,2494
2787478,2378
2787479,2378
2787480,2378
2787481,2378
2787482,2378
2787483,2378
2787484,2446
2787485,2446
2787486,2446
2787487,2446
2787488,2446
2787489,2446
2787490,2446
2787491,2386
2787492,2386
2787493,2386
2787494,2386
2787495,2386
2787496,2386
2787497,2386
2787498,2386
2787499,2414
2787500,2414
2787501,2414
2787502,2414
2787503,2414
2787504,2414
2787507,2328
2787508,1850
2787509,2328
2787510,2328
2787511,2328
2787512,2328
2787513,2328
2787514,2323
2787516,1852
2787517,1852
2787520,1852
2787522,1837
2787523,1837
2787524,2302
2787525,2302
2787526,2302
2787527,2302
2787528,2302
2787529,2200
2787532,2200
2787533,2200
2787534,2200
2787535,2200
2787536,2046
2787537,1639
2787538,2046
2787539,2046
2787540,2046
2787541,2046
2787542,1639
2787543,1639
2787544,1752
2787550,1752
2787555,1741
2787556,2179
2787557,2179
2787558,2179
2787559,2013
2787560,2013
2787561,2013
2787562,2013
2787563,2013
2787564,2013
2787565,2013
2787566,1813
2787567,1813
2787568,1813
2787569,1813
2787570,1813
2787585,2115
2787586,2115
2787587,2115
2787588,2115
2787589,2248
2787590,2248
2787593,2248
2787594,2248
2787595,2248
2787596,2269
2787597,2269
2787600,2269
2787601,2269
2787602,2269
2787603,2269
2787604,2308
2787605,2308
2787606,2308
2787607,2308
2787608,2308
2787609,2308
2787610,2308
2787611,2359
2787612,2359
2787613,2359
2787614,2359
2787615,2359
2787616,2359
2787617,2359
2787618,1865
2787619,2399
2787620,2399
2787621,2399
2787622,2399
2787623,2399
2787624,2399
2787625,2399
2787626,2434
2787627,2434
2787628,2434
2787629,2434
2787630,2434
2787631,2434
2787635,2513
2787639,2513
2787640,2513
2787641,2611
2787642,2611
2787643,2611
2787644,2611
2787645,2611
2787646,2611
2787647,2611
2787648,2611
2787649,2683
2791427,2067
2791436,2745
2791438,2745
2791439,2745
2791440,2745
2791441,2745
2791442,2745
2791443,2745
2791444,2900
2791446,2900
2791447,2900
2791448,2900
2791449,2900
2791450,2900
2791642,2095
2791643,2095
2791644,2309
2791645,2309
2791646,2416
2791647,2416
2791648,2416
2791649,2416
2791650,2416
2791651,2416
2791652,2416
2791653,2416
2791654,2471
2791655,2471
2791656,2471
2791657,2471
2791658,2471
2791659,2471
2791660,2471
2791661,2544
2791663,2544
2791664,2544
2791665,2544
2791666,2544
2791667,2544
2791668,2544
2791669,2581
2791670,2581
2791671,2581
2791672,2581
2791681,2468
2791682,2468
2791683,2468
2791688,2491
2791689,2491
2791690,2491
2791691,2522
2791692,2522
2791693,2522
2791694,2522
2791695,2522
2791699,2138
2791700,2138
2791703,2138
2791704,2138
2791705,2138
2791708,2615
2791709,2615
2791710,2615
2791711,2615
2791716,2609
2791717,2609
2791718,2609
2791719,2609
2791730,2111
2791731,2111
2791732,2111
2791733,2548
2791734,2548
2791735,2548
2791736,2059
2791745,2320
2791746,2320
2791747,1884
2791748,1884
2791749,1884
2791750,1884
2791751,1806
2791752,2221
2791753,2221
2791754,2221
2791755,2221
2791756,2221
2791757,1806
2791758,1806
2791759,1832
2791760,1832
2791761,1832
2791762,1832
2791763,2255
2791764,2255
2791765,2255
2791766,2359
2791767,1908
2791768,1908
2791769,1908
2791773,1908
2791774,1919
2791775,1919
2791776,1919
2791777,1919
2791778,1919
2791779,1919
2791780,1919
2791781,1956
2791782,1956
2791783,1956
2791786,1956
2791787,2444
2791788,2444
2791789,2475
2791790,2475
2791791,2475
2791792,1979
2791793,1979
2791794,2475
2791795,2475
2791796,2494
2791797,2378
2791798,2378
2791799,2378
2791800,2378
2791801,2378
2791802,2378
2791803,2378
2791804,2367
2791805,2446
2791806,2446
2791807,2446
2791808,2446
2791809,2446
2791810,2446
2791811,2386
2791812,2386
2791813,2386
2791814,2386
2791815,2386
2791816,2386
2791817,2386
2791818,2386
2791819,2414
2791820,2414
2791821,2414
2791822,2414
2791823,2414
2791824,2414
2791826,2328
2791827,2328
2791828,2328
2791829,2328
2791830,2328
2791831,2328
2791834,2323
2791835,2323
2791836,1852
2791837,1852
2791842,1837
2791845,2302
2791846,2302
2791847,2302
2791848,2302
2791849,2200
2791852,2200
2791853,2200
2791854,2200
2791855,2200
2791856,2046
2791857,2046
2791858,2046
2791859,2046
2791860,1639
2791861,1639
2791863,2046
2791864,1752
2791865,1752
2791866,1752
2791870,1752
2791874,1741
2791875,1741
2791876,2179
2791877,2179
2791878,2179
2791879,1615
2791880,1615
2791881,2013
2791882,2013
2791883,2013
2791884,2013
2791885,2013
2791886,1813
2791887,1813
2791888,1813
2791889,1455
2791890,1455
2791903,2115
2791904,2115
2791905,2115
2791906,2115
2791907,2115
2791908,2115
2791909,2248
2791911,2248
2791912,2248
2791913,2248
2791914,2248
2791915,2248
2791916,2269
2791917,2269
2791920,1808
2791923,2269
2791924,2308
2791925,2308
2791926,2308
2791927,2308
2791928,2308
2791929,2308
2791930,2308
2791931,2359
2791932,2359
2791933,2359
2791936,2359
2791937,2359
2791938,2359
2791939,2399
2791940,2399
2791941,2399
2791942,2399
2791943,2399
2791944,2399
2791945,2399
2791946,2434
2791947,2434
2791948,2434
2791949,2434
2791950,2434
2791951,2434
2791952,2434
2791953,2434
2791954,2513
2791955,2513
2791956,2513
2791959,2513
2791960,2513
2791961,2611
2791962,2611
2791964,2611
2795760,2745
2795761,2745
2795764,2900
2795765,2900
2795766,2900
2795767,2900
2795768,2900
2795769,2900
2795770,2900
2795963,2095
2795966,2416
2795967,2416
2795968,2416
2795969,2416
2795970,2416
2795971,2416
2795972,2416
2795973,2416
2795974,2471
2795975,2471
2795976,2471
2795977,2471
2795978,2471
2795979,2471
2795980,2471
2795983,2544
2795984,2544
2795985,2544
2795986,2544
2796007,2491
2796008,2491
2796009,2491
2796010,2491
2796011,2522
2796012,2522
2796013,2522
2796014,2522
2796015,2522
2796016,2084
2796017,2084
2796020,2138
2796024,2138
2796025,2138
2796028,2615
2796029,2615
2796030,2615
2796031,2615
2796032,2615
2796033,2615
2796034,2609
2796035,2609
2796036,2609
2796037,2609
2796038,2609
2796039,2609
2796040,2609
2796051,2111
2796052,2111
2796053,2111
2796054,2111
2796055,2111
2796056,2059
2796057,2059
2796058,2484
2796059,2484
2796060,2484
2796065,2346
2796066,2320
2796067,2320
2796068,2320
2796069,1884
2796070,1884
2796071,2221
2796072,2221
2796073,2221
2796074,2221
2796075,2221
2796076,2221
2796077,1806
2796078,1806
2796079,1832
2796080,1832
2796083,1832
2796084,1832
2796085,2255
2796086,1908
2796087,1908
2796088,1908
2796090,1908
2796091,1908
2796096,1919
2796097,1919
2796098,1919
2796099,1919
2796100,1919
2796101,1956
2796102,1956
2796103,1956
2796105,1956
2796106,2444
2796107,2444
2796108,2444
2796109,2475
2796110,2475
2796111,2475
2796112,1979
2796113,1979
2796114,2475
2796115,2475
2796116,2378
2796117,2378
2796118,2378
2796119,2378
2796120,2378
2796121,2378
2796122,2378
2796123,2378
2796124,2446
2796125,2446
2796126,2446
2796127,2446
2796128,2446
2796129,2446
2796130,2446
2796131,2386
2796132,2386
2796133,2386
2796134,2386
2796135,2386
2796136,2386
2796137,2386
2796138,2386
2796139,2414
2796140,2414
2796141,2414
2796142,2414
2796143,2414
2796144,2414
2796145,2414
2796146,2328
2796147,2328
2796148,2328
2796149,1850
2796154,1852
2796155,1852
2796156,1852
2796157,1852
2796160,1852
2796162,2302
2796163,1837
2796164,2302
2796165,2302
2796166,2302
2796167,1837
2796168,1837
2796169,1756
2796170,1756
2796172,2200
2796173,2200
2796174,2200
2796175,2200
2796176,2046
2796177,1639
2796178,1639
2796179,2046
2796180,1639
2796183,1639
2796184,2196
2796185,1752
2796186,1752
2796194,1741
2796195,1741
2796196,2179
2796197,2179
2796198,1741
2796199,1615
2796200,1615
2796201,2013
2796202,2013
2796203,2013
2796204,2013
2796205,2013
2796206,1813
2796207,1813
2796222,2115
2796223,2115
2796224,2115
2796225,2115
2796226,2115
2796227,1682
2796228,2115
2796229,2248
2796230,2248
2796231,2248
2796232,2248
2796233,2248
2796234,2248
2796235,2248
2796236,2269
2796237,2269
2796239,2269
2796243,2269
2796244,2308
2796245,2308
2796246,2308
2796247,2308
2796248,2308
2796249,2308
2796250,2308
2796257,2359
2796258,2359
2796259,2399
2796260,2399
2796261,2399
2796262,2399
2796263,2399
2796264,2399
2796265,2399
2796266,2434
2796267,2434
2796268,2434
2796269,2434
2796270,2434
2796271,2434
2796272,2434
2796273,2434
2796274,2513
2796275,2513
2796276,2513
2796277,2513
2796278,2513
2796279,2513
2796281,2611
2796282,2611
2800081,2745
2800082,2745
2800083,2745
2800084,2900
2800085,2900
2800086,2900
2800087,2900
2800088,2900
2800089,2900
2800090,2900
2800091,2173
2800283,2095
2800289,2416
2800290,2416
2800291,2416
2800292,2416
2800293,2416
2800294,2471
2800295,2471
2800296,2471
2800297,2471
2800298,2471
2800299,2471
2800301,1956
2800302,2544
2800303,2544
2800304,2544
2800305,2544
2800306,2544
2800321,2468
2800326,2491
2800327,2491
2800328,2491
2800329,2491
2800330,2491
2800331,2522
2800332,2522
2800333,2522
2800334,2522
2800335,2522
2800340,2138
2800343,2138
2800348,2615
2800349,2615
2800350,2615
2800351,2615
2800352,2615
2800353,2615
2800354,2609
2800355,2609
2800356,2609
2800357,2609
2800367,2139
2800368,2580
2800369,2548
2800370,2548
2800371,2111
2800372,2111
2800373,2111
2800374,2111
2800375,2111
2800376,2059
2800377,2484
2800378,2484
2800379,2484
2800380,2484
2800386,1884
2800387,2320
2800388,1884
2800389,1884
2800390,1884
2800391,1806
2800392,2221
2800393,2221
2800394,1806
2800395,2221
2800396,1806
2800397,1806
2800398,1806
2800399,1832
2800402,1832
2800403,1832
2800404,1832
2800405,1832
2800406,2359
2800407,1908
2800408,1908
2800409,1908
2800410,1908
2800411,1908
2800412,1908
2800413,1908
2800416,1919
2800417,1919
2800418,1919
2800419,1919
2800420,1919
2800421,1956
2800422,1956
2800423,1956
2800424,1956
2800425,1956
2800426,2444
2800427,2444
2800428,2444
2800429,2475
2800430,2475
2800433,2475
2800434,2475
2800435,2475
2800436,2494
2800437,2494
2800438,1998
2800439,2494
2800440,2494
2800441,2494
2800442,2494
2800443,1944
2800444,2446
2800445,2446
2800446,2446
2800447,2446
2800448,2446
2800449,2446
2800450,2446
2800451,2386
2800452,2386
2800453,2386
2800454,2386
2800455,2386
2800456,2386
2800457,2386
2800458,2386
2800459,2414
2800460,2414
2800461,2414
2800462,2414
2800463,2414
2800464,2414
2800465,2414
2800466,2328
2800467,2328
2800468,2328
2800469,2328
2800470,2328
2800471,2328
2800472,2328
2800473,2328
2800475,1852
2800476,2323
2800477,2323
2800480,2323
2800481,2302
2800482,2302
2800483,2302
2800484,2302
2800485,2302
2800486,2302
2800487,2302
2800488,1837
2800489,1756
2800490,1756
2800491,1756
2800492,2200
2800493,2200
2800494,2200
2800495,2200
2800496,2046
2800497,1639
2800498,1639
2800499,1639
2800500,1639
2800501,1639
2800503,1639
2800504,1752
2800514,1741
2800515,1741
2800516,1741
2800519,1615
2800520,1615
2800521,2013
2800522,2013
2800523,2013
2800524,2013
2800525,2013
2800537,1814
2800542,2115
2800543,2115
2800545,2115
2800546,2115
2800547,2115
2800548,2115
2800549,2248
2800550,2248
2800551,2248
2800554,2248
2800556,2269
2800557,2269
2800558,2269
2800559,2269
2800561,2269
2800562,2269
2800563,2269
2800564,2308
2800565,2308
2800566,2308
2800567,2308
2800568,2308
2800569,2308
2800570,2308
2800578,1865
2800579,2399
2800580,2399
2800581,2399
2800582,2399
2800583,2399
2800584,2399
2800585,2399
2800586,2434
2800587,2434
2800588,2434
2800589,2434
2800590,2434
2800591,2434
2800592,2434
2800593,2434
2800594,2513
2800595,2513
2800596,2513
2800597,2513
2800598,2513
2800602,2611
2800604,2611
2800605,2611
2800606,2611
2800607,2611
2804402,2745
2804403,2745
2804404,2900
2804405,2900
2804406,2900
2804407,2900
2804408,2900
2804409,2900
2804410,2900
2804411,2173
2804603,2095
2804610,2416
2804611,2416
2804612,2416
2804613,2416
2804614,2471
2804615,2471
2804616,2471
2804618,2471
2804619,2471
2804620,2471
2804622,2544
2804623,2544
2804624,2544
2804626,2544
2804640,2468
2804641,2468
2804642,2468
2804645,2491
2804646,2491
2804647,2491
2804648,2491
2804649,2491
2804650,2491
2804651,2522
2804652,2522
2804653,2522
2804654,2522
2804655,2522
2804658,2084
2804659,2138
2804661,2138
2804662,2138
2804664,2138
2804665,2138
2804668,2615
2804669,2615
2804670,2615
2804671,2615
2804672,2615
2804673,2615
2804674,2609
2804675,2609
2804687,2139
2804688,2580
2804689,2548
2804690,2111
2804691,2111
2804692,2111
2804693,2111
2804694,2111
2804695,2111
2804696,2059
2804697,2484
2804698,2484
2804699,2484
2804700,2484
2804706,1884
2804707,1884
2804708,1884
2804709,1884
2804710,1884
2804711,1806
2804712,1806
2804713,1806
2804714,1806
2804715,1806
2804716,1806
2804717,1806
2804718,1806
2804719,1832
2804724,1832
2804725,1832
2804726,1908
2804727,2359
2804728,2359
2804729,1908
2804730,1908
2804731,1908
2804732,1908
2804733,1908
2804734,1919
2804735,1919
2804736,1919
2804737,1919
2804738,1919
2804739,1919
2804741,1956
2804742,1956
2804743,1956
2804744,1956
2804745,2444
2804746,2444
2804747,2444
2804748,2444
2804749,2475
2804750,2475
2804752,2475
2804753,2475
2804754,2475
2804755,2475
2804756,2494
2804757,2494
2804758,1998
2804759,2494
2804760,2494
2804761,2494
2804762,2494
2804763,2459
2804764,2446
2804765,2446
2804766,2446
2804767,2446
2804768,2446
2804769,2446
2804770,2446
2804771,2386
2804772,2386
2804773,2386
2804774,2386
2804775,2386
2804776,2386
2804777,2386
2804778,2386
2804779,2414
2804780,2414
2804781,2414
2804782,2414
2804783,2414
2804784,2414
2804785,2414
2804786,2328
2804787,2328
2804788,2328
2804789,2328
2804790,2328
2804791,2328
2804792,2328
2804793,1850
2804796,2323
2804797,2323
2804798,2323
2804799,2323
2804800,2323
2804801,2302
2804802,2302
2804803,2302
2804804,2302
2804805,2302
2804806,2302
2804807,2302
2804808,2302
2804809,1756
2804810,1756
2804811,1756
2804812,2200
2804813,2200
2804814,2200
2804815,2200
2804817,1639
2804818,1639
2804819,1639
2804820,1639
2804821,1639
2804823,1639
2804825,1752
2804829,1752
2804830,1752
2804831,1741
2804832,1741
2804833,1741
2804834,1741
2804835,1741
2804837,1741
2804839,1615
2804841,2013
2804842,2013
2804857,1814
2804858,1814
2804859,1814
2804862,2115
2804863,2115
2804865,2115
2804866,2115
2804867,2115
2804868,2115
2804869,2248
2804870,2248
2804871,2248
2804876,2269
2804877,2269
2804878,2269
2804879,2269
2804880,2269
2804881,2269
2804882,2269
2804883,2269
2804885,2308
2804886,2308
2804887,2308
2804888,2308
2804889,2308
2804897,1865
2804898,1865
2804899,2399
2804900,2399
2804901,2399
2804902,2399
2804903,2399
2804904,2399
2804905,2399
2804906,2434
2804907,2434
2804908,2434
2804909,2434
2804910,2434
2804911,2434
2804912,2434
2804913,2434
2804914,2513
2804915,2513
2804916,2513
2804917,2513
2804918,2513
2804919,2513
2804920,2513
2804921,2611
2804922,2611
2804923,2611
2804924,2611
2804925,2611
2804926,2611
2804928,2112
2804929,2238
2804930,2238
2808723,2745
2808725,2900
2808726,2900
2808727,2900
2808728,2900
2808729,2900
2808730,2900
2808731,2173
2808931,2416
2808932,2416
2808933,2416
2808934,2471
2808935,2471
2808960,2468
2808961,2468
2808962,2468
2808963,2468
2808966,2491
2808972,2084
2808973,2084
2808974,2084
2808978,2084
2808979,2138
2808980,2138
2808981,2138
2808983,2138
2808988,2615
2808989,2615
2808990,2615
2808993,2615
2809009,2548
2809010,2548
2809011,2548
2809012,2111
2809013,2111
2809014,2111
2809015,2548
2809016,2484
2809017,2059
2809019,2484
2809020,2484
2809026,1884
2809027,1884
2809030,1884
2809031,1806
2809032,1806
2809035,1806
2809036,1806
2809037,1806
2809045,1832
2809046,1908
2809047,1908
2809048,1908
2809049,1908
2809050,1908
2809051,1908
2809052,1908
2809053,1908
2809054,1919
2809055,1919
2809056,1919
2809057,2387
2809058,1919
2809059,1919
2809060,1919
2809061,1956
2809062,1956
2809063,1956
2809064,2444
2809065,2444
2809066,2444
2809067,2444
2809068,2444
2809069,2475
2809070,2475
2809072,2475
2809073,2475
2809074,2475
2809075,2475
2809076,2494
2809077,2494
2809078,2494
2809079,2494
2809080,2494
2809081,2494
2809082,2459
2809083,2459
2809084,2446
2809085,2446
2809086,2446
2809087,2446
2809088,2446
2809089,2446
2809090,2446
2809091,2386
2809092,2386
2809093,2386
2809094,2386
2809095,2386
2809096,2386
2809097,2386
2809098,2386
2809099,2414
2809100,2414
2809101,2414
2809102,2414
2809103,2414
2809104,2414
2809105,2414
2809106,2328
2809107,2328
2809108,2328
2809109,2328
2809110,2328
2809111,2328
2809112,2328
2809113,2328
2809114,2323
2809115,2323
2809116,2323
2809117,2323
2809118,2323
2809119,2323
2809120,2323
2809121,2302
2809122,2302
2809123,2302
2809124,2302
2809125,2302
2809126,2302
2809127,2302
2809128,2302
2809129,2200
2809130,2200
2809131,2200
2809132,2200
2809133,2200
2809134,2200
2809135,1756
2809136,1639
2809137,1639
2809138,1639
2809139,2046
2809140,1639
2809141,1639
2809142,1639
2809145,1752
2809146,1752
2809147,1752
2809148,1752
2809149,1752
2809150,2196
2809151,1741
2809152,1741
2809153,2179
2809154,2179
2809176,1814
2809177,1814
2809178,1814
2809180,1814
2809182,2115
2809183,2115
2809184,2115
2809185,2115
2809186,2115
2809187,2115
2809188,2115
2809189,2248
2809190,2248
2809191,2248
2809192,2248
2809194,2248
2809195,2248
2809196,2269
2809197,2269
2809198,2269
2809199,2269
2809200,2269
2809201,2269
2809202,2269
2809203,2269
2809204,2308
2809205,2308
2809206,2308
2809207,2308
2809208,2308
2809217,1865
2809218,1865
2809219,2399
2809220,2399
2809221,2399
2809222,2399
2809223,2399
2809224,2399
2809225,2399
2809226,2434
2809227,2434
2809228,2434
2809229,2434
2809230,2434
2809231,2434
2809232,2434
2809233,2434
2809234,2513
2809235,2513
2809236,2513
2809237,2513
2809238,2513
2809239,2513
2809240,2513
2809241,2611
2809242,2611
2809244,2611
2809245,2611
2809246,2611
2809248,2112
2809249,2238
2809250,2238
2813043,2547
2813046,2882
2813047,2882
2813048,2882
2813049,2882
2813050,2882
2813254,2567
2813255,2567
2813280,2513
2813281,2513
2813282,2513
2813283,2513
2813284,2564
2813285,2564
2813286,2564
2813292,2112
2813293,2112
2813294,2112
2813295,2112
2813299,2132
2813300,2585
2813301,2132
2813302,2132
2813303,2585
2813304,2585
2813305,2585
2813306,2165
2813307,2165
2813308,2626
2813309,2626
2813313,2626
2813314,2623
2813315,2623
2813325,2180
2813328,2631
2813329,2630
2813330,2630
2813331,2630
2813332,2630
2813333,2180
2813334,2180
2813335,2180
2813336,2604
2813337,2157
2813346,2037
2813347,2037
2813348,2037
2813350,2037
2813365,1969
2813366,1978
2813367,1978
2813368,1978
2813369,1978
2813370,1978
2813371,1978
2813372,1978
2813373,1978
2813374,2477
2813375,1987
2813376,1987
2813377,1987
2813378,1987
2813379,1987
2813380,1987
2813381,2029
2813382,2029
2813383,2029
2813384,2539
2813385,2539
2813386,2539
2813387,2539
2813388,2539
2813389,2586
2813390,2586
2813391,2586
2813392,2586
2813393,2586
2813394,2586
2813395,2586
2813396,2580
2813397,2580
2813398,2580
2813399,2580
2813400,2069
2813401,2545
2813402,2545
2813403,2545
2813404,2478
2813405,2478
2813406,2478
2813407,2478
2813408,2478
2813409,2478
2813410,2478
2813411,2422
2813412,2422
2813413,2422
2813414,2422
2813415,2422
2813416,2422
2813417,2422
2813418,2422
2813419,2438
2813420,2438
2813421,2438
2813422,2438
2813423,2438
2813424,2438
2813426,2337
2813428,2337
2813429,2337
2813430,2337
2813431,2337
2813432,2337
2813433,2337
2813434,2328
2813435,2328
2813436,2328
2813437,2328
2813438,2328
2813439,2328
2813440,2328
2813441,2287
2813442,2287
2813443,2287
2813444,2287
2813445,2287
2813446,2287
2813447,2287
2813448,2287
2813449,2179
2813450,2179
2813451,2179
2813452,2179
2813453,2179
2813454,1743
2813455,1743
2813456,2268
2813457,2268
2813458,2268
2813459,2268
2813461,1808
2813462,1808
2813463,2268
2813464,2269
2813465,1798
2813466,1798
2813467,1798
2813468,1798
2813469,1798
2813470,2269
2813471,1896
2813472,1522
2813473,1896
2813474,1522
2813486,1881
2813494,1721
2813495,1721
2813497,1721
2813498,2164
2813500,2164
2813501,2317
2813503,2317
2813504,2317
2813505,2317
2813506,2317
2813507,2317
2813508,2317
2813509,2363
2813510,2363
2813511,2363
2813512,2363
2813513,2363
2813514,2363
2813515,2363
2813516,2402
2813517,2402
2813518,2402
2813519,2402
2813520,2402
2813521,2402
2813522,2402
2813523,2402
2813524,2427
2813525,2427
2813527,2427
2813535,1928
2813536,1928
2813537,1928
2813538,1928
2813539,2466
2813540,2466
2813541,2466
2813542,2466
2813543,2466
2813544,2466
2813545,2466
2813546,2498
2813547,2498
2813548,2498
2813549,2498
2813550,2498
2813551,2498
2813552,2498
2813553,2498
2813554,2608
2813555,2608
2813556,2608
2813557,2608
2813558,2608
2813559,2608
2813560,2608
2813561,2770
2813562,2770
2813563,2770
2813564,2770
2813565,2770
2813566,2770
2817600,2513
2817601,2513
2817602,2513
2817603,2513
2817604,2564
2817605,2564
2817606,2564
2817607,2109
2817611,2112
2817613,2112
2817614,2112
2817615,2112
2817616,2562
2817620,2132
2817621,2585
2817622,2585
2817623,2132
2817624,2132
2817625,2132
2817626,2165
2817627,2165
2817628,2626
2817632,2626
2817634,2623
2817635,2623
2817644,2631
2817645,2631
2817649,2630
2817650,2630
2817651,2630
2817652,2630
2817653,2180
2817654,2180
2817655,2180
2817656,2604
2817657,2157
2817659,2604
2817660,2157
2817666,2037
2817667,2037
2817668,2037
2817669,2037
2817670,2037
2817672,2460
2817673,2460
2817674,2460
2817676,1986
2817677,1986
2817685,1969
2817686,1978
2817688,1978
2817689,1978
2817690,1978
2817691,1978
2817692,1978
2817693,1978
2817694,1987
2817695,1987
2817696,1987
2817697,1987
2817698,1987
2817699,1987
2817700,1987
2817701,2029
2817702,2029
2817703,2539
2817704,2539
2817705,2539
2817706,2539
2817707,2539
2817708,2539
2817709,2586
2817710,2586
2817711,2586
2817712,2586
2817713,2586
2817714,2586
2817715,2586
2817716,2580
2817717,2580
2817718,2580
2817719,2580
2817720,2580
2817721,2545
2817722,2545
2817723,2545
2817724,2478
2817725,2478
2817726,2478
2817727,2478
2817728,2478
2817729,2478
2817730,2478
2817731,2422
2817732,2422
2817733,2422
2817734,2422
2817735,2422
2817736,2422
2817737,2422
2817738,2422
2817739,2438
2817740,2438
2817741,2438
2817742,2438
2817743,2438
2817746,2337
2817747,2337
2817748,1857
2817750,2337
2817752,2337
2817753,2337
2817754,2328
2817755,2328
2817756,2328
2817757,2328
2817758,2328
2817759,2328
2817760,2328
2817761,2287
2817762,2287
2817763,2287
2817764,2287
2817765,2287
2817766,2287
2817767,2287
2817768,2287
2817769,2179
2817770,2179
2817771,2179
2817772,2179
2817773,1743
2817774,2179
2817775,1743
2817776,2268
2817777,2268
2817778,2268
2817779,1808
2817780,1808
2817781,1808
2817782,1808
2817783,2268
2817784,2269
2817785,2269
2817786,2269
2817787,2269
2817788,2269
2817789,1798
2817790,2269
2817791,1896
2817792,1522
2817803,1413
2817804,1413
2817807,1508
2817814,1721
2817815,1721
2817817,1721
2817818,2164
2817819,2164
2817820,2164
2817823,2317
2817824,2317
2817825,2317
2817827,2317
2817828,2317
2817829,2363
2817830,2363
2817831,2363
2817832,2363
2817833,2363
2817834,2363
2817835,2363
2817836,2402
2817837,2402
2817838,2402
2817839,2402
2817840,2402
2817841,2402
2817842,2402
2817843,2402
2817844,2427
2817845,2427
2817846,2427
2817847,2427
2817850,2427
2817851,2438
2817853,1928
2817854,1928
2817855,1928
2817856,1928
2817857,2438
2817858,2438
2817859,2466
2817860,2466
2817862,2466
2817863,2466
2817864,2466
2817865,2466
2817866,2498
2817867,2498
2817868,2498
2817869,2498
2817870,2498
2817871,2498
2817872,2498
2817873,2498
2817874,2608
2817875,2608
2817876,2608
2817877,2608
2817881,2770
2817882,2770
2817883,2770
2817884,2770
2817885,2770
2817886,2770
2817887,2770
2817888,2770
2821684,2882
2821685,2882
2821902,2568
2821905,2568
2821906,2568
2821907,2568
2821908,2568
2821909,2580
2821910,2580
2821911,2580
2821912,2580
2821913,2580
2821920,2513
2821921,2513
2821922,2513
2821923,2513
2821924,2564
2821925,2564
2821926,2564
2821927,2564
2821930,2109
2821931,2112
2821934,2112
2821936,2112
2821937,2562
2821938,2562
2821939,2585
2821940,2585
2821941,2132
2821942,2585
2821943,2132
2821944,2132
2821945,2132
2821946,2165
2821947,2165
2821952,2626
2821953,2626
2821954,2623
2821965,2631
2821967,2631
2821969,2630
2821970,2630
2821971,2630
2821972,2630
2821973,2630
2821974,2630
2821975,2630
2821976,2157
2821977,2604
2821978,2604
2821979,2604
2821980,2604
2821981,2604
2821982,2604
2821983,2604
2821984,2549
2821985,2113
2821986,2037
2821987,2037
2821988,2037
2821989,2037
2821990,2520
2821991,2460
2821992,2460
2821993,2460
2821994,2460
2821995,2460
2821996,2460
2821997,2460
2821998,1986
2821999,2438
2822000,1969
2822001,1969
2822003,1969
2822004,1969
2822005,1969
2822008,1978
2822009,1978
2822010,1978
2822011,1978
2822012,1978
2822013,1978
2822014,1987
2822016,1987
2822017,1987
2822018,1987
2822019,1987
2822020,1987
2822021,2029
2822022,2029
2822023,2539
2822024,2539
2822025,2539
2822026,2539
2822027,2539
2822028,2539
2822029,2586
2822030,2586
2822031,2070
2822032,2586
2822033,2586
2822034,2586
2822035,2586
2822036,2580
2822037,2580
2822038,2580
2822039,2069
2822040,2069
2822041,2545
2822042,2545
2822043,2545
2822044,2478
2822045,2478
2822046,2478
2822047,2478
2822048,2478
2822049,2478
2822050,2478
2822051,2422
2822052,2422
2822053,2422
2822054,2422
2822055,2422
2822056,2422
2822057,2422
2822058,2422
2822059,2438
2822060,2438
2822061,2438
2822062,2438
2822063,2438
2822064,2438
2822065,2438
2822066,2337
2822072,1857
2822073,2337
2822074,2328
2822075,2328
2822076,2328
2822077,2328
2822078,2328
2822079,2328
2822080,2328
2822081,2287
2822082,2287
2822083,2287
2822084,2287
2822085,2287
2822086,2287
2822087,2287
2822088,2287
2822089,2179
2822090,2179
2822091,2179
2822092,2179
2822094,2179
2822096,2268
2822097,2268
2822098,2268
2822099,1808
2822100,1808
2822101,2268
2822102,2268
2822103,2268
2822104,2269
2822105,2269
2822106,2269
2822107,2269
2822108,2269
2822109,2269
2822110,2269
2822123,1413
2822124,1413
2822125,1413
2822129,1508
2822140,2164
2822141,2317
2822142,2317
2822143,2317
2822144,2317
2822145,2317
2822146,2317
2822150,2363
2822151,2363
2822152,2363
2822153,2363
2822154,2363
2822155,2363
2822156,2402
2822157,2402
2822158,2402
2822159,2402
2822160,2402
2822161,2402
2822162,2402
2822163,2402
2822164,2427
2822165,2427
2822166,2427
2822167,2427
2822168,2427
2822170,2427
2822171,2438
2822172,2438
2822173,2438
2822174,2438
2822175,2438
2822176,2438
2822177,2438
2822178,2438
2822179,2466
2822180,2466
2822183,2466
2822184,2466
2822185,2466
2822186,2498
2822187,2498
2822188,2498
2822189,2498
2822190,2498
2822191,2498
2822192,2498
2822193,2498
2822194,2608
2822195,2608
2822196,2608
2822197,2608
2822198,2608
2822200,2608
2822201,2770
2822202,2770
2822203,2770
2822204,2770
2822205,2770
2822206,2770
2822207,2770
2822208,2770
2826005,2882
2826006,2882
2826007,2882
2826008,2882
2826009,2882
2826010,2882
2826221,2568
2826222,2568
2826223,2568
2826224,2568
2826225,2568
2826226,2568
2826227,2568
2826228,2568
2826229,2580
2826230,2580
2826231,2580
2826240,2513
2826241,2513
2826242,2513
2826243,2513
2826244,2564
2826245,2564
2826246,2564
2826247,2564
2826257,2562
2826258,2562
2826259,2585
2826260,2585
2826261,2132
2826262,2132
2826263,2585
2826264,2585
2826265,2585
2826266,2165
2826274,2623
2826275,2623
2826276,2623
2826277,2623
2826278,2623
2826279,2623
2826280,2623
2826287,2631
2826289,2630
2826290,2630
2826291,2630
2826292,2630
2826293,2630
2826294,2630
2826295,2630
2826296,2157
2826297,2604
2826298,2604
2826299,2604
2826300,2604
2826301,2604
2826302,2604
2826303,2604
2826304,2549
2826305,2549
2826306,2549
2826307,2520
2826308,2520
2826309,2520
2826310,2520
2826311,2460
2826312,2460
2826313,2460
2826314,2460
2826315,2460
2826316,2460
2826317,2460
2826318,2460
2826319,2438
2826320,2438
2826321,2438
2826322,2438
2826323,2438
2826324,2438
2826325,2438
2826326,1978
2826328,1978
2826329,2451
2826330,2451
2826331,2451
2826332,2451
2826333,1978
2826334,1987
2826335,1987
2826337,1987
2826338,1987
2826339,1987
2826340,1987
2826343,2539
2826344,2539
2826345,2539
2826346,2539
2826347,2539
2826348,2539
2826349,2586
2826350,2586
2826351,2070
2826352,2586
2826353,2586
2826354,2586
2826355,2586
2826356,2580
2826357,2580
2826358,2069
2826359,2014
2826360,2545
2826361,2545
2826362,2545
2826363,2545
2826364,2478
2826365,2478
2826366,2478
2826367,2478
2826368,2478
2826369,2478
2826370,2478
2826371,2422
2826372,2422
2826373,2422
2826374,2422
2826375,2422
2826376,2422
2826377,2422
2826378,2422
2826379,2438
2826380,2438
2826381,2438
2826382,2438
2826383,2438
2826384,2438
2826385,2438
2826386,2337
2826387,2337
2826388,1857
2826390,1857
2826391,1857
2826392,1857
2826393,2337
2826394,2328
2826395,2328
2826396,2328
2826397,2328
2826398,2328
2826399,2328
2826400,2328
2826401,2287
2826402,2287
2826403,2287
2826404,2287
2826405,2287
2826406,2287
2826407,2287
2826408,2287
2826409,1743
2826410,1743
2826411,1743
2826412,1743
2826413,1743
2826415,2179
2826416,2268
2826417,2268
2826418,1808
2826419,1808
2826420,1808
2826421,2268
2826422,2268
2826423,2268
2826424,2269
2826425,2269
2826426,2269
2826427,2269
2826428,2269
2826439,1413
2826445,1413
2826448,1508
2826449,1508
2826450,1508
2826451,1881
2826458,1721
2826459,2164
2826460,2164
2826461,2317
2826462,2317
2826463,2317
2826464,2317
2826465,2317
2826466,1839
2826469,2363
2826470,2363
2826471,2363
2826472,2363
2826473,2363
2826474,2363
2826475,2363
2826476,2402
2826477,2402
2826478,2402
2826479,2402
2826480,2402
2826481,2402
2826482,2402
2826486,2427
2826487,2427
2826488,2427
2826489,2427
2826490,2427
2826491,2438
2826492,2438
2826493,2438
2826494,2438
2826495,2438
2826496,2438
2826497,2438
2826498,2438
2826499,2466
2826500,2466
2826502,2466
2826503,2466
2826504,2466
2826505,2466
2826506,2498
2826507,2498
2826508,2498
2826509,2498
2826510,2498
2826511,2498
2826512,2498
2826513,2498
2826514,2608
2826515,2608
2826516,2608
2826517,2608
2826518,2608
2826519,2608
2826520,2608
2826521,2770
2826522,2770
2826523,2770
2826524,2770
2826525,2770
2826526,2770
2826527,2770
2830326,2882
2830327,2882
2830328,2882
2830541,2568
2830542,2568
2830543,2568
2830544,2568
2830545,2568
2830546,2568
2830547,2568
2830548,2568
2830549,2580
2830560,2513
2830561,2513
2830562,2513
2830563,2513
2830564,2564
2830565,2564
2830566,2564
2830567,2564
2830577,2562
2830578,2562
2830579,2585
2830580,2585
2830582,2585
2830583,2585
2830584,2585
2830585,2585
2830586,2165
2830588,2626
2830594,2623
2830595,2623
2830596,2623
2830597,2623
2830598,2623
2830599,2623
2830602,2631
2830603,2631
2830610,2630
2830611,2630
2830612,2630
2830613,2630
2830614,2630
2830615,2630
2830616,2157
2830617,2604
2830618,2604
2830619,2604
2830620,2604
2830621,2604
2830622,2604
2830623,2604
2830624,2549
2830625,2549
2830626,2549
2830627,2520
2830628,2520
2830629,2520
2830630,2520
2830631,2460
2830632,2460
2830633,2460
2830634,2460
2830635,2460
2830636,2460
2830637,2460
2830638,1986
2830639,2438
2830640,2438
2830641,2438
2830642,2438
2830643,2438
2830644,2438
2830645,2438
2830646,1978
2830647,1978
2830648,2451
2830649,2451
2830650,2451
2830651,2451
2830652,2451
2830653,2451
2830654,2477
2830655,2477
2830656,1987
2830657,1987
2830658,1987
2830659,1987
2830661,2029
2830662,2029
2830663,2539
2830664,2539
2830665,2539
2830666,2539
2830667,2539
2830668,2539
2830669,2586
2830670,2586
2830671,2070
2830672,2586
2830673,2586
2830674,2586
2830675,2586
2830676,2580
2830677,2580
2830678,2069
2830679,2014
2830680,2014
2830681,2014
2830682,2014
2830683,2014
2830684,2478
2830685,2478
2830686,2478
2830687,2478
2830688,2478
2830689,2478
2830690,2478
2830691,2422
2830692,2422
2830693,2422
2830694,2422
2830695,2422
2830696,2422
2830697,2422
2830698,2422
2830699,2438
2830700,2438
2830701,2438
2830702,2438
2830703,2438
2830704,2438
2830705,2438
2830706,2337
2830707,2337
2830708,2337
2830709,2337
2830710,2337
2830711,2337
2830712,2337
2830713,2337
2830714,2328
2830715,2328
2830716,2328
2830717,2328
2830718,2328
2830719,2328
2830720,2328
2830721,2287
2830722,2287
2830723,2287
2830724,1826
2830725,2287
2830726,2287
2830727,2287
2830728,2287
2830729,2179
2830730,1743
2830731,1743
2830732,1743
2830733,1743
2830735,2179
2830736,2268
2830737,1808
2830738,1808
2830739,1808
2830740,2268
2830741,2268
2830742,2268
2830743,2268
2830744,2269
2830745,2269
2830746,2269
2830747,2269
2830748,2269
2830768,1881
2830769,1881
2830770,1881
2830771,1881
2830774,1721
2830778,2164
2830779,2164
2830780,2164
2830781,2317
2830782,2317
2830783,2317
2830784,2317
2830785,2317
2830786,2317
2830787,2317
2830788,2317
2830789,2363
2830790,2363
2830791,2363
2830792,2363
2830793,2363
2830794,2363
2830795,2363
2830797,2402
2830798,2402
2830802,2402
2830803,2402
2830804,2427
2830805,2427
2830806,2427
2830807,2427
2830808,2427
2830809,2427
2830810,2427
2830811,2438
2830812,2438
2830813,2438
2830814,2438
2830815,2438
2830816,2438
2830817,1928
2830818,1928
2830820,2466
2830821,2466
2830822,2466
2830823,2466
2830824,2466
2830825,2466
2830826,2498
2830827,2498
2830828,2498
2830829,2498
2830830,2498
2830831,2498
2830832,2498
2830833,2498
2830834,2608
2830835,2608
2830836,2608
2830837,2608
2830838,2608
2830839,2608
2830840,2608
2830841,2770
2830844,2770
2830845,2770
2830846,2770
2834650,2882
2834652,2404
2834653,2404
2834654,2404
2834861,2568
2834862,2568
2834863,2568
2834864,2568
2834865,2568
2834866,2568
2834867,2568
2834868,2568
2834869,2580
2834872,2580
2834873,2580
2834880,2513
2834881,2513
2834882,2513
2834883,2513
2834884,2564
2834885,2564
2834886,2564
2834887,2564
2834897,2562
2834898,2562
2834899,2585
2834900,2585
2834903,2585
2834904,2585
2834905,2585
2834906,2626
2834908,2626
2834909,2626
2834910,2626
2834915,2623
2834916,2623
2834917,2623
2834922,2631
2834923,2631
2834924,2631
2834925,2631
2834927,2631
2834928,2631
2834930,2630
2834931,2630
2834932,2630
2834933,2630
2834934,2630
2834935,2630
2834936,2604
2834937,2157
2834938,2604
2834939,2604
2834940,2604
2834941,2604
2834942,2604
2834943,2604
2834944,2549
2834945,2549
2834946,2549
2834947,2520
2834948,2520
2834949,2520
2834950,2520
2834951,2460
2834952,2460
2834953,2460
2834954,2460
2834955,2460
2834956,2460
2834957,1986
2834958,1986
2834959,1969
2834961,1969
2834962,1969
2834963,2438
2834964,2438
2834965,2438
2834966,2451
2834967,2451
2834968,2451
2834969,2451
2834970,2451
2834971,2451
2834972,2451
2834973,2451
2834974,2477
2834975,1987
2834976,1987
2834977,1987
2834978,1987
2834979,1987
2834980,1987
2834981,2029
2834982,2029
2834983,2539
2834984,2539
2834985,2539
2834986,2539
2834987,2539
2834988,2539
2834989,2586
2834990,2586
2834991,2586
2834992,2586
2834993,2586
2834994,2586
2834995,2586
2834996,2580
2834997,2580
2834998,2069
2834999,2014
2835000,2014
2835001,2014
2835002,2014
2835003,2014
2835004,2478
2835005,2478
2835006,2478
2835007,2478
2835008,2478
2835009,2478
2835010,2478
2835011,2422
2835012,2422
2835013,2422
2835014,2422
2835015,2422
2835016,2422
2835017,2422
2835018,2422
2835019,2438
2835020,2438
2835021,2438
2835022,2438
2835023,2438
2835024,2438
2835025,2438
2835026,2337
2835027,2337
2835028,2337
2835029,2337
2835030,2337
2835031,2337
2835032,2337
2835033,2337
2835034,2328
2835035,2328
2835036,2328
2835037,2328
2835038,2328
2835039,2328
2835040,2328
2835041,2287
2835042,1826
2835043,1826
2835044,1826
2835045,2287
2835046,2287
2835047,2287
2835048,2287
2835049,1743
2835050,1743
2835051,1743
2835053,1743
2835054,2179
2835055,2179
2835057,1808
2835059,1808
2835060,1808
2835062,2268
2835063,2268
2835064,2269
2835065,2269
2835066,2269
2835067,1798
2835068,2269
2835079,1413
2835087,1881
2835088,1881
2835089,1881
2835090,1881
2835091,1881
2835095,1721
2835098,1721
2835099,2164
2835100,2164
2835101,2317
2835102,2317
2835103,2317
2835104,2317
2835105,2317
2835112,2363
2835113,2363
2835114,2363
2835116,2402
2835118,2402
2835119,2402
2835120,2402
2835121,2402
2835122,2402
2835123,2402
2835124,2427
2835125,2427
2835126,2427
2835127,2427
2835128,2427
2835129,2427
2835130,2427
2835131,2438
2835132,2438
2835133,2438
2835134,2438
2835135,2438
2835136,2438
2835137,2438
2835138,1928
2835139,1952
2835140,2466
2835141,2466
2835142,2466
2835143,2466
2835144,2466
2835145,2466
2835146,2498
2835147,2498
2835148,2498
2835149,2498
2835150,2498
2835151,2498
2835152,2498
2835153,2498
2835154,2608
2835155,2608
2835156,2608
2835157,2608
2835158,2608
2835159,2608
2835160,2608
2835161,2770
2838968,2390
2838970,2390
2838971,2278
2838972,2278
2838973,2278
2838974,2278
2839181,2611
2839182,2611
2839183,2611
2839184,2611
2839185,2611
2839186,2611
2839187,2611
2839188,2611
2839189,2718
2839192,2718
2839193,2718
2839200,2638
2839201,2638
2839202,2638
2839203,2638
2839204,2657
2839205,2657
2839206,2657
2839207,2657
2839217,2658
2839218,2658
2839219,2669
2839220,2669
2839222,2669
2839223,2669
2839224,2669
2839225,2669
2839228,2683
2839229,2683
2839230,2683
2839242,2654
2839243,2654
2839248,2654
2839249,2656
2839250,2656
2839251,2656
2839252,2656
2839253,2656
2839254,2656
2839255,2656
2839256,2620
2839257,2620
2839258,2620
2839259,2620
2839260,2620
2839261,2620
2839262,2159
2839263,2159
2839264,2131
2839265,2131
2839266,2131
2839267,2557
2839268,2557
2839269,2557
2839270,2557
2839271,2512
2839272,2512
2839273,2512
2839274,2017
2839275,2017
2839279,2024
2839280,2523
2839281,2523
2839282,2523
2839283,2523
2839284,2523
2839285,2523
2839286,2591
2839287,2591
2839288,2591
2839289,2591
2839290,2591
2839291,2591
2839292,2591
2839293,2591
2839294,2614
2839295,2097
2839296,2097
2839297,2097
2839298,2097
2839299,2097
2839300,2097
2839301,2104
2839302,2104
2839303,2104
2839304,2629
2839305,2629
2839306,2629
2839307,2629
2839308,2629
2839309,2653
2839310,2653
2839311,2122
2839312,2653
2839313,2653
2839314,2653
2839315,2653
2839316,2633
2839317,2633
2839318,2110
2839319,2055
2839320,2055
2839321,2055
2839322,2055
2839323,2055
2839324,2516
2839325,2516
2839326,2516
2839327,2516
2839328,2516
2839329,2516
2839330,2516
2839331,2497
2839332,2497
2839333,2497
2839334,2497
2839335,2497
2839336,2497
2839337,2497
2839338,2497
2839339,2497
2839340,2497
2839341,2497
2839342,2497
2839343,2497
2839344,2497
2839345,2497
2839346,2405
2839347,2405
2839348,2405
2839349,2405
2839350,2405
2839351,2405
2839352,2405
2839353,2405
2839354,2392
2839355,2392
2839356,2392
2839357,2392
2839358,2392
2839359,2392
2839360,2392
2839361,2340
2839362,2340
2839363,1865
2839364,2340
2839365,2340
2839366,2340
2839367,2340
2839368,2340
2839369,2265
2839370,1804
2839371,1804
2839373,2265
2839374,2265
2839379,1878
2839380,2374
2839382,2374
2839383,2374
2839384,1690
2839385,1690
2839393,1929
2839398,1551
2839399,1607
2839406,2202
2839407,2202
2839408,2202
2839413,1755
2839414,1892
2839415,1892
2839416,2388
2839417,2388
2839418,2388
2839419,2388
2839420,2388
2839421,2453
2839422,2453
2839423,2453
2839424,1938
2839426,1938
2839432,2461
2839433,2461
2839434,2461
2839436,2536
2839437,2536
2839438,2536
2839439,2536
2839440,2536
2839441,2536
2839442,2536
2839443,2536
2839444,2540
2839448,2540
2839449,2540
2839452,2549
2839453,2549
2839454,2549
2839456,2549
2839457,2549
2839458,2549
2839459,2519
2839460,2519
2839461,2519
2839462,2519
2839463,2519
2839464,2519
2839465,2519
2839466,2632
2839467,2632
2839468,2632
2839469,2632
2839470,2632
2839471,2632
2839472,2632
2839473,2632
2839474,2787
2839475,2787
2839476,2787
2839477,2787
2839478,2787
2839479,2787
2839480,2787
2839481,3002
2843288,2390
2843290,2390
2843291,2278
2843292,2278
2843293,2278
2843447,1761
2843448,1761
2843486,2467
2843487,2467
2843488,2467
2843489,2467
2843490,2467
2843491,2467
2843492,2467
2843493,2467
2843494,2534
2843495,2534
2843496,2534
2843498,2534
2843499,2534
2843500,2534
2843520,2638
2843521,2638
2843522,2638
2843523,2638
2843524,2657
2843525,2657
2843526,2657
2843527,2657
2843537,2658
2843538,2658
2843539,2669
2843540,2669
2843541,2669
2843542,2669
2843543,2669
2843544,2669
2843545,2669
2843548,2683
2843549,2683
2843550,2683
2843551,2683
2843568,2654
2843569,2656
2843570,2656
2843571,2656
2843572,2656
2843573,2656
2843574,2656
2843575,2656
2843576,2620
2843577,2620
2843578,2620
2843579,2620
2843580,2620
2843581,2159
2843582,2159
2843583,2159
2843584,2131
2843585,2131
2843586,2131
2843587,2557
2843588,2557
2843589,2557
2843590,2052
2843591,2512
2843592,2512
2843593,2017
2843594,2017
2843596,2512
2843597,2512
2843598,2512
2843599,2523
2843600,2523
2843601,2523
2843602,2523
2843603,2523
2843604,2523
2843605,2523
2843606,2591
2843607,2591
2843608,2591
2843609,2591
2843610,2591
2843611,2591
2843612,2591
2843613,2591
2843614,2614
2843615,2097
2843616,2097
2843617,2097
2843618,2097
2843619,2097
2843620,2097
2843621,2629
2843622,2629
2843623,2629
2843624,2629
2843625,2629
2843626,2629
2843627,2104
2843628,2104
2843629,2122
2843630,2122
2843631,2122
2843632,2122
2843633,2122
2843634,2122
2843635,2653
2843636,2633
2843637,2110
2843638,2110
2843639,2055
2843641,2055
2843642,2055
2843643,2055
2843644,2516
2843645,2516
2843646,2516
2843647,2516
2843648,2516
2843649,2516
2843650,2516
2843651,2497
2843652,2497
2843653,2497
2843654,2497
2843655,2497
2843656,2497
2843657,2497
2843658,2497
2843659,2497
2843660,2497
2843661,2497
2843662,2497
2843663,2497
2843664,2497
2843665,2497
2843666,2405
2843667,2405
2843668,2405
2843669,2405
2843670,2405
2843671,2405
2843672,2405
2843673,2405
2843674,2392
2843675,2392
2843676,2392
2843677,2392
2843678,2392
2843679,2392
2843680,2392
2843681,2340
2843682,2340
2843683,2340
2843684,2340
2843685,2340
2843686,2340
2843687,2340
2843688,2340
2843690,2265
2843691,2265
2843692,2265
2843693,2265
2843694,2265
2843699,1878
2843700,2374
2843701,2374
2843702,2374
2843703,1878
2843704,1690
2843709,2122
2843712,1929
2843713,1929
2843714,1551
2843718,1551
2843719,1607
2843726,2202
2843727,2202
2843729,2258
2843730,2258
2843732,2258
2843733,2258
2843734,2451
2843735,2451
2843736,2451
2843737,2451
2843738,2451
2843739,2451
2843740,2451
2843741,2520
2843742,2520
2843743,2520
2843744,2520
2843745,2520
2843746,2520
2843753,2461
2843754,2461
2843755,2461
2843756,2536
2843757,2536
2843758,2536
2843759,1989
2843760,1989
2843761,1989
2843762,1989
2843763,1989
2843764,1999
2843773,2549
2843774,2549
2843776,2549
2843777,2549
2843778,2549
2843779,2519
2843780,2519
2843781,2519
2843782,2519
2843783,2519
2843784,2519
2843785,2519
2843786,2632
2843787,2632
2843788,2632
2843789,2632
2843790,2632
2843791,2632
2843792,2632
2843793,2632
2843794,2787
2843795,2787
2843796,2787
2843797,2787
2843798,2787
2843799,2787
2843800,2787
2847612,2278
2847613,2278
2847767,1761
2847806,2467
2847807,2467
2847808,2467
2847809,2467
2847810,2467
2847811,2467
2847812,2467
2847813,2467
2847814,2534
2847815,2534
2847816,2534
2847818,2534
2847819,2534
2847820,2534
2847842,2638
2847856,2658
2847857,2658
2847858,2658
2847859,2669
2847860,2669
2847861,2669
2847862,2669
2847863,2669
2847864,2669
2847865,2669
2847868,2683
2847869,2683
2847870,2683
2847871,2683
2847872,2683
2847887,2654
2847888,2654
2847889,2656
2847890,2656
2847891,2656
2847892,2656
2847893,2656
2847894,2656
2847895,2656
2847896,2620
2847897,2620
2847898,2620
2847899,2620
2847900,2620
2847901,2159
2847902,2159
2847903,2159
2847904,2131
2847905,2131
2847906,2131
2847907,2557
2847908,2557
2847909,2557
2847910,2557
2847911,2017
2847912,2017
2847916,2512
2847917,2512
2847918,2512
2847919,2523
2847920,2523
2847921,2523
2847922,2523
2847923,2523
2847924,2523
2847925,2523
2847926,2591
2847927,2591
2847928,2591
2847929,2591
2847930,2591
2847931,2591
2847932,2591
2847933,2591
2847934,2614
2847937,2097
2847938,2097
2847939,2614
2847940,2614
2847941,2629
2847942,2629
2847943,2629
2847944,2629
2847945,2629
2847946,2629
2847947,2104
2847948,2104
2847949,2122
2847950,2122
2847951,2122
2847952,2122
2847953,2122
2847954,2122
2847955,2653
2847956,2110
2847957,2055
2847958,2055
2847959,2055
2847962,2055
2847963,2055
2847964,2516
2847965,2516
2847966,2516
2847967,2516
2847968,2516
2847969,2516
2847970,2516
2847971,2497
2847972,2497
2847973,2497
2847974,2497
2847975,2497
2847976,2497
2847977,2497
2847978,2497
2847979,2497
2847980,2497
2847981,1975
2847982,2497
2847983,2497
2847984,2497
2847985,2497
2847986,2405
2847987,2405
2847988,2405
2847989,2405
2847990,2405
2847991,2405
2847992,2405
2847993,2405
2847994,2392
2847995,2392
2847996,2392
2847997,2392
2847998,2392
2847999,2392
2848000,2392
2848001,2340
2848002,2340
2848003,2340
2848004,2340
2848005,2340
2848006,2340
2848007,2340
2848008,2340
2848009,2265
2848010,2265
2848011,2265
2848012,2265
2848013,2265
2848019,1878
2848020,2374
2848021,2374
2848022,2374
2848023,1878
2848024,1690
2848029,2122
2848030,2122
2848032,1551
2848033,1551
2848034,1551
2848039,1607
2848048,2258
2848049,2258
2848050,2258
2848052,2258
2848053,2258
2848054,2451
2848055,2451
2848056,2451
2848057,2451
2848058,2451
2848059,2451
2848060,2451
2848061,2520
2848063,2520
2848064,2520
2848065,2520
2848066,2520
2848067,2520
2848071,2461
2848072,2461
2848073,2461
2848074,2461
2848075,2461
2848076,2536
2848077,2536
2848078,2536
2848079,2536
2848080,2536
2848081,1989
2848082,1989
2848083,1989
2848084,1999
2848085,1999
2848086,2540
2848087,2540
2848088,2540
2848089,2540
2848090,2540
2848091,2549
2848093,2549
2848094,2549
2848095,2549
2848096,2549
2848097,2549
2848098,2549
2848099,2519
2848100,2519
2848101,2519
2848102,2519
2848103,2519
2848104,2519
2848105,2519
2848106,2632
2848107,2632
2848108,2632
2848109,2632
2848110,2632
2848111,2632
2848112,2632
2848113,2632
2848114,2787
2848115,2787
2848116,2787
2848117,2787
2848118,2787
2848119,2787
2848120,2787
2851913,1883
2851914,1883
2851984,3434
2852079,2064
2852119,2244
2852125,2483
2852126,2467
2852127,2467
2852128,2467
2852129,2467
2852131,2467
2852132,2467
2852133,2467
2852134,2534
2852176,2658
2852177,2658
2852178,2658
2852179,2669
2852180,2669
2852181,2669
2852184,2669
2852185,2669
2852186,2683
2852188,2683
2852189,2683
2852190,2683
2852191,2683
2852192,2683
2852193,2683
2852194,2655
2852195,2655
2852196,2655
2852207,2654
2852208,2654
2852209,2656
2852211,2656
2852212,2656
2852213,2656
2852214,2656
2852215,2656
2852216,2620
2852217,2620
2852218,2620
2852219,2620
2852220,2620
2852221,2159
2852222,2159
2852223,2159
2852224,2131
2852225,2131
2852227,2557
2852228,2557
2852229,2052
2852230,2557
2852231,2512
2852232,2017
2852238,2017
2852239,2024
2852241,2024
2852242,2024
2852243,2024
2852244,2523
2852245,2523
2852246,2085
2852247,2591
2852248,2591
2852249,2591
2852250,2591
2852251,2591
2852252,2591
2852253,2591
2852254,2614
2852259,2614
2852260,2614
2852261,2629
2852262,2629
2852263,2629
2852264,2629
2852265,2629
2852266,2104
2852267,2104
2852268,2104
2852269,2122
2852270,2122
2852271,2122
2852272,2122
2852273,2122
2852274,2122
2852275,2653
2852276,2305
2852277,2719
2852278,2305
2852279,2305
2852280,2305
2852281,2305
2852282,2305
2852283,2719
2852284,2633
2852285,2633
2852286,2633
2852287,2633
2852288,2633
2852289,2633
2852290,2633
2852291,2617
2852292,2617
2852293,2617
2852294,2617
2852295,2617
2852296,2617
2852297,2617
2852298,2617
2852299,2614
2852300,2614
2852302,2614
2852303,2614
2852304,2614
2852305,2614
2852306,2516
2852307,2516
2852308,2516
2852309,2516
2852310,2516
2852311,2516
2852312,2516
2852313,2516
2852314,2502
2852315,2502
2852316,2502
2852317,2502
2852318,2502
2852319,2502
2852320,2502
2852321,2446
2852322,2446
2852323,2446
2852324,2446
2852325,2446
2852328,2446
2852329,2368
2852330,2368
2852331,2368
2852332,2368
2852339,2486
2852340,2486
2852341,2486
2852342,2486
2852343,2486
2852368,2258
2852369,2258
2852370,2258
2852373,2258
2852374,2451
2852375,2451
2852377,2451
2852378,2451
2852379,2451
2852380,2451
2852381,2520
2852382,2520
2852383,2520
2852384,2520
2852385,2520
2852386,2520
2852387,2520
2852390,2461
2852391,2461
2852392,2461
2852393,2461
2852394,2461
2852395,2461
2852396,2536
2852397,2536
2852398,2536
2852399,2536
2852400,2536
2852401,2536
2852402,1989
2852403,1989
2852404,1999
2852405,2540
2852406,2540
2852407,2540
2852408,2540
2852409,2540
2852410,2540
2852411,2549
2852412,2549
2852413,2549
2852414,2549
2852415,2549
2852416,2549
2852417,2549
2852418,2549
2852419,2519
2852420,2519
2852421,2519
2852422,2519
2852423,2519
2852424,2519
2852425,2519
2852426,2632
2852427,2632
2852430,2632
2852431,2632
2852432,2632
2852433,2632
2852434,2787
2852436,2787
2852437,2787
2852438,2787
2852439,2787
2852440,2232
2852441,2451
2856304,3434
2856399,2064
2856437,2231
2856438,2231
2856439,2244
2856440,2244
2856442,2244
2856445,2483
2856446,2467
2856447,2467
2856448,2467
2856449,2467
2856450,2467
2856451,2467
2856452,2467
2856453,2467
2856456,2534
2856457,2534
2856458,2534
2856490,2657
2856493,2658
2856498,2658
2856499,2669
2856500,2669
2856501,2669
2856507,2683
2856508,2683
2856509,2683
2856510,2683
2856511,2683
2856512,2683
2856513,2683
2856514,2655
2856515,2655
2856516,2655
2856530,2656
2856531,2656
2856532,2656
2856533,2656
2856534,2656
2856535,2656
2856536,2620
2856537,2620
2856538,2620
2856539,2620
2856543,2159
2856544,2131
2856547,2052
2856549,2052
2856550,2557
2856551,2512
2856552,2017
2856563,2024
2856564,2024
2856565,2024
2856566,2085
2856569,2591
2856570,2591
2856571,2591
2856572,2591
2856573,2591
2856574,2614
2856577,2614
2856578,2614
2856579,2614
2856580,2614
2856581,2629
2856583,2629
2856584,2104
2856585,2629
2856586,2629
2856587,2104
2856588,2104
2856589,2122
2856590,2122
2856591,2122
2856592,2122
2856593,2122
2856594,2741
2856595,2122
2856596,2719
2856597,2719
2856598,2305
2856599,2305
2856600,2305
2856601,2305
2856602,2305
2856603,2719
2856604,2633
2856605,2633
2856606,2633
2856607,2633
2856608,2633
2856609,2633
2856610,2633
2856612,2617
2856613,2617
2856614,2214
2856615,2617
2856616,2617
2856617,2617
2856618,2617
2856620,2614
2856624,2614
2856625,2614
2856626,2516
2856627,2516
2856628,2516
2856629,2516
2856630,2516
2856631,2516
2856632,2516
2856633,2516
2856634,2502
2856635,2502
2856636,2502
2856637,2502
2856638,2502
2856639,2502
2856640,2502
2856641,2446
2856642,2446
2856643,2446
2856644,2446
2856645,2446
2856646,2446
2856647,2446
2856648,2446
2856649,2368
2856650,2368
2856651,2368
2856652,2368
2856657,2486
2856659,2486
2856661,2486
2856662,2486
2856663,2486
2856673,2012
2856693,2258
2856694,2451
2856695,2451
2856696,2451
2856697,2451
2856698,2451
2856699,2451
2856700,2451
2856701,2520
2856702,2520
2856703,2520
2856704,2520
2856705,2520
2856706,2520
2856707,2520
2856708,2520
2856709,2529
2856710,2529
2856711,2461
2856712,2461
2856713,2461
2856714,2461
2856715,2461
2856716,2536
2856717,2536
2856718,2536
2856719,2536
2856720,2536
2856721,2536
2856722,1989
2856724,1999
2856725,2540
2856726,2540
2856727,2540
2856728,2540
2856729,2540
2856730,2540
2856732,2549
2856733,2549
2856734,2549
2856735,2549
2856736,2549
2856737,2549
2856738,2549
2856739,2519
2856740,2519
2856741,2519
2856742,2519
2856743,2519
2856744,2519
2856745,2519
2856746,2632
2856747,2632
2856750,2632
2856751,2632
2856753,2632
2856754,2787
2856756,2787
2856757,2787
2856758,2787
2856759,2787
2856760,2232
2856761,2451
2856762,2451
2856763,2451
2860719,2064
2860754,2231
2860755,2231
2860756,2231
2860757,2231
2860758,2231
2860759,2244
2860760,2244
2860761,2244
2860762,2244
2860763,2483
2860766,2467
2860767,2467
2860768,2467
2860769,2467
2860770,2467
2860771,2467
2860772,2467
2860776,2534
2860777,2534
2860778,2534
2860779,2534
2860810,2657
2860811,2658
2860814,2658
2860818,2658
2860819,2669
2860820,2669
2860821,2669
2860822,2669
2860828,2683
2860829,2683
2860830,2683
2860831,2683
2860832,2683
2860833,2683
2860834,2655
2860835,2655
2860836,2655
2860849,2656
2860850,2656
2860851,2656
2860852,2656
2860853,2656
2860854,2656
2860856,2620
2860857,2620
2860858,2620
2860859,2159
2860860,2159
2860869,2052
2860870,2052
2860871,2017
2860890,2591
2860893,2591
2860894,2614
2860895,2614
2860896,2614
2860897,2614
2860898,2614
2860899,2614
2860900,2614
2860901,2629
2860904,2629
2860905,2629
2860906,2629
2860907,2104
2860908,2104
2860909,2122
2860910,2122
2860911,2122
2860912,2122
2860913,2741
2860914,2741
2860915,2741
2860916,2719
2860917,2719
2860918,2305
2860919,2305
2860920,2305
2860921,2305
2860922,2305
2860923,2719
2860924,2633
2860925,2633
2860926,2633
2860927,2633
2860928,2633
2860929,2633
2860930,2633
2860931,2617
2860932,2617
2860933,2617
2860934,2617
2860935,2617
2860936,2617
2860937,2617
2860938,2617
2860939,2216
2860940,2614
2860941,2614
2860942,2614
2860943,2614
2860944,2614
2860945,2614
2860946,2516
2860947,2516
2860948,2516
2860949,2516
2860950,2516
2860951,2516
2860952,2516
2860953,2516
2860954,2502
2860955,2502
2860956,2502
2860957,2502
2860958,2502
2860959,2502
2860960,2502
2860961,2446
2860962,2446
2860963,2446
2860964,2446
2860965,2446
2860966,2446
2860967,2446
2860968,2446
2860969,2368
2860970,2368
2860971,2368
2860972,2368
2860975,2368
2860977,2486
2860978,2486
2860979,2486
2860982,2486
2860983,2486
2861007,2258
2861008,2258
2861013,2258
2861014,2451
2861015,2451
2861016,2451
2861017,2451
2861019,2451
2861020,2451
2861021,2520
2861022,2520
2861023,2520
2861024,2520
2861025,2520
2861026,2520
2861027,2520
2861028,2520
2861029,2529
2861030,2529
2861031,2529
2861032,2529
2861033,2529
2861034,2529
2861035,2529
2861036,2608
2861037,2608
2861038,2608
2861039,2608
2861040,2608
2861041,2608
2861042,2608
2861043,2608
2861044,2540
2861045,2540
2861046,2540
2861047,2540
2861048,1999
2861049,1999
2861050,2540
2861051,2549
2861052,2549
2861053,2549
2861054,2549
2861055,2549
2861056,2549
2861057,2549
2861058,2549
2861059,2519
2861060,2519
2861061,2519
2861062,2519
2861063,2519
2861064,2519
2861065,2519
2861066,2632
2861067,2632
2861070,2632
2861072,2632
2861074,2232
2861075,2232
2861076,2232
2861077,2232
2861078,2232
2861079,2232
2861080,2232
2861081,2451
2865039,2166
2865073,2210
2865074,2210
2865075,2210
2865076,2210
2865077,2210
2865080,2229
2865081,2229
2865082,2229
2865083,2470
2865084,2470
2865085,2470
2865086,2533
2865087,2533
2865088,2533
2865089,2533
2865090,2533
2865091,2533
2865092,2533
2865093,2533
2865094,2582
2865095,2582
2865130,2807
2865131,2779
2865138,2779
2865139,2771
2865140,2771
2865141,2771
2865142,2771
2865143,2771
2865148,2781
2865149,2781
2865150,2781
2865151,2781
2865152,2781
2865153,2781
2865154,2715
2865160,2715
2865161,2718
2865162,2718
2865168,2718
2865169,2648
2865170,2648
2865171,2648
2865175,2648
2865176,2577
2865177,2577
2865178,2577
2865179,2123
2865180,2123
2865181,2123
2865189,1984
2865190,1984
2865208,2122
2865209,2660
2865213,2660
2865214,2707
2865215,2707
2865216,2707
2865217,2707
2865218,2707
2865219,2707
2865220,2707
2865221,2703
2865222,2703
2865224,2703
2865225,2703
2865226,2703
2865227,2159
2865228,2159
2865229,2165
2865230,2165
2865232,2165
2865233,2165
2865234,2803
2865235,2803
2865236,2760
2865237,2760
2865238,2336
2865239,2336
2865240,2336
2865241,2336
2865242,2336
2865243,2760
2865244,2695
2865245,2695
2865246,2695
2865247,2695
2865248,2695
2865249,2695
2865250,2695
2865251,2678
2865252,2678
2865253,2678
2865254,2678
2865255,2678
2865256,2678
2865257,2678
2865258,2268
2865259,2227
2865261,2634
2865262,2634
2865263,2634
2865264,2634
2865265,2634
2865266,2561
2865267,2561
2865268,2561
2865269,2561
2865270,2561
2865271,2561
2865272,2561
2865273,2561
2865274,2574
2865275,2574
2865276,2574
2865277,2574
2865278,2574
2865279,2574
2865280,2574
2865281,2532
2865282,2532
2865283,2532
2865284,2532
2865285,2532
2865286,2532
2865287,2532
2865288,2532
2865289,2501
2865290,2501
2865291,2501
2865292,2501
2865294,2501
2865295,2501
2865296,2532
2865297,2532
2865298,2532
2865301,2532
2865302,2532
2865303,2532
2865317,2368
2865326,2554
2865327,1949
2865328,1949
2865329,1949
2865330,2554
2865331,2554
2865332,2554
2865333,2554
2865334,2598
2865335,2598
2865336,2598
2865337,2598
2865338,2598
2865339,2598
2865340,2598
2865341,2620
2865342,2620
2865344,2620
2865345,2620
2865346,2620
2865347,2620
2865348,2620
2865349,2676
2865350,2676
2865351,2676
2865352,2676
2865353,2676
2865354,2676
2865355,2676
2865356,2719
2865357,2719
2865358,2719
2865359,2719
2865360,2719
2865361,2719
2865362,2719
2865363,2719
2865364,2713
2865365,2639
2865366,2639
2865367,2639
2865368,2069
2865369,2069
2865370,2069
2865371,2622
2865372,2622
2865373,2622
2865374,2622
2865375,2622
2865376,2622
2865377,2622
2865378,2622
2865379,2644
2865380,2644
2865381,2644
2865382,2644
2865383,2644
2865384,2644
2865385,2644
2865386,2935
2865387,2935
2865388,2935
2865389,2935
2865390,2935
2865391,2935
2865392,2935
2865394,3083
2865395,2515
2869393,2210
2869394,2210
2869395,2210
2869396,2210
2869397,2210
2869399,2229
2869400,2229
2869401,2229
2869402,2229
2869404,2470
2869405,2470
2869406,2533
2869407,2533
2869408,2533
2869409,2533
2869410,2533
2869411,2533
2869412,2533
2869413,2533
2869414,2582
2869415,2582
2869416,2582
2869421,2737
2869454,2779
2869455,2779
2869457,2779
2869458,2779
2869459,2771
2869460,2771
2869461,2771
2869462,2771
2869463,2771
2869464,2771
2869465,2771
2869466,2781
2869467,2781
2869468,2781
2869469,2781
2869470,2781
2869471,2781
2869473,2781
2869474,2715
2869480,2715
2869481,2718
2869482,2718
2869483,2718
2869484,2718
2869485,2718
2869488,2718
2869489,2648
2869490,2648
2869491,2648
2869495,2648
2869496,2577
2869497,2577
2869498,2577
2869499,2577
2869500,2577
2869501,2123
2869507,1984
2869508,1984
2869509,1984
2869510,2467
2869511,2500
2869512,2008
2869528,2122
2869529,2122
2869533,2660
2869534,2707
2869535,2707
2869536,2707
2869537,2707
2869538,2707
2869539,2707
2869540,2707
2869541,2703
2869542,2703
2869543,2159
2869544,2159
2869545,2703
2869546,2703
2869547,2703
2869548,2703
2869549,2711
2869550,2711
2869551,2711
2869552,2165
2869553,2366
2869554,2803
2869555,2803
2869556,2760
2869557,2760
2869558,2760
2869559,2760
2869560,2336
2869561,2336
2869562,2760
2869563,2336
2869564,2695
2869565,2695
2869566,2695
2869567,2695
2869568,2695
2869569,2695
2869570,2695
2869571,2678
2869572,2678
2869573,2678
2869574,2678
2869575,2678
2869576,2678
2869577,2678
2869578,2678
2869579,2634
2869581,2634
2869582,2634
2869585,2634
2869587,2561
2869588,2561
2869589,2561
2869590,2561
2869591,2561
2869592,2561
2869593,2561
2869594,2574
2869595,2574
2869596,2574
2869597,2574
2869598,2574
2869599,2574
2869600,2574
2869601,2532
2869602,2532
2869603,2532
2869604,2532
2869605,2532
2869606,2532
2869607,2532
2869608,2532
2869609,2501
2869610,2501
2869611,2501
2869612,2501
2869613,2501
2869614,2501
2869615,2501
2869616,2532
2869617,2532
2869618,2532
2869620,2532
2869621,2532
2869622,2532
2869623,2532
2869636,2368
2869638,2368
2869642,1868
2869643,2442
2869644,2442
2869645,1868
2869646,1949
2869647,1949
2869648,1949
2869649,1949
2869650,1949
2869651,2554
2869652,2554
2869653,2554
2869654,2598
2869655,2598
2869656,2598
2869657,2598
2869658,2598
2869659,2598
2869661,2620
2869664,2620
2869665,2620
2869666,2620
2869667,2620
2869668,2620
2869669,2676
2869670,2676
2869671,2676
2869672,2676
2869673,2676
2869674,2676
2869675,2676
2869676,2719
2869679,2060
2869680,2719
2869681,2719
2869682,2719
2869683,2719
2869684,2713
2869685,2713
2869686,2713
2869687,2069
2869688,2639
2869689,2639
2869690,2639
2869691,2622
2869692,2622
2869693,2622
2869694,2622
2869695,2622
2869696,2622
2869697,2622
2869698,2622
2869699,2644
2869700,2644
2869701,2644
2869702,2644
2869703,2644
2869704,2644
2869705,2644
2869706,2935
2869707,2935
2869708,2935
2869709,2935
2869710,2935
2869712,2935
2869713,2935
2873678,2166
2873715,2210
2873716,2210
2873717,2210
2873718,2210
2873719,2229
2873720,2229
2873721,2229
2873722,2229
2873723,2470
2873724,2470
2873725,2470
2873726,2533
2873727,2533
2873728,2533
2873729,2533
2873730,2533
2873731,2533
2873732,2533
2873733,2533
2873734,2582
2873735,2582
2873736,2582
2873774,2779
2873775,2779
2873776,2779
2873777,2779
2873778,2779
2873779,2771
2873780,2771
2873781,2771
2873782,2771
2873783,2771
2873785,2771
2873786,2781
2873787,2781
2873788,2781
2873789,2781
2873790,2781
2873791,2781
2873792,2781
2873793,2781
2873794,2715
2873801,2718
2873802,2718
2873803,2718
2873804,2718
2873805,2718
2873809,2648
2873810,2648
2873811,2648
2873815,2648
2873817,2577
2873826,1984
2873827,1984
2873828,1984
2873829,1984
2873830,2467
2873831,2008
2873832,2008
2873846,2122
2873847,2122
2873848,2122
2873853,2660
2873854,2707
2873856,2707
2873857,2707
2873858,2707
2873859,2707
2873860,2707
2873861,2703
2873862,2703
2873863,2703
2873864,2159
2873865,2159
2873866,2703
2873867,2703
2873868,2703
2873869,2711
2873870,2711
2873871,2711
2873872,2165
2873873,2803
2873874,2803
2873875,2803
2873876,2760
2873877,2760
2873878,2760
2873879,2760
2873880,2760
2873881,2760
2873882,2760
2873883,2336
2873884,2277
2873886,2695
2873887,2695
2873888,2695
2873889,2695
2873890,2695
2873891,2678
2873892,2678
2873893,2678
2873894,2678
2873895,2678
2873896,2678
2873897,2678
2873898,2678
2873899,2634
2873900,2634
2873901,2634
2873902,2091
2873907,2044
2873908,2044
2873909,2044
2873910,2561
2873911,2561
2873912,2561
2873913,2561
2873914,2574
2873915,2574
2873916,2574
2873917,2574
2873918,2574
2873919,2574
2873920,2574
2873921,2532
2873922,2532
2873923,2532
2873924,2532
2873925,2532
2873926,2532
2873927,2532
2873928,2532
2873929,2501
2873930,2501
2873931,2501
2873932,2501
2873933,2501
2873934,2501
2873935,2501
2873936,2532
2873937,2532
2873938,2532
2873939,2532
2873940,2532
2873941,2532
2873942,2532
2873943,2532
2873955,2368
2873963,2442
2873964,2442
2873965,2442
2873966,1949
2873967,1949
2873969,1949
2873970,1949
2873971,2554
2873972,2554
2873973,2554
2873974,2598
2873975,2598
2873976,2598
2873977,2598
2873978,2598
2873979,2598
2873981,2620
2873984,2620
2873985,2620
2873986,2620
2873987,2620
2873988,2620
2873991,2676
2873992,2676
2873993,2676
2873994,2676
2873995,2676
2873996,2719
2873997,2719
2873999,2719
2874000,2719
2874001,2719
2874002,2719
2874003,2719
2874004,2713
2874005,2713
2874006,2713
2874007,2713
2874008,2639
2874009,2639
2874010,2639
2874011,2622
2874012,2622
2874013,2622
2874014,2622
2874017,2622
2874018,2622
2874019,2644
2874020,2644
2874021,2644
2874022,2644
2874023,2644
2874024,2644
2874025,2644
2874026,2935
2874029,2935
2874030,2935
2874031,2935
2877998,2166
2878038,2210
2878039,2229
2878040,2229
2878041,2229
2878042,2229
2878043,2470
2878044,2470
2878045,2470
2878046,2533
2878047,2533
2878048,2533
2878049,2533
2878050,2533
2878051,2533
2878052,2533
2878053,2533
2878054,2582
2878055,2582
2878056,2582
2878058,2582
2878059,2582
2878096,2779
2878097,2779
2878098,2779
2878099,2771
2878100,2771
2878101,2771
2878102,2771
2878103,2771
2878105,2771
2878106,2781
2878107,2781
2878121,2718
2878122,2718
2878123,2718
2878124,2718
2878125,2718
2878126,2718
2878127,2718
2878129,2648
2878130,2648
2878131,2648
2878146,1984
2878147,1984
2878148,1984
2878149,1984
2878150,1984
2878151,2008
2878167,2122
2878168,2122
2878173,2122
2878175,2707
2878176,2707
2878177,2707
2878178,2707
2878179,2707
2878180,2707
2878181,2703
2878182,2703
2878183,2703
2878184,2703
2878185,2159
2878186,2159
2878187,2703
2878188,2703
2878189,2711
2878190,2711
2878191,2711
2878192,2711
2878193,2803
2878194,2803
2878195,2803
2878196,2760
2878197,2760
2878198,2760
2878199,2760
2878200,2760
2878201,2760
2878202,2760
2878203,2336
2878204,2277
2878206,2277
2878207,2277
2878208,2695
2878209,2695
2878210,2695
2878211,2678
2878212,2678
2878213,2678
2878214,2678
2878215,2678
2878216,2678
2878217,2678
2878218,2678
2878219,2227
2878221,2634
2878222,2091
2878223,2091
2878226,2044
2878227,2044
2878228,2044
2878229,2044
2878230,2561
2878231,2561
2878232,2561
2878233,2561
2878234,2574
2878235,2574
2878236,2574
2878237,2574
2878238,2574
2878239,2574
2878240,2574
2878241,2532
2878242,2532
2878243,2532
2878244,2532
2878245,2532
2878246,2532
2878247,2532
2878248,2532
2878249,2501
2878250,2501
2878251,2501
2878252,2501
2878253,2501
2878254,2501
2878255,2501
2878256,2532
2878257,2532
2878258,2532
2878259,2532
2878260,2532
2878261,2532
2878262,2532
2878263,2532
2878265,2317
2878274,2368
2878275,2368
2878280,1933
2878281,2494
2878282,1933
2878283,2494
2878284,2494
2878285,2494
2878286,1949
2878287,1949
2878288,1949
2878289,1949
2878290,1949
2878291,1949
2878292,2554
2878293,2554
2878294,2598
2878295,2598
2878296,2598
2878297,2598
2878298,2598
2878299,2598
2878301,2620
2878304,2620
2878305,2620
2878306,2620
2878307,2620
2878312,2676
2878313,2676
2878314,2676
2878315,2676
2878316,2719
2878317,2719
2878318,2719
2878319,2719
2878320,2719
2878321,2719
2878322,2719
2878323,2719
2878324,2713
2878325,2713
2878326,2713
2878327,2713
2878328,2713
2878329,2639
2878330,2639
2878331,2622
2878332,2622
2878333,2622
2878337,2622
2878338,2622
2878339,2644
2878340,2644
2878341,2644
2878342,2644
2878343,2644
2878344,2644
2878345,2644
2878346,2935
2882359,2229
2882360,2229
2882361,2229
2882362,2229
2882363,2470
2882364,2470
2882365,2470
2882366,2533
2882367,2533
2882368,2533
2882369,2533
2882370,2533
2882371,2533
2882372,2533
2882373,2533
2882374,2582
2882375,2582
2882376,2582
2882377,2582
2882378,2582
2882379,2582
2882380,2582
2882381,2737
2882416,2779
2882417,2779
2882418,2779
2882419,2771
2882420,2771
2882421,2771
2882422,2771
2882423,2771
2882424,2771
2882438,2715
2882439,2715
2882441,2718
2882442,2718
2882443,2718
2882444,2718
2882445,2718
2882446,2718
2882447,2718
2882448,2718
2882450,2648
2882451,2648
2882452,2648
2882453,2648
2882454,2648
2882466,1984
2882467,1984
2882468,1984
2882471,2008
2882485,2082
2882486,2122
2882488,2122
2882489,2660
2882490,2122
2882495,2707
2882496,2707
2882497,2707
2882498,2707
2882499,2707
2882500,2707
2882501,2703
2882502,2703
2882503,2703
2882504,2703
2882505,2703
2882507,2159
2882508,2703
2882509,2711
2882510,2711
2882511,2711
2882512,2803
2882513,2803
2882514,2803
2882515,2803
2882516,2760
2882517,2760
2882518,2760
2882519,2760
2882520,2760
2882521,2760
2882522,2760
2882523,2336
2882524,2277
2882526,2277
2882528,2277
2882529,2695
2882530,2695
2882531,2678
2882532,2678
2882533,2678
2882534,2678
2882535,2678
2882536,2678
2882537,2678
2882538,2678
2882541,2227
2882542,2091
2882543,2091
2882546,2044
2882547,2044
2882549,2044
2882550,2561
2882551,2561
2882552,2561
2882553,2561
2882554,2574
2882555,2574
2882556,2574
2882557,2574
2882558,2574
2882559,2574
2882560,2574
2882561,2532
2882562,2532
2882563,2532
2882565,2532
2882566,2532
2882567,2532
2882568,2532
2882569,2501
2882570,2501
2882571,2501
2882573,2501
2882574,2501
2882575,2501
2882576,2532
2882577,2532
2882578,2532
2882579,2532
2882580,2532
2882581,2532
2882582,2532
2882583,2532
2882595,2368
2882599,1933
2882600,2494
2882601,2494
2882602,1933
2882603,2494
2882604,2494
2882605,2494
2882606,1949
2882607,2554
2882608,1949
2882609,1949
2882610,2554
2882611,2554
2882612,2554
2882613,2554
2882615,2598
2882616,2598
2882617,2598
2882618,2598
2882619,2598
2882620,2598
2882623,2620
2882624,2620
2882625,2620
2882626,2620
2882627,2620
2882632,2676
2882633,2676
2882634,2676
2882635,2676
2882636,2719
2882637,2719
2882638,2719
2882639,2719
2882640,2719
2882641,2719
2882642,2719
2882643,2719
2882644,2713
2882645,2713
2882646,2713
2882647,2713
2882648,2713
2882649,2713
2882650,2639
2882651,2622
2882652,2622
2882653,2622
2882655,2622
2882656,2622
2882657,2622
2882658,2622
2882659,2644
2882660,2644
2882661,2644
2882662,2644
2882663,2644
2882664,2644
2882665,2644
2882666,2935
2886490,2379
2886679,2229
2886680,2229
2886681,2229
2886682,2229
2886684,2470
2886685,2470
2886686,2533
2886687,2533
2886688,2533
2886689,2533
2886690,2533
2886691,2533
2886692,2533
2886693,2533
2886694,2582
2886695,2582
2886696,2582
2886697,2582
2886698,2582
2886699,2582
2886700,2582
2886701,2737
2886702,2737
2886703,2737
2886704,2737
2886737,2779
2886738,2779
2886739,2771
2886740,2771
2886741,2771
2886742,2771
2886743,2771
2886744,2771
2886745,2771
2886748,2781
2886753,2781
2886756,2715
2886758,2715
2886759,2715
2886760,2715
2886761,2718
2886762,2718
2886763,2718
2886764,2718
2886765,2718
2886766,2718
2886767,2718
2886768,2718
2886769,2648
2886770,2648
2886771,2648
2886772,2648
2886773,2648
2886774,2648
2886786,1984
2886787,2467
2886788,2467
2886789,1984
2886790,1984
2886791,2008
2886792,2008
2886803,2082
2886804,2082
2886805,2082
2886808,2122
2886809,2660
2886810,2122
2886816,2707
2886817,2707
2886818,2707
2886821,2703
2886822,2703
2886823,2703
2886824,2703
2886825,2703
2886826,2703
2886827,2703
2886828,2703
2886829,2711
2886830,2165
2886831,2803
2886832,2803
2886833,2803
2886834,2803
2886835,2803
2886836,2760
2886837,2760
2886838,2760
2886839,2760
2886840,2760
2886841,2760
2886842,2760
2886843,2336
2886844,2695
2886845,2695
2886846,2695
2886847,2695
2886848,2277
2886849,2695
2886850,2695
2886851,2678
2886852,2268
2886853,2678
2886854,2678
2886855,2678
2886856,2678
2886857,2678
2886858,2678
2886860,2227
2886861,2227
2886862,2634
2886865,2634
2886866,2561
2886867,2561
2886875,2574
2886876,2574
2886877,2054
2886878,2574
2886879,2574
2886880,2574
2886881,2532
2886882,2532
2886883,2532
2886884,2532
2886885,2532
2886886,2532
2886887,2532
2886888,2532
2886889,2501
2886890,2501
2886891,2501
2886893,2501
2886894,2501
2886895,2501
2886896,2532
2886898,2532
2886899,2532
2886900,2532
2886901,2532
2886902,2532
2886903,2532
2886915,2368
2886916,2368
2886919,2494
2886920,2494
2886921,1933
2886922,1933
2886923,2494
2886924,2494
2886925,2494
2886926,2608
2886927,1949
2886928,1949
2886929,2554
2886930,2554
2886931,2554
2886932,2554
2886933,2554
2886934,2598
2886935,2598
2886936,2598
2886937,2598
2886938,2598
2886939,2598
2886940,2598
2886941,1983
2886944,2620
2886945,2620
2886946,2620
2886947,2620
2886948,2620
2886949,2676
2886950,2676
2886951,2676
2886952,2676
2886953,2676
2886954,2676
2886955,2676
2886956,2719
2886957,2719
2886958,2719
2886959,2719
2886960,2719
2886961,2719
2886962,2719
2886963,2719
2886964,2713
2886965,2713
2886966,2713
2886967,2713
2886968,2713
2886969,2713
2886970,2713
2886971,2622
2886975,2622
2886976,2622
2886977,2622
2886978,2622
2886979,2644
2886980,2644
2886981,2644
2886983,2644
2886984,2072
2886985,2072
2890810,2127
2890811,2400
2890998,2330
2890999,2330
2891001,2330
2891008,2622
2891010,2622
2891011,2622
2891012,2622
2891013,2622
2891014,2668
2891015,2668
2891016,2668
2891017,2668
2891018,2668
2891019,2668
2891020,2668
2891021,2762
2891022,2762
2891023,2762
2891024,2762
2891057,2898
2891058,2898
2891059,2884
2891060,2884
2891061,2884
2891062,2884
2891063,2884
2891064,2884
2891065,2884
2891066,2861
2891067,2861
2891068,2861
2891069,2861
2891076,2854
2891077,2854
2891078,2854
2891079,2854
2891080,2854
2891081,2823
2891082,2823
2891083,2823
2891084,2823
2891085,2823
2891086,2823
2891087,2823
2891088,2823
2891089,2799
2891090,2799
2891091,2799
2891092,2799
2891093,2799
2891094,2799
2891095,2799
2891096,2776
2891107,2714
2891108,2714
2891109,2171
2891110,2171
2891111,2145
2891112,2145
2891122,2171
2891123,2730
2891124,2730
2891125,2171
2891126,2148
2891127,2148
2891128,2148
2891129,2148
2891130,2148
2891136,2748
2891137,2748
2891138,2748
2891139,2748
2891141,2781
2891142,2781
2891143,2781
2891144,2781
2891145,2781
2891147,2781
2891148,2781
2891149,2869
2891150,2417
2891151,2869
2891152,2869
2891153,2869
2891154,2869
2891155,2869
2891156,2824
2891157,2824
2891158,2824
2891159,2824
2891160,2824
2891161,2824
2891162,2824
2891163,2824
2891164,2767
2891165,2767
2891166,2767
2891167,2767
2891168,2336
2891169,2767
2891170,2767
2891171,2760
2891172,2760
2891173,2760
2891174,2760
2891175,2760
2891176,2760
2891177,2760
2891178,2330
2891179,2285
2891180,2285
2891182,2711
2891185,2711
2891186,2644
2891187,2644
2891196,2087
2891197,2087
2891198,2639
2891199,2639
2891200,2639
2891201,2616
2891202,2616
2891203,2616
2891204,2616
2891205,2616
2891206,2616
2891207,2616
2891208,2616
2891209,2584
2891210,2584
2891211,2584
2891212,2584
2891213,2584
2891214,2584
2891215,2584
2891216,2562
2891218,2562
2891219,2562
2891220,2562
2891221,2562
2891235,2583
2891236,2583
2891237,2583
2891238,2583
2891239,2655
2891240,2655
2891241,2655
2891242,2655
2891243,2655
2891244,2655
2891245,2655
2891246,2124
2891247,2705
2891248,2705
2891249,2705
2891250,2705
2891251,2705
2891252,2705
2891253,2705
2891254,2694
2891255,2694
2891256,2694
2891257,2037
2891258,2694
2891259,2694
2891260,2694
2891261,2779
2891265,2779
2891270,2795
2891271,2795
2891272,2795
2891273,2795
2891274,2795
2891275,2795
2891276,2801
2891277,2801
2891278,2801
2891279,2801
2891280,2801
2891281,2801
2891282,2801
2891283,2801
2891284,2831
2891285,2831
2891286,2831
2891287,2831
2891288,2831
2891289,2831
2891290,2831
2891291,2919
2891293,2844
2891295,2844
2891296,2844
2891297,2844
2891298,2844
2891299,2946
2891300,2946
2891301,2946
2891302,2946
2891303,2946
2891304,2355
2891305,2355
2895188,3898
2895318,2330
2895319,2330
2895320,2330
2895321,2330
2895322,2330
2895329,2622
2895334,2668
2895335,2668
2895336,2668
2895337,2668
2895338,2668
2895339,2668
2895340,2668
2895341,2762
2895342,2762
2895343,2762
2895344,2762
2895345,2762
2895377,2898
2895378,2898
2895381,2884
2895383,2884
2895384,2884
2895385,2884
2895386,2861
2895387,2861
2895388,2861
2895389,2861
2895396,2854
2895397,2854
2895398,2854
2895399,2854
2895400,2854
2895401,2823
2895402,2823
2895403,2823
2895404,2823
2895405,2823
2895406,2823
2895407,2823
2895408,2823
2895411,2799
2895412,2799
2895418,2776
2895419,2776
2895426,2171
2895427,2171
2895428,2171
2895429,2171
2895430,2171
2895431,2145
2895432,2145
2895442,2730
2895443,2730
2895444,2730
2895445,2171
2895446,2148
2895447,2148
2895448,2148
2895457,2748
2895458,2748
2895459,2748
2895460,2748
2895461,2781
2895462,2781
2895463,2781
2895464,2781
2895465,2781
2895467,2781
2895468,2876
2895469,2869
2895470,2869
2895471,2869
2895472,2869
2895473,2869
2895474,2869
2895475,2869
2895476,2824
2895477,2824
2895478,2824
2895479,2384
2895480,2384
2895481,2824
2895482,2824
2895483,2824
2895484,2767
2895485,2767
2895486,2767
2895487,2767
2895488,2767
2895489,2767
2895490,2767
2895491,2760
2895492,2760
2895493,2760
2895494,2760
2895495,2760
2895496,2760
2895497,2760
2895498,2330
2895499,2285
2895502,2711
2895503,2711
2895504,2711
2895505,2711
2895506,2644
2895516,2087
2895517,2639
2895518,2639
2895519,2639
2895520,2639
2895521,2616
2895522,2616
2895523,2616
2895524,2616
2895525,2616
2895526,2073
2895527,2616
2895528,2073
2895529,2584
2895530,2584
2895531,2584
2895532,2584
2895533,2584
2895534,2584
2895535,2584
2895536,2562
2895537,2562
2895538,2562
2895539,2562
2895540,2562
2895541,2562
2895556,2583
2895557,2583
2895558,2583
2895559,2655
2895560,2655
2895561,2655
2895562,2655
2895563,2041
2895564,2655
2895566,2124
2895568,2705
2895569,2705
2895570,2705
2895571,2705
2895573,2705
2895574,2694
2895575,2694
2895576,2694
2895577,2037
2895578,2037
2895579,2037
2895580,2037
2895581,2112
2895586,2779
2895587,2779
2895591,2795
2895592,2795
2895593,2795
2895594,2795
2895595,2795
2895596,2801
2895597,2801
2895598,2801
2895599,2801
2895600,2801
2895601,2801
2895602,2801
2895603,2801
2895604,2831
2895605,2831
2895606,2831
2895607,2831
2895608,2831
2895609,2831
2895610,2831
2895611,2919
2895612,2919
2895613,2919
2895615,2844
2895616,2844
2895617,2844
2895619,2946
2895620,2946
2895621,2946
2895622,2946
2895623,2946
2895624,2946
2899507,3898
2899638,2330
2899639,2330
2899641,2330
2899647,2622
2899648,2622
2899649,2622
2899650,2622
2899651,2622
2899652,2622
2899653,2622
2899654,2668
2899655,2668
2899656,2668
2899657,2668
2899658,2668
2899659,2668
2899660,2668
2899661,2762
2899662,2762
2899663,2762
2899664,2762
2899665,2762
2899666,2762
2899703,2884
2899704,2884
2899705,2884
2899706,2861
2899707,2861
2899708,2861
2899709,2861
2899716,2854
2899717,2854
2899718,2854
2899719,2854
2899720,2854
2899721,2823
2899722,2823
2899723,2823
2899724,2823
2899725,2823
2899726,2823
2899727,2823
2899728,2823
2899729,2799
2899730,2799
2899731,2799
2899732,2799
2899733,2799
2899734,2302
2899735,2302
2899736,2279
2899738,2776
2899739,2776
2899740,2776
2899741,2776
2899742,2776
2899743,2776
2899746,2171
2899747,2714
2899748,2714
2899749,2714
2899750,2171
2899751,2684
2899752,2684
2899753,2684
2899754,2684
2899755,2145
2899756,2145
2899757,2145
2899759,2171
2899760,2171
2899761,2730
2899762,2730
2899763,2730
2899764,2730
2899765,2171
2899767,2148
2899768,2148
2899775,2189
2899776,2748
2899777,2189
2899778,2748
2899779,2748
2899780,2748
2899781,2781
2899782,2222
2899783,2781
2899784,2781
2899787,2781
2899788,2781
2899789,2869
2899790,2869
2899791,2869
2899792,2869
2899793,2869
2899794,2869
2899795,2869
2899796,2824
2899797,2824
2899798,2824
2899799,2384
2899800,2384
2899801,2824
2899802,2824
2899803,2824
2899804,2767
2899805,2767
2899806,2767
2899807,2767
2899808,2767
2899809,2767
2899810,2767
2899811,2760
2899812,2760
2899813,2760
2899814,2760
2899815,2760
2899816,2760
2899817,2760
2899818,2330
2899819,2711
2899823,2146
2899824,2711
2899825,2711
2899835,2087
2899836,2087
2899837,2087
2899838,2087
2899839,2639
2899840,2639
2899841,2616
2899842,2616
2899843,2616
2899844,2616
2899845,2616
2899849,2584
2899850,2584
2899851,2584
2899852,2584
2899853,2584
2899854,2584
2899855,2584
2899856,2562
2899857,2562
2899858,2562
2899859,2562
2899860,2562
2899861,2562
2899876,2583
2899877,2583
2899880,2655
2899881,2655
2899882,2655
2899885,2041
2899886,2765
2899887,2765
2899888,2765
2899889,2705
2899890,2705
2899891,2705
2899893,2705
2899894,2694
2899895,2694
2899896,2694
2899897,2694
2899898,2694
2899899,2694
2899900,2037
2899901,2112
2899902,2779
2899903,2779
2899904,2779
2899912,2795
2899913,2795
2899914,2795
2899915,2795
2899916,2801
2899917,2801
2899918,2801
2899919,2801
2899920,2801
2899921,2801
2899922,2801
2899923,2801
2899924,2831
2899925,2831
2899926,2831
2899927,2831
2899928,2831
2899929,2831
2899930,2831
2899931,2919
2899932,2919
2899933,2919
2899934,2919
2899935,2844
2899936,2844
2899939,2946
2899940,2946
2899941,2946
2899942,2946
2899943,2946
2899944,2946
2903826,3898
2903827,3898
2903958,2330
2903959,2330
2903960,2330
2903961,2330
2903968,2622
2903969,2622
2903970,2622
2903971,2622
2903972,2622
2903973,2622
2903974,2668
2903975,2668
2903976,2668
2903977,2668
2903978,2668
2903979,2668
2903980,2668
2903981,2762
2903982,2762
2903983,2762
2903984,2762
2903985,2762
2903986,2762
2904025,2884
2904026,2861
2904027,2861
2904029,2861
2904030,2861
2904031,2861
2904032,2861
2904033,2861
2904034,2854
2904035,2854
2904036,2854
2904037,2854
2904038,2854
2904039,2854
2904041,2823
2904042,2823
2904043,2823
2904044,2823
2904045,2823
2904046,2823
2904047,2823
2904048,2823
2904049,2799
2904050,2799
2904051,2799
2904052,2799
2904053,2799
2904054,2799
2904055,2799
2904056,2776
2904058,2776
2904059,2776
2904060,2776
2904061,2776
2904062,2776
2904063,2776
2904064,2748
2904065,2748
2904066,2714
2904067,2714
2904068,2714
2904069,2714
2904070,2714
2904071,2684
2904072,2684
2904073,2684
2904074,2684
2904075,2684
2904076,2684
2904077,2684
2904078,2145
2904079,2730
2904080,2171
2904081,2171
2904082,2730
2904083,2730
2904084,2171
2904085,2171
2904095,2189
2904096,2189
2904097,2189
2904098,2189
2904099,2748
2904100,2748
2904101,2781
2904102,2781
2904103,2781
2904104,2781
2904107,2222
2904108,2876
2904109,2869
2904110,2869
2904111,2869
2904112,2869
2904113,2869
2904114,2869
2904115,2869
2904116,2824
2904117,2824
2904118,2824
2904119,2384
2904120,2384
2904121,2824
2904122,2824
2904123,2824
2904124,2767
2904125,2767
2904126,2767
2904127,2767
2904128,2767
2904129,2767
2904130,2767
2904131,2760
2904132,2760
2904133,2760
2904134,2760
2904135,2760
2904136,2760
2904137,2760
2904138,2760
2904139,2711
2904140,2711
2904145,2711
2904147,2644
2904151,2644
2904156,2087
2904157,2087
2904160,2087
2904161,2073
2904163,2073
2904167,2073
2904169,2584
2904170,2584
2904171,2584
2904172,2584
2904173,2584
2904176,2562
2904177,2562
2904196,2583
2904201,2655
2904202,2655
2904206,2765
2904207,2765
2904209,2705
2904210,2705
2904211,2705
2904213,2705
2904214,2694
2904215,2694
2904216,2037
2904217,2694
2904218,2037
2904219,2694
2904220,2694
2904221,2112
2904222,2779
2904223,2779
2904224,2779
2904227,2779
2904228,2779
2904229,2795
2904230,2795
2904231,2795
2904232,2795
2904233,2795
2904234,2795
2904235,2795
2904236,2801
2904237,2801
2904238,2801
2904239,2801
2904240,2801
2904241,2801
2904242,2801
2904243,2801
2904244,2831
2904245,2831
2904246,2831
2904247,2831
2904248,2831
2904249,2831
2904250,2831
2904251,2919
2904252,2919
2904253,2919
2904254,2919
2904255,2919
2904256,2844
2904259,2946
2904260,2946
2904261,2946
2904262,2946
2904263,2946
2904264,2946
2908146,3898
2908281,2330
2908282,2330
2908285,2590
2908288,2622
2908291,2622
2908292,2622
2908293,2622
2908294,2668
2908295,2668
2908296,2668
2908297,2668
2908298,2668
2908299,2668
2908300,2668
2908301,2762
2908302,2762
2908303,2762
2908304,2762
2908305,2762
2908306,2762
2908345,2884
2908351,2861
2908352,2861
2908354,2854
2908355,2854
2908356,3010
2908357,2854
2908358,2854
2908359,2854
2908361,2823
2908362,2823
2908363,2823
2908364,2823
2908365,2823
2908366,2823
2908367,2823
2908368,2823
2908369,2799
2908370,2799
2908371,2950
2908372,2950
2908373,2950
2908374,2799
2908375,2799
2908376,2776
2908379,2776
2908380,2776
2908381,2776
2908382,2776
2908383,2776
2908384,2748
2908385,2748
2908386,2714
2908387,2714
2908388,2714
2908389,2714
2908390,2714
2908391,2684
2908392,2684
2908393,2684
2908394,2684
2908395,2684
2908396,2684
2908397,2684
2908398,2684
2908399,2730
2908400,2730
2908401,2171
2908402,2171
2908403,2171
2908415,2189
2908416,2189
2908417,2189
2908418,2189
2908419,2189
2908420,2748
2908421,2781
2908422,2781
2908423,2781
2908424,2781
2908425,2781
2908427,2876
2908428,2876
2908429,2869
2908430,2869
2908431,2869
2908432,2869
2908433,2869
2908434,2869
2908435,2869
2908436,2824
2908437,2824
2908438,2824
2908439,2384
2908440,2384
2908441,2384
2908442,2384
2908443,2824
2908444,2767
2908445,2767
2908446,2767
2908447,2767
2908448,2767
2908449,2767
2908450,2767
2908451,2760
2908452,2760
2908453,2760
2908454,2760
2908455,2760
2908456,2760
2908457,2760
2908458,2760
2908459,2285
2908460,2711
2908465,2711
2908467,2644
2908473,2644
2908476,2639
2908489,2584
2908490,2584
2908491,2584
2908519,2655
2908521,2655
2908522,2655
2908524,2655
2908526,2765
2908527,2765
2908537,2037
2908538,2694
2908539,2694
2908540,2694
2908541,2779
2908542,2779
2908543,2779
2908544,2779
2908547,2779
2908548,2779
2908550,2795
2908551,2795
2908552,2795
2908553,2795
2908554,2795
2908555,2795
2908556,2801
2908557,2801
2908558,2801
2908559,2121
2908560,2121
2908561,2801
2908562,2801
2908563,2801
2908564,2831
2908565,2831
2908566,2831
2908567,2831
2908568,2831
2908569,2831
2908570,2831
2908571,2919
2908572,2919
2908573,2919
2908574,2919
2908575,2919
2908576,2919
2908577,2844
2912466,3898
2912601,2330
2912602,2330
2912674,2854
2912675,3010
2912676,3010
2912677,3010
2912678,3010
2912679,3010
2912681,2977
2912682,2823
2912683,2823
2912684,2823
2912685,2823
2912686,2977
2912687,2977
2912688,2977
2912689,2950
2912690,2950
2912691,2950
2912692,2950
2912693,2950
2912694,2950
2912695,2950
2912701,2776
2912702,2776
2912703,2776
2912704,2748
2912705,2748
2912706,2714
2912707,2714
2912708,2714
2912709,2714
2912710,2714
2912711,2145
2912712,2684
2912713,2684
2912714,2684
2912715,2684
2912716,2684
2912717,2684
2912718,2684
2912719,2730
2912720,2730
2912721,2171
2912722,2171
2912735,2189
2912736,2189
2912737,2189
2912738,2189
2912739,2189
2912740,2189
2912741,2781
2912742,2781
2912743,2781
2912744,2781
2912745,2781
2912748,2876
2912749,2869
2912750,2869
2912751,2869
2912752,2869
2912753,2869
2912754,2869
2912755,2417
2912756,2384
2912757,2384
2912758,2824
2912759,2384
2912760,2384
2912761,2384
2912762,2384
2912763,2384
2912764,2336
2912765,2336
2912766,2767
2912767,2767
2912768,2767
2912769,2767
2912770,2767
2912771,2760
2912772,2760
2912773,2760
2912774,2760
2912775,2760
2912776,2760
2912777,2760
2912778,2760
2912779,2711
2912780,2711
2912785,2711
2912786,2644
2912808,2616
2912809,2584
2912810,2584
2912811,2584
2912812,2584
2912837,2583
2912838,2583
2912839,2655
2912842,2655
2912843,2655
2912844,2655
2912845,2655
2912846,2765
2912847,2765
2912848,2765
2912852,2705
2912857,2694
2912858,2694
2912859,2694
2912861,2779
2912862,2779
2912863,2779
2912864,2779
2912865,2779
2912866,2779
2912867,2779
2912868,2779
2912869,2795
2912870,2795
2912871,2795
2912872,2795
2912873,2795
2912874,2795
2912875,2795
2912876,2801
2912877,2121
2912878,2121
2912879,2121
2912880,2801
2912881,2801
2912882,2801
2912883,2801
2912884,2831
2912885,2831
2912886,2831
2912887,2831
2912888,2831
2912889,2831
2912890,2831
2912891,2919
2912892,2919
2912893,2919
2912894,2919
2916995,3106
2916996,3106
2916997,3106
2916998,3106
2916999,3106
2917001,3058
2917002,3058
2917003,3058
2917004,3058
2917005,3058
2917006,3058
2917007,3058
2917008,3058
2917009,3036
2917010,3036
2917011,3036
2917012,3036
2917013,3036
2917014,3036
2917015,3036
2917023,2879
2917024,2877
2917025,2877
2917026,2841
2917027,2841
2917028,2841
2917029,2841
2917030,2841
2917031,2802
2917033,2802
2917034,2802
2917035,2802
2917036,2802
2917037,2802
2917038,2802
2917039,2770
2917040,2196
2917041,2196
2917042,2196
2917055,2210
2917056,2210
2917057,2210
2917058,2210
2917059,2210
2917060,2210
2917061,2834
2917062,2834
2917063,2834
2917064,2834
2917067,2934
2917068,2934
2917069,2926
2917070,2926
2917071,2926
2917072,2926
2917073,2926
2917074,2926
2917075,2460
2917076,2855
2917077,2399
2917078,2855
2917079,2399
2917080,2399
2917081,2399
2917082,2399
2917083,2399
2917084,2346
2917085,2346
2917086,2794
2917087,2794
2917088,2794
2917089,2794
2917090,2794
2917091,2842
2917092,2842
2917093,2842
2917094,2842
2917095,2842
2917096,2842
2917097,2842
2917098,2842
2917099,2794
2917100,2794
2917105,2794
2917106,2744
2917126,2670
2917127,2670
2917129,2620
2917131,2620
2917156,2708
2917157,2708
2917158,2708
2917163,2755
2917164,2755
2917165,2755
2917166,2846
2917167,2846
2917177,2844
2917178,2844
2917179,2844
2917180,2844
2917181,2826
2917182,2826
2917183,2826
2917184,2826
2917185,2826
2917186,2826
2917187,2826
2917188,2826
2917189,2882
2917190,2882
2917191,2882
2917192,2882
2917193,2882
2917194,2180
2917195,2180
2917196,2220
2917197,2220
2917198,2220
2917199,2220
2917200,2934
2917201,2934
2917202,2934
2917203,2934
2917204,3047
2917205,3047
2917206,3047
2917207,3047
2917208,3047
2917209,3047
2917210,3047
2917211,3262
2921085,3207
2921086,3207
2921104,3511
2921105,3511
2921131,3932
2921311,3086
2921312,3086
2921313,3086
2921317,3106
2921318,3106
2921319,3106
2921320,3106
2921322,3058
2921323,3058
2921324,3058
2921325,3058
2921326,3058
2921327,3058
2921328,3058
2921329,3036
2921330,3036
2921331,3036
2921332,3036
2921333,3036
2921334,3036
2921335,3036
2921346,2841
2921347,2841
2921348,2841
2921349,2841
2921350,2841
2921351,2802
2921352,2802
2921353,2802
2921354,2802
2921355,2802
2921356,2802
2921357,2802
2921358,2802
2921359,2196
2921360,2196
2921376,2210
2921377,2210
2921378,2210
2921379,2210
2921380,2210
2921381,2259
2921382,2834
2921383,2834
2921384,2834
2921386,2934
2921387,2934
2921388,2934
2921389,2926
2921390,2926
2921391,2926
2921392,2926
2921393,2926
2921394,2926
2921395,2460
2921396,2399
2921397,2399
2921398,2399
2921399,2855
2921400,2855
2921401,2855
2921402,2855
2921403,2855
2921404,2794
2921405,2794
2921406,2794
2921407,2794
2921408,2794
2921409,2794
2921410,2794
2921411,2842
2921412,2842
2921413,2842
2921414,2842
2921415,2842
2921416,2842
2921417,2842
2921418,2842
2921419,2794
2921420,2794
2921428,2744
2921446,2670
2921447,2670
2921450,2620
2921451,2620
2921455,2070
2921475,2708
2921476,2708
2921477,2708
2921478,2708
2921486,2846
2921499,2844
2921500,2844
2921501,2826
2921502,2826
2921503,2826
2921504,2826
2921505,2826
2921506,2826
2921507,2826
2921508,2826
2921509,2882
2921510,2882
2921511,2882
2921512,2882
2921513,2882
2921514,2180
2921515,2180
2921516,2220
2921517,2220
2921518,2220
2921519,2220
2921520,2934
2921521,2934
2921522,2934
2921523,2934
2921524,3047
2921525,3047
2921526,3047
2921527,3047
2921528,3047
2921529,3047
2921530,3047
2921531,3262
2925406,3207
2925423,3485
2925424,3511
2925425,3849
2925451,3932
2925631,3086
2925632,3086
2925633,3086
2925634,3106
2925635,3106
2925636,3106
2925637,3106
2925638,3106
2925639,3106
2925640,3106
2925641,3058
2925642,3058
2925643,3058
2925644,3058
2925645,3058
2925646,3058
2925647,3058
2925648,3058
2925649,3036
2925650,3036
2925651,3036
2925652,3036
2925653,3036
2925654,3036
2925655,3036
2925671,2802
2925672,2802
2925674,2802
2925675,2802
2925676,2802
2925677,2802
2925678,2237
2925679,2196
2925680,2196
2925695,2210
2925696,2210
2925697,2210
2925698,2210
2925699,2210
2925700,2210
2925701,2259
2925702,2834
2925703,2834
2925704,2834
2925705,2468
2925706,2934
2925707,2934
2925708,2934
2925709,2926
2925710,2926
2925711,2926
2925712,2926
2925713,2926
2925714,2926
2925715,2460
2925716,2399
2925717,2399
2925718,2399
2925719,2855
2925720,2855
2925721,2855
2925722,2855
2925723,2855
2925724,2794
2925725,2794
2925726,2794
2925727,2794
2925728,2794
2925729,2794
2925730,2794
2925731,2842
2925732,2842
2925733,2842
2925734,2842
2925735,2842
2925736,2842
2925737,2842
2925738,2842
2925739,2794
2925740,2794
2925748,2744
2925766,2670
2925767,2670
2925768,2670
2925769,2620
2925775,2070
2925776,2010
2925777,2010
2925778,2010
2925795,2708
2925796,2708
2925797,2708
2925798,2708
2925799,2755
2925819,2844
2925820,2844
2925821,2826
2925822,2826
2925823,2826
2925824,2826
2925825,2826
2925826,2826
2925827,2826
2925828,2826
2925829,2882
2925830,2882
2925831,2882
2925832,2882
2925833,2882
2925834,2882
2925835,2180
2925836,2220
2925837,2220
2925838,2220
2925839,2934
2925840,2934
2925841,2934
2925842,2934
2925843,2934
2925844,3047
2925845,3047
2925846,3047
2925847,3047
2925848,3047
2925849,3047
2929743,3485
2929744,3511
2929762,3857
2929770,3932
2929771,3932
2929772,3932
2929777,3797
2929953,3086
2929954,3106
2929956,3106
2929957,3106
2929958,3106
2929959,3106
2929960,3106
2929961,3058
2929962,3058
2929963,3058
2929964,3058
2929965,3058
2929966,3058
2929967,3058
2929968,3058
2929969,3036
2929973,3036
2929974,3036
2929975,3036
2929991,2802
2929992,2802
2929993,2802
2929995,2802
2929996,2802
2929997,2802
2929998,2802
2929999,2196
2930000,2196
2930001,2196
2930008,2198
2930013,2198
2930014,2210
2930015,2210
2930016,2210
2930017,2210
2930018,2210
2930019,2210
2930020,2210
2930021,2259
2930022,2834
2930023,2834
2930024,2834
2930025,2259
2930026,2468
2930027,2468
2930028,2468
2930029,2460
2930030,2460
2930031,2926
2930032,2926
2930033,2926
2930034,2926
2930035,2460
2930036,2399
2930037,2399
2930038,2855
2930039,2855
2930040,2855
2930042,2855
2930043,2855
2930044,2794
2930045,2794
2930046,2794
2930047,2794
2930048,2794
2930049,2794
2930050,2794
2930051,2842
2930052,2842
2930053,2842
2930054,2842
2930055,2842
2930056,2842
2930057,2842
2930058,2842
2930059,2794
2930060,2794
2930068,2164
2930083,2110
2930084,2670
2930085,2670
2930086,2670
2930087,2670
2930088,2670
2930095,2620
2930096,2010
2930097,2010
2930098,2010
2930115,2708
2930116,2708
2930117,2708
2930118,2708
2930119,2755
2930137,2844
2930138,2844
2930139,2844
2930140,2844
2930141,2826
2930143,2826
2930144,2826
2930145,2826
2930146,2826
2930147,2826
2930148,2826
2930149,2882
2930150,2882
2930151,2882
2930152,2882
2930153,2882
2930154,2882
2930155,2180
2930156,2220
2930157,2220
2930158,2934
2930159,2934
2930160,2934
2930161,2934
2930162,2934
2930163,2934
2930164,3047
2930165,3047
2930166,2330
2934082,3857
2934087,3932
2934088,3932
2934089,3932
2934090,3932
2934092,3932
2934093,3932
2934186,2508
2934216,2770
2934217,2770
2934218,2770
2934219,2770
2934220,2770
2934278,3106
2934279,3106
2934280,3106
2934281,3058
2934282,3058
2934284,3058
2934285,3058
2934286,3058
2934287,3058
2934288,3058
2934289,3036
2934311,2802
2934312,2802
2934313,2802
2934314,2802
2934315,2802
2934316,2802
2934317,2802
2934318,2802
2934319,2770
2934320,2196
2934321,2196
2934322,2196
2934331,2198
2934332,2198
2934333,2198
2934334,2210
2934335,2210
2934336,2210
2934337,2210
2934338,2210
2934339,2210
2934340,2210
2934341,2259
2934342,2834
2934343,2834
2934344,2834
2934345,2834
2934346,2259
2934347,2468
2934348,2468
2934349,2460
2934350,2460
2934351,2926
2934352,2926
2934353,2926
2934354,2926
2934355,2460
2934356,2399
2934357,2399
2934358,2855
2934359,2855
2934361,2855
2934362,2855
2934363,2855
2934364,2794
2934365,2794
2934366,2794
2934367,2794
2934368,2794
2934369,2794
2934370,2794
2934371,2842
2934372,2842
2934373,2842
2934374,2842
2934375,2842
2934376,2842
2934377,2842
2934378,2842
2934379,2794
2934403,2110
2934404,2670
2934405,2670
2934406,2670
2934407,2670
2934411,2070
2934415,2620
2934416,2615
2934417,2615
2934418,2615
2934429,2643
2934435,2708
2934436,2708
2934437,2708
2934438,2708
2934439,2755
2934440,2755
2934448,2846
2934449,2846
2934456,2908
2934457,2844
2934458,2844
2934459,2844
2934461,2826
2934462,2826
2934463,2826
2934464,2826
2934465,2826
2934466,2826
2934467,2826
2934468,2826
2934469,2882
2934470,2882
2934471,2882
2934472,2882
2934473,2882
2934474,2882
2934475,2882
2934476,2934
2934477,2934
2934478,2934
2934479,2934
2934480,2934
2934481,2934
2934482,2934
2934483,2934
2934484,3047
2934485,3047
2938418,3797
2938419,3797
2938420,3797
2938506,2508
2938535,2770
2938537,2770
2938538,2770
2938539,2770
2938540,2770
2938598,3106
2938599,3106
2938600,3106
2938601,3058
2938602,3058
2938603,3058
2938604,3058
2938605,3058
2938606,3058
2938607,3058
2938608,3058
2938609,3036
2938631,2237
2938632,2802
2938633,2802
2938634,2802
2938635,2802
2938636,2802
2938637,2802
2938638,2802
2938639,2196
2938640,2196
2938641,2196
2938642,2196
2938652,2198
2938653,2198
2938656,2210
2938657,2210
2938658,2210
2938659,2789
2938660,2210
2938661,2834
2938662,2834
2938663,2834
2938664,2834
2938665,2834
2938666,2259
2938667,2468
2938668,2468
2938669,2460
2938670,2460
2938671,2926
2938672,2926
2938673,2926
2938674,2926
2938675,2460
2938676,2855
2938677,2855
2938678,2399
2938679,2399
2938681,2855
2938682,2855
2938683,2855
2938684,2794
2938685,2346
2938686,2346
2938687,2794
2938688,2794
2938689,2794
2938691,2842
2938692,2842
2938694,2842
2938695,2842
2938696,2842
2938699,2794
2938722,2110
2938723,2110
2938724,2670
2938725,2670
2938726,2670
2938737,2615
2938744,2643
2938755,2708
2938759,2755
2938760,2755
2938765,2755
2938766,2846
2938767,2846
2938768,2846
2938769,2846
2938770,2846
2938771,2846
2938772,2846
2938773,2846
2938774,2908
2938775,2908
2938776,2908
2938777,2908
2938778,2844
2938780,2844
2938781,2826
2938782,2826
2938783,2826
2938784,2826
2938785,2826
2938786,2826
2938787,2826
2938788,2826
2938789,2882
2938790,2882
2938791,2882
2938792,2882
2938794,2882
2938795,2882
2938796,2934
2938797,2934
2938800,2934
2938801,2934
2938802,2934
2938804,2330
2938805,2330
2938806,3047
2942693,3684
2942694,3684
2942738,3839
2942740,3839
2942741,3587
2942827,2601
2942855,2877
2942856,2877
2942857,2877
2942858,2877
2942859,2877
2942860,2877
2942918,3205
2942919,3205
2942920,3205
2942921,3165
2942922,3165
2942923,3165
2942924,3165
2942925,3165
2942926,3165
2942927,3165
2942928,3165
2942929,3129
2942951,2871
2942952,2283
2942953,2871
2942955,2871
2942956,2871
2942957,2871
2942958,2283
2942959,2243
2942960,2243
2942961,2243
2942962,2243
2942963,2243
2942976,2288
2942977,2288
2942978,2288
2942979,2288
2942980,2288
2942981,2887
2942982,2887
2942983,2887
2942984,2887
2942985,2887
2942986,2298
2942987,2510
2942988,2510
2942989,2494
2942990,2494
2942991,2494
2942992,2968
2942993,2968
2942994,2968
2942995,2968
2942996,2882
2942997,2882
2942998,2417
2942999,2417
2943000,2417
2943001,2417
2943002,2882
2943003,2882
2943004,2365
2943008,2825
2943009,2825
2943011,2858
2943012,2858
2943015,2858
2943016,2858
2943017,2858
2943018,2858
2943019,2870
2943027,2822
2943028,2822
2943042,2776
2943043,2776
2943044,2776
2943045,2776
2943067,2746
2943070,2746
2943083,2871
2943086,2947
2943087,2947
2943088,2947
2943089,2947
2943090,2947
2943091,2947
2943092,2947
2943093,2947
2943094,2997
2943095,2997
2943096,2997
2943097,2997
2943098,2997
2943100,2931
2943101,2939
2943102,2939
2943103,2939
2943104,2939
2943105,2939
2943106,2939
2943107,2939
2943108,2939
2943109,3043
2943110,3043
2943111,3043
2943113,3043
2943114,3043
2943115,3043
2943116,3108
2943117,3108
2943118,3108
2943119,3108
2947012,3684
2947013,3684
2947015,3684
2947047,3817
2947056,3839
2947057,3839
2947058,3839
2947062,3587
2947147,2601
2947148,2601
2947180,2877
2947238,3205
2947239,3205
2947240,3205
2947241,3165
2947242,3165
2947243,3165
2947244,3165
2947245,3165
2947246,3165
2947247,3165
2947248,3165
2947249,3129
2947271,2871
2947272,2871
2947273,2871
2947275,2871
2947276,2871
2947277,2871
2947278,2283
2947279,2243
2947281,2243
2947282,2243
2947283,2243
2947294,2288
2947295,2288
2947296,2288
2947297,2288
2947298,2288
2947299,2288
2947300,2885
2947301,2887
2947302,2887
2947303,2887
2947304,2887
2947305,2887
2947306,2298
2947307,2510
2947308,2510
2947309,2494
2947310,2494
2947311,2494
2947312,2968
2947313,2968
2947314,2968
2947315,2968
2947316,2882
2947317,2882
2947318,2417
2947319,2417
2947320,2417
2947321,2417
2947322,2882
2947323,2882
2947324,2825
2947328,2825
2947329,2825
2947330,2825
2947331,2858
2947332,2858
2947333,2858
2947335,2858
2947336,2858
2947337,2858
2947338,2858
2947339,2870
2947340,2254
2947347,2822
2947348,2822
2947363,2776
2947365,2776
2947376,2734
2947386,2746
2947390,2746
2947391,2823
2947405,2871
2947406,2947
2947407,2947
2947408,2947
2947409,2947
2947410,2947
2947411,2947
2947412,2947
2947413,2947
2947414,2997
2947415,2997
2947416,2997
2947417,2997
2947418,2997
2947419,2931
2947420,2931
2947421,2939
2947422,2939
2947423,2939
2947424,2939
2947425,2939
2947426,2939
2947427,2939
2947428,2939
2947429,3043
2947430,3043
2947431,3043
2947432,3043
2947433,3043
2947434,3043
2947435,3043
2947436,3108
2947437,3108
2947438,3108
2947439,3108
2951332,3684
2951335,3684
2951359,4000
2951374,3839
2951375,3839
2951376,3839
2951382,3587
2951560,3205
2951561,3165
2951562,3165
2951563,3165
2951564,3165
2951565,3165
2951566,3165
2951567,3165
2951568,3165
2951569,3129
2951591,2871
2951592,2283
2951593,2871
2951594,2871
2951595,2871
2951597,2871
2951598,2871
2951599,2833
2951600,2243
2951608,2236
2951610,2236
2951611,2236
2951615,2288
2951616,2288
2951617,2288
2951618,2288
2951619,2288
2951620,2885
2951621,2887
2951622,2887
2951623,2887
2951624,2887
2951625,2887
2951626,2298
2951627,2510
2951628,2510
2951629,2968
2951630,2968
2951631,2968
2951632,2968
2951633,2968
2951634,2968
2951635,2968
2951636,2882
2951637,2417
2951638,2417
2951639,2882
2951640,2417
2951641,2417
2951642,2882
2951643,2882
2951644,2825
2951645,2825
2951648,2825
2951649,2825
2951650,2825
2951651,2858
2951652,2858
2951653,2858
2951656,2858
2951657,2858
2951658,2858
2951659,2870
2951660,2254
2951661,2254
2951668,2822
2951696,2151
2951704,2746
2951705,2746
2951706,2746
2951709,2746
2951710,2746
2951711,2823
2951712,2823
2951713,2823
2951721,2871
2951722,2871
2951726,2947
2951727,2947
2951728,2947
2951729,2947
2951730,2947
2951731,2947
2951732,2947
2951733,2947
2951734,2997
2951735,2997
2951736,2997
2951737,2997
2951738,2997
2951739,2997
2951740,2997
2951741,3009
2951742,2939
2951743,2939
2951744,2939
2951745,2939
2951746,2939
2951747,2939
2951748,2939
2951750,3043
2951751,3043
2951752,3043
2951753,3043
2951754,3043
2951755,3043
2951756,3108
2951757,3108
2955653,3684
2955655,3684
2955656,3482
2955677,3952
2955684,4000
2955685,4000
2955686,3817
2955694,3839
2955695,3839
2955696,3839
2955700,3839
2955701,3587
2955702,3587
2955786,2601
2955884,3165
2955885,3165
2955886,3165
2955887,3165
2955888,3165
2955911,3049
2955913,3049
2955914,3049
2955915,2283
2955918,3049
2955919,3014
2955920,3014
2955928,3004
2955929,3004
2955930,3004
2955931,3004
2955935,2288
2955936,2288
2955937,2288
2955938,2288
2955939,3068
2955940,3068
2955941,3065
2955942,3065
2955943,3065
2955944,3065
2955945,3065
2955946,2298
2955947,2992
2955948,2992
2955949,2968
2955950,2968
2955951,2968
2955952,2968
2955953,2968
2955954,2968
2955955,2494
2955956,2417
2955957,2417
2955958,2417
2955959,2882
2955960,2882
2955961,2882
2955962,2882
2955963,2882
2955965,2825
2955966,2365
2955969,2825
2955970,2825
2955971,2858
2955972,2858
2955973,2858
2955974,2858
2955976,2393
2955977,2858
2955978,2858
2955979,2870
2955980,2254
2955982,2254
2955988,2217
2955999,2772
2956019,2734
2956020,2734
2956021,2734
2956022,2734
2956023,2734
2956024,2746
2956025,2746
2956027,2746
2956028,2746
2956029,2746
2956030,2746
2956031,2823
2956032,2823
2956033,2823
2956041,2871
2956045,2871
2956046,2947
2956047,2947
2956048,2947
2956049,2947
2956050,2947
2956051,2947
2956052,2947
2956053,2947
2956055,2997
2956056,2997
2956057,2997
2956058,2997
2956059,2997
2956061,3009
2956062,2939
2956063,2939
2956064,2939
2956065,2939
2956066,2939
2956067,2939
2956068,2939
2956069,3043
2956070,3043
2956071,3043
2956072,3043
2956073,3043
2956075,3043
2956076,3108
2956077,3108
2956078,3108
2959971,3684
2959972,3684
2959973,3684
2959975,3684
2959976,3482
2960015,3839
2960016,3839
2960018,3839
2960019,3839
2960020,3839
2960021,3587
2960107,2601
2960204,3165
2960205,3165
2960206,3165
2960233,3049
2960234,3049
2960235,2283
2960238,3049
2960239,2243
2960240,3014
2960248,2236
2960249,3004
2960250,3004
2960251,3004
2960252,2236
2960253,3004
2960255,2288
2960256,2288
2960257,2288
2960258,3068
2960259,3068
2960260,3068
2960261,3065
2960262,3065
2960263,3065
2960264,3065
2960265,3065
2960266,3065
2960267,2992
2960268,2992
2960269,2968
2960270,2494
2960271,2968
2960272,2968
2960273,2968
2960274,2968
2960275,2494
2960276,2417
2960277,2417
2960278,2417
2960279,2417
2960280,2882
2960281,2882
2960282,2882
2960285,2365
2960290,2825
2960291,2858
2960292,2858
2960293,2858
2960294,2858
2960297,2858
2960298,2858
2960299,2870
2960300,2254
2960304,2254
2960334,2152
2960339,2734
2960340,2734
2960341,2734
2960343,2734
2960344,2746
2960345,2746
2960348,2746
2960349,2746
2960350,2746
2960351,2823
2960365,2871
2960366,2947
2960367,2947
2960368,2947
2960369,2947
2960370,2947
2960371,2947
2960372,2947
2960376,2997
2960377,2997
2960378,2997
2960379,2997
2960380,2997
2960381,3009
2960382,2939
2960383,2939
2960384,2939
2960385,2939
2960386,2939
2960387,2939
2960388,2939
2960389,3043
2960390,3043
2960391,3043
2960395,3043
2960396,3108
2960397,3108
2964291,3684
2964292,3684
2964293,3684
2964294,3684
2964295,3684
2964296,3482
2964305,3586
2964312,3952
2964313,3952
2964314,3952
2964319,4000
2964341,3587
2964427,2601
2964523,2426
2964524,2426
2964525,2426
2964526,2426
2964552,3049
2964553,3049
2964554,3049
2964555,2283
2964560,2243
2964562,3014
2964563,3014
2964567,3004
2964568,2236
2964569,3004
2964570,2236
2964571,3004
2964572,2236
2964575,2288
2964576,2288
2964577,2288
2964578,3068
2964579,3068
2964580,3068
2964581,3065
2964582,3065
2964583,3065
2964584,3065
2964585,3065
2964586,2992
2964587,2992
2964588,2992
2964589,2968
2964590,2494
2964591,2968
2964592,2968
2964593,2968
2964594,2494
2964595,2494
2964596,2417
2964597,2417
2964598,2417
2964599,2417
2964600,2882
2964601,2882
2964608,2825
2964609,2825
2964610,2825
2964611,2858
2964612,2858
2964613,2858
2964614,2858
2964615,2858
2964616,2858
2964617,2858
2964618,2858
2964619,2870
2964620,2254
2964621,2254
2964624,2254
2964632,2822
2964633,2822
2964654,2152
2964655,2152
2964656,2151
2964659,2734
2964660,2734
2964665,2746
2964674,2823
2964684,2871
2964685,2871
2964686,2947
2964687,2947
2964688,2947
2964689,2947
2964690,2947
2964691,2947
2964692,2947
2964693,2947
2964694,2997
2964695,2997
2964696,2997
2964697,2997
2964698,2997
2964699,2997
2964700,2997
2964701,3009
2964702,3009
2964703,2939
2964704,2939
2964705,2939
2964706,2939
2964707,2939
2964708,2939
2964709,3043
2964710,3043
2964711,3043
2964717,2365
2968612,3640
2968613,3640
2968614,3640
2968615,3640
2968616,3604
2968623,3974
2968624,3912
2968625,3912
2968626,3912
2968628,3912
2968629,3912
2968630,3912
2968631,3872
2968632,3872
2968633,3872
2968660,3757
2968661,3634
2968843,2481
2968844,2481
2968845,2481
2968846,2481
2968872,3133
2968873,3133
2968874,3133
2968875,3133
2968879,2287
2968881,2287
2968882,3073
2968883,3073
2968884,3073
2968885,2287
2968887,3069
2968888,2281
2968889,3069
2968890,3069
2968891,3069
2968892,3069
2968893,2281
2968894,3130
2968895,3130
2968896,2345
2968897,3130
2968898,3130
2968899,3130
2968900,3130
2968901,3120
2968902,3120
2968903,3120
2968904,3120
2968905,3120
2968906,2335
2968907,2549
2968908,3043
2968909,2990
2968910,2510
2968911,2990
2968912,2990
2968913,2990
2968914,2510
2968915,2510
2968916,2451
2968917,2451
2968918,2451
2968919,2924
2968920,2924
2968921,2924
2968922,2924
2968923,2451
2968924,2396
2968925,2396
2968926,2396
2968927,2396
2968928,2868
2968929,2868
2968930,2868
2968931,2874
2968932,2874
2968933,2874
2968934,2874
2968935,2874
2968936,2874
2968938,2874
2968939,2932
2968940,2301
2968941,2301
2968942,2301
2968944,2301
2968947,2238
2968948,2238
2968952,2866
2968953,2866
2968963,2910
2968989,2880
2968990,2880
2968991,2931
2968992,2931
2968993,2931
2968994,2931
2968995,2931
2968996,2931
2969002,2993
2969003,2993
2969004,2993
2969005,2993
2969006,3046
2969007,3046
2969008,3046
2969009,3046
2969010,3046
2969011,3046
2969012,3046
2969013,3046
2969014,3062
2969015,3062
2969016,3062
2969017,3062
2969018,3062
2969019,3062
2969020,3062
2969021,3155
2969022,3155
2969023,3077
2969024,3077
2969025,3077
2969026,3077
2969027,3077
2969028,3077
2969029,3317
2969035,3317
2969036,2688
2969037,3437
2969038,3437
2969039,3437
2972943,3974
2972944,3912
2972945,3912
2972980,3757
2972981,3634
2973162,2481
2973163,2481
2973164,2481
2973165,2481
2973166,2481
2973191,3133
2973193,3133
2973194,3133
2973195,3133
2973196,2345
2973199,3073
2973201,2287
2973202,3073
2973203,3073
2973204,3073
2973205,3073
2973206,3069
2973207,3069
2973208,3069
2973209,3069
2973210,3069
2973211,3069
2973212,3069
2973214,3130
2973215,3130
2973216,3130
2973217,3130
2973218,3130
2973219,3130
2973220,3130
2973221,3120
2973222,3120
2973223,3120
2973224,3120
2973225,3120
2973226,2549
2973227,2549
2973228,2549
2973229,2990
2973230,2510
2973231,2510
2973232,2990
2973233,2510
2973234,2510
2973235,2510
2973236,2924
2973237,2924
2973238,2924
2973239,2924
2973240,2924
2973241,2924
2973242,2924
2973243,2451
2973244,2868
2973245,2396
2973246,2396
2973248,2868
2973249,2868
2973250,2868
2973251,2874
2973252,2874
2973253,2874
2973254,2874
2973257,2874
2973258,2874
2973260,2301
2973261,2301
2973267,2238
2973268,2238
2973269,2238
2973270,2866
2973271,2866
2973272,2866
2973273,2866
2973280,2887
2973283,2910
2973284,2910
2973285,2910
2973288,2910
2973307,2880
2973308,2880
2973309,2880
2973310,2880
2973311,2931
2973312,2931
2973313,2931
2973315,2931
2973318,2931
2973319,2993
2973320,2993
2973321,2993
2973322,2993
2973323,2993
2973324,2993
2973325,2993
2973326,3046
2973327,3046
2973328,3046
2973329,3046
2973330,3046
2973332,3046
2973333,3046
2973334,3062
2973335,3062
2973336,3062
2973337,3062
2973338,3062
2973339,3062
2973340,3062
2973341,3155
2973342,3155
2973343,3077
2973344,3077
2973345,3077
2973346,3077
2973347,3077
2973348,3077
2973350,3317
2973351,3317
2973355,3317
2973356,3437
2973357,3437
2973358,3437
2973359,2688
2977262,3974
2977263,3974
2977264,3912
2977351,2437
2977469,3229
2977470,3229
2977471,3229
2977472,3229
2977473,3229
2977474,3246
2977479,3246
2977480,3246
2977481,3251
2977482,2481
2977483,2481
2977484,2481
2977485,2481
2977486,2481
2977511,3133
2977513,3133
2977514,3133
2977515,2345
2977516,2345
2977518,2345
2977519,3073
2977521,2287
2977523,2287
2977524,3073
2977525,3073
2977526,3069
2977527,2281
2977528,3069
2977529,3069
2977530,3069
2977531,3069
2977532,3069
2977534,3130
2977535,3130
2977537,3130
2977538,3130
2977539,3130
2977540,3130
2977541,3120
2977542,3120
2977543,3120
2977544,3120
2977545,3120
2977546,3120
2977547,3043
2977548,2549
2977549,2510
2977550,2990
2977551,2990
2977552,2990
2977553,2510
2977554,2990
2977555,2990
2977556,2924
2977557,2924
2977558,2924
2977559,2924
2977560,2924
2977561,2924
2977562,2924
2977563,2924
2977564,2868
2977565,2868
2977566,2868
2977567,2868
2977568,2396
2977569,2396
2977570,2396
2977571,2402
2977572,2402
2977573,2874
2977574,2874
2977577,2874
2977578,2874
2977586,2238
2977587,2238
2977588,2238
2977589,2238
2977590,2866
2977591,2866
2977592,2866
2977593,2866
2977594,2887
2977603,2910
2977604,2910
2977605,2910
2977608,2910
2977609,2261
2977610,2876
2977611,2876
2977625,2880
2977626,2880
2977627,2880
2977628,2880
2977629,2880
2977630,2880
2977631,2931
2977632,2931
2977633,2931
2977634,2931
2977635,2931
2977636,2931
2977637,2931
2977638,2931
2977639,2993
2977640,2993
2977642,2993
2977643,2993
2977644,2993
2977645,2993
2977646,3046
2977647,3046
2977648,3046
2977649,3046
2977650,3046
2977651,3046
2977652,3046
2977653,3046
2977654,3062
2977656,3062
2977657,3062
2977658,3062
2977659,3062
2977660,3062
2977661,3155
2977662,3155
2977663,3155
2977665,3077
2977666,3077
2977667,3077
2977668,3077
2977670,3317
2977671,3317
2977675,2543
2977676,3437
2981789,3229
2981790,3229
2981791,3229
2981793,3229
2981794,3246
2981798,3246
2981799,3246
2981800,3246
2981801,3251
2981802,2481
2981803,2481
2981804,2481
2981805,2481
2981806,2481
2981831,3133
2981832,3133
2981835,3133
2981836,3133
2981837,2345
2981838,2345
2981839,3073
2981840,3073
2981841,3073
2981845,2287
2981848,2281
2981850,2281
2981851,3069
2981852,3069
2981853,3069
2981854,3130
2981855,3130
2981856,3130
2981857,3130
2981858,3130
2981859,3130
2981860,3130
2981861,3120
2981862,3120
2981863,3120
2981864,3120
2981865,3120
2981866,3120
2981867,3043
2981868,2549
2981869,2510
2981870,2990
2981871,2510
2981872,2510
2981873,2990
2981874,2990
2981875,2990
2981876,2924
2981877,2924
2981878,2924
2981879,2924
2981880,2924
2981881,2924
2981882,2924
2981883,2924
2981884,2868
2981885,2868
2981886,2868
2981887,2868
2981888,2396
2981889,2396
2981890,2396
2981891,2402
2981892,2402
2981894,2874
2981895,2874
2981896,2874
2981897,2874
2981906,2866
2981907,2866
2981908,2866
2981909,2866
2981910,2866
2981911,2866
2981912,2866
2981913,2866
2981914,2887
2981916,2887
2981917,2887
2981918,2887
2981919,2887
2981920,2887
2981921,2910
2981923,2910
2981924,2297
2981925,2297
2981926,2910
2981927,2910
2981928,2910
2981929,2876
2981932,2876
2981933,2876
2981934,2876
2981935,2261
2981936,2865
2981945,2880
2981946,2880
2981948,2880
2981949,2880
2981951,2931
2981952,2931
2981953,2931
2981954,2931
2981955,2931
2981956,2931
2981959,2993
2981960,2993
2981961,2993
2981962,2993
2981963,2993
2981964,2993
2981965,2993
2981966,3046
2981967,3046
2981968,3046
2981969,3046
2981970,3046
2981971,3046
2981972,3046
2981973,3046
2981974,3062
2981975,3062
2981976,3062
2981977,3062
2981978,3062
2981979,3062
2981980,3062
2981981,3155
2981982,3155
2981983,3155
2981984,3155
2981986,3077
2981987,3077
2981988,3077
2981993,3317
2986029,2612
2986109,3229
2986110,3229
2986111,3229
2986112,3229
2986113,3229
2986114,3246
2986117,3246
2986118,3246
2986119,3246
2986120,3246
2986121,3251
2986122,3251
2986123,2481
2986124,2481
2986125,2481
2986126,2481
2986151,3133
2986152,3133
2986153,3133
2986154,3133
2986155,3133
2986156,3133
2986157,3133
2986158,2345
2986159,3073
2986160,3073
2986161,3073
2986170,3069
2986171,3069
2986172,3069
2986173,3069
2986176,3130
2986177,3130
2986178,3130
2986179,3130
2986180,2345
2986181,3120
2986182,3120
2986183,2335
2986184,3120
2986185,3120
2986186,3120
2986187,3120
2986188,3043
2986189,2990
2986190,2510
2986191,2990
2986192,2990
2986193,2990
2986194,2990
2986195,2990
2986196,2924
2986200,2451
2986201,2924
2986202,2924
2986203,2924
2986204,2868
2986205,2868
2986206,2868
2986207,2868
2986208,2396
2986209,2396
2986210,2396
2986211,2402
2986212,2402
2986214,2874
2986216,2874
2986227,2866
2986228,2866
2986229,2866
2986230,2866
2986231,2866
2986232,2866
2986233,2866
2986234,2887
2986235,2887
2986236,2887
2986237,2887
2986238,2887
2986239,2887
2986240,2887
2986241,2910
2986242,2297
2986243,2297
2986247,2297
2986248,2910
2986249,2876
2986254,2876
2986265,2880
2986266,2880
2986267,2880
2986268,2880
2986271,2931
2986272,2931
2986273,2931
2986274,2931
2986275,2931
2986276,2931
2986279,2993
2986280,2993
2986281,2993
2986282,2993
2986283,2993
2986284,2993
2986285,2993
2986286,3046
2986287,3046
2986288,3046
2986289,3046
2986290,3046
2986291,3046
2986292,3046
2986294,3062
2986295,3062
2986296,3062
2986297,3062
2986298,3062
2986300,3062
2986301,3155
2986311,3317
2986312,3317
2986313,3317
2990429,3229
2990430,3229
2990431,3229
2990432,3229
2990433,3229
2990434,3246
2990437,3246
2990438,3246
2990439,3246
2990440,3246
2990441,3251
2990442,3251
2990443,3251
2990444,3251
2990471,3133
2990472,3133
2990473,3133
2990474,3133
2990475,3133
2990476,3133
2990477,3133
2990478,3133
2990479,3073
2990480,3073
2990481,3073
2990488,2281
2990489,2281
2990490,2281
2990492,3069
2990493,3069
2990496,3130
2990497,3130
2990498,3130
2990499,3130
2990500,3130
2990501,3120
2990502,3120
2990503,3120
2990504,2335
2990505,3120
2990506,3120
2990507,3120
2990508,2549
2990509,2510
2990510,2990
2990511,2990
2990512,2990
2990513,2990
2990514,2990
2990515,2990
2990521,2924
2990522,2924
2990523,2924
2990524,2868
2990525,2868
2990526,2868
2990527,2868
2990528,2396
2990529,2396
2990530,2396
2990531,2402
2990534,2874
2990536,2874
2990537,2874
2990538,2874
2990546,2866
2990547,2866
2990548,2866
2990550,2866
2990551,2866
2990552,2866
2990553,2866
2990554,2887
2990555,2887
2990556,2887
2990557,2887
2990558,2887
2990559,2887
2990560,2887
2990561,2910
2990562,2297
2990563,2297
2990564,2297
2990565,2297
2990566,2297
2990567,2297
2990568,2297
2990569,2876
2990570,2876
2990585,2880
2990586,2880
2990587,2880
2990588,2880
2990592,2931
2990593,2931
2990601,2993
2990602,2993
2990603,2993
2990604,2993
2990605,2993
2990606,3046
2990607,3046
2990608,3046
2990609,3046
2990610,3046
2990611,3046
2990612,3046
2990613,3046
2990617,3062
2990618,3062
2990619,3062
2990620,3062
2990621,3155
2990622,3155
2990632,3317
2990633,3317
2994749,3280
2994750,3280
2994751,3280
2994752,3280
2994753,3280
2994754,3290
2994757,3290
2994758,3290
2994759,3290
2994760,3290
2994761,3301
2994762,3301
2994763,3301
2994764,3301
2994765,3301
2994791,3175
2994792,3175
2994793,3175
2994794,3175
2994795,3175
2994796,3175
2994797,3175
2994798,3175
2994799,3141
2994800,3141
2994801,3141
2994803,3141
2994807,2312
2994808,2312
2994813,2312
2994814,3180
2994815,3180
2994816,3180
2994817,3180
2994818,3180
2994819,3180
2994820,3180
2994821,3154
2994822,2350
2994823,2350
2994824,2350
2994825,2350
2994826,3073
2994827,3073
2994828,3073
2994829,2996
2994830,2996
2994831,2996
2994832,2996
2994833,2996
2994834,2996
2994835,2996
2994839,2462
2994841,2950
2994842,2950
2994843,2950
2994844,2919
2994845,2919
2994846,2919
2994847,2919
2994848,2919
2994849,2919
2994850,2919
2994851,2948
2994854,2948
2994855,2948
2994858,2948
2994871,2950
2994872,2950
2994873,2950
2994874,2959
2994876,2959
2994878,2959
2994879,2959
2994880,2959
2994881,2945
2994882,2945
2994883,2298
2994884,2298
2994885,2298
2994886,2298
2994887,2298
2994888,2298
2994889,2274
2994890,2274
2994900,2976
2994905,2997
2994906,2997
2994907,2997
2994908,2997
2994909,2997
2994912,2323
2994913,2323
2994914,2323
2994915,2323
2994916,2323
2994921,3062
2994922,3062
2994923,3062
2994924,3062
2994925,3062
2994926,3140
2994927,3140
2994928,3140
2994929,3140
2994930,3140
2994931,3140
2994932,3140
2994933,3140
2994936,3183
2994937,3183
2994938,3183
2994939,3183
2994940,3183
2994941,3343
2994942,3343
2994947,3263
2999072,3280
2999073,3280
2999074,3290
2999076,3290
2999077,3290
2999078,3290
2999079,3290
2999080,3290
2999081,3301
2999082,3301
2999083,3301
2999084,3301
2999085,3301
2999086,3301
2999111,3175
2999112,3175
2999113,3175
2999114,3175
2999115,3175
2999116,3175
2999117,3175
2999118,3175
2999119,3141
2999120,3141
2999121,3141
2999133,3118
2999134,3180
2999135,3180
2999136,3180
2999138,3180
2999139,3180
2999140,3180
2999141,3154
2999142,2350
2999143,2350
2999144,2350
2999145,2350
2999146,2350
2999147,2566
2999148,2566
2999149,2996
2999150,2996
2999152,2996
2999153,2996
2999154,2996
2999155,2996
2999156,2950
2999157,2950
2999158,2950
2999159,2950
2999161,2950
2999162,2950
2999163,2950
2999164,2919
2999165,2919
2999166,2919
2999167,2919
2999168,2919
2999169,2919
2999170,2919
2999171,2948
2999172,2948
2999175,2948
2999183,2977
2999189,2950
2999190,2950
2999191,2950
2999194,2308
2999200,2959
2999201,2945
2999202,2945
2999203,2298
2999204,2298
2999205,2298
2999217,2976
2999218,2976
2999219,2976
2999223,2976
2999224,2997
2999225,2997
2999226,2997
2999232,2323
2999233,2323
2999234,2323
2999235,2323
2999236,2323
2999237,3021
2999240,3062
2999241,3062
2999242,3062
2999243,3062
2999244,2349
2999245,3062
2999246,3140
2999247,3140
2999248,3140
2999249,3140
2999250,3140
2999251,3140
2999252,3140
2999253,3140
2999255,3183
2999256,3183
2999257,3183
2999258,3183
3003344,3096
3003393,3280
3003394,3290
3003395,3290
3003396,3290
3003397,3290
3003398,3290
3003399,3290
3003400,3290
3003401,3301
3003402,3301
3003403,3301
3003404,3301
3003405,3301
3003406,3301
3003431,3175
3003432,3175
3003433,3175
3003434,3175
3003435,3175
3003436,3175
3003437,3175
3003438,3175
3003439,3141
3003440,3141
3003441,3141
3003442,2331
3003453,3118
3003454,3180
3003455,3180
3003456,3180
3003457,3180
3003458,3180
3003459,3180
3003460,3180
3003461,3154
3003462,2350
3003463,2350
3003464,2350
3003465,2350
3003466,2350
3003467,3073
3003468,3073
3003469,2996
3003470,2996
3003471,2996
3003472,2996
3003473,2996
3003474,2996
3003475,2996
3003476,2950
3003477,2950
3003478,2950
3003479,2950
3003480,2950
3003481,2950
3003482,2950
3003483,2950
3003484,2919
3003485,2919
3003486,2919
3003487,2919
3003488,2919
3003489,2919
3003490,2919
3003491,2948
3003492,2948
3003493,2948
3003494,2948
3003495,2948
3003510,2950
3003511,2950
3003513,2950
3003516,2959
3003517,2959
3003520,2959
3003522,2945
3003532,2274
3003538,2976
3003539,2976
3003542,2976
3003543,2976
3003544,2997
3003545,2997
3003546,2997
3003552,2323
3003553,2323
3003554,2323
3003556,2323
3003558,3021
3003560,2349
3003561,3062
3003562,3062
3003563,3062
3003564,3062
3003565,3062
3003566,3140
3003567,3140
3003568,3140
3003569,3140
3003570,3140
3003571,3140
3003572,3140
3003573,3140
3003574,3183
3003575,3183
3003576,3183
3003577,3183
3003578,3183
3007600,2188
3007617,2718
3007713,3280
3007714,3290
3007715,3290
3007716,3290
3007717,3290
3007718,3290
3007720,3290
3007721,3301
3007722,3301
3007752,3175
3007753,3175
3007754,2361
3007755,3175
3007756,3175
3007758,3175
3007759,3141
3007760,3141
3007761,3141
3007762,3141
3007774,3180
3007775,3180
3007776,3180
3007777,3180
3007778,3180
3007779,3180
3007780,3180
3007781,3154
3007782,2350
3007783,2350
3007784,2350
3007785,2350
3007786,3073
3007787,3073
3007788,3073
3007789,2996
3007790,2996
3007791,2996
3007792,2996
3007793,2996
3007794,2996
3007795,2996
3007796,2950
3007797,2950
3007798,2950
3007799,2950
3007800,2950
3007801,2950
3007802,2950
3007803,2950
3007804,2919
3007805,2919
3007806,2919
3007807,2919
3007808,2919
3007809,2919
3007810,2919
3007814,2948
3007816,2948
3007830,2950
3007846,2945
3007858,2976
3007859,2976
3007861,2976
3007862,2976
3007863,2976
3007864,2997
3007865,2997
3007866,2997
3007877,3021
3007878,3021
3007879,3062
3007881,3062
3007882,3062
3007883,3062
3007884,3062
3007885,3062
3007886,3140
3007887,3140
3007888,3140
3007889,3140
3007890,3140
3007891,3140
3007892,3140
3007893,3140
3007894,3183
3007895,3183
3007897,3183
3011883,2842
3011884,2725
3011937,2718
3012006,3145
3012007,3145
3012033,3280
3012034,3290
3012035,3290
3012036,3290
3012037,3290
3012038,3290
3012039,3290
3012040,3290
3012041,3301
3012042,3301
3012043,3301
3012073,3175
3012074,3175
3012075,3175
3012076,3175
3012077,3175
3012078,3175
3012079,3141
3012080,3141
3012081,3141
3012082,3141
3012083,3141
3012084,3141
3012085,3141
3012094,3180
3012095,2378
3012096,2378
3012097,3180
3012098,3180
3012099,3180
3012100,3180
3012101,2350
3012102,2350
3012103,2350
3012104,2350
3012105,3073
3012106,3073
3012108,3073
3012109,2996
3012110,2996
3012112,2996
3012113,2996
3012114,2996
3012115,2996
3012116,2950
3012117,2950
3012118,2950
3012119,2950
3012120,2950
3012121,2950
3012122,2950
3012123,2950
3012124,2919
3012125,2919
3012126,2919
3012127,2919
3012128,2919
3012129,2919
3012130,2919
3012131,2948
3012135,2948
3012136,2948
3012137,2948
3012150,2950
3012151,2950
3012157,2959
3012161,2945
3012170,2913
3012171,2913
3012172,2913
3012173,2274
3012178,2976
3012185,2307
3012186,2307
3012187,2307
3012188,2997
3012189,2997
3012190,2997
3012191,3021
3012197,3021
3012198,3021
3012199,3062
3012202,3062
3012203,3062
3012204,3062
3012205,3062
3012206,3140
3012207,3140
3012208,3140
3012209,3140
3012210,3140
3012215,3183
3012216,3183
3012217,3183
3016203,2842
3016204,2725
3016326,3145
3016327,3145
3016328,3145
3016352,3280
3016353,3280
3016354,3290
3016355,3290
3016356,3290
3016357,3290
3016358,3290
3016359,3290
3016360,3290
3016361,3301
3016394,3175
3016395,3175
3016396,3175
3016397,3175
3016398,3175
3016399,3141
3016400,3141
3016401,3141
3016402,3141
3016403,3141
3016404,3141
3016405,3141
3016406,3118
3016414,2378
3016417,3180
3016418,3180
3016419,3180
3016420,3180
3016421,2350
3016422,2350
3016423,2350
3016424,3073
3016425,3073
3016426,3073
3016427,3073
3016428,3073
3016429,2996
3016432,2996
3016433,2996
3016434,2996
3016435,2996
3016436,2950
3016437,2950
3016438,2950
3016439,2950
3016440,2950
3016441,2950
3016442,2950
3016443,2950
3016444,2919
3016445,2919
3016446,2919
3016456,2948
3016457,2948
3016481,2945
3016482,2945
3016486,2945
3016487,2945
3016488,2945
3016489,2913
3016490,2913
3016491,2913
3016492,2913
3016493,2913
3016494,2913
3016495,2913
3016498,2976
3016499,2976
3016503,2976
3016504,2997
3016505,2307
3016506,2307
3016507,2307
3016508,2307
3016509,2997
3016510,2997
3016511,3021
3016512,3021
3016513,3021
3016514,3021
3016515,3021
3016516,3021
3016517,3021
3016518,3021
3016519,3062
3016521,3062
3016523,3062
3016524,3062
3016525,3062
3016526,3140
3016527,3140
3016528,3140
3016529,3140
3016536,3183
3020523,2785
3020524,2823
3020646,3220
3020647,3220
3020648,3220
3020672,3334
3020673,3334
3020674,3365
3020675,3365
3020676,3365
3020677,3365
3020678,3365
3020679,3365
3020680,3365
3020681,3349
3020682,3349
3020717,3272
3020718,3272
3020719,3194
3020720,3194
3020721,2369
3020722,3194
3020723,3194
3020724,3194
3020725,3194
3020726,2372
3020727,2372
3020733,3201
3020734,2411
3020735,2411
3020736,3235
3020737,3235
3020738,3235
3020739,3235
3020740,3235
3020741,3169
3020742,3169
3020743,3084
3020744,3084
3020745,3084
3020746,3084
3020747,3084
3020748,3084
3020749,2979
3020751,2979
3020752,2979
3020753,2979
3020754,2979
3020755,2979
3020756,2992
3020757,2992
3020758,2992
3020759,2992
3020760,2490
3020761,2490
3020762,2490
3020763,2992
3020764,3013
3020765,3013
3020766,3013
3020776,3005
3020802,3001
3020803,2343
3020805,2343
3020806,3001
3020807,3001
3020808,3001
3020809,3039
3020810,3039
3020811,3039
3020812,2380
3020813,3039
3020814,3039
3020815,3039
3020822,3060
3020823,3060
3020824,3108
3020825,2386
3020826,2386
3020827,2386
3020828,3108
3020829,3108
3020830,3108
3020831,3088
3020832,3088
3020833,3088
3020835,3088
3020836,3088
3020837,3088
3020838,3088
3020839,3135
3020840,3135
3020841,3135
3020843,3135
3020844,3135
3020846,3193
3020847,3193
3020848,3193
3020849,3193
3020855,3262
3020856,3262
3024843,2785
3024951,3161
3024952,3161
3024953,3161
3024954,3161
3024955,3161
3024956,3202
3024965,3220
3024966,3220
3024967,3220
3024968,3220
3024969,3220
3024992,3334
3024993,3334
3024994,3365
3024995,3365
3024996,3365
3024997,3365
3024998,3365
3024999,3365
3025000,3365
3025001,3349
3025002,3349
3025037,2428
3025038,3272
3025039,3194
3025040,2369
3025042,3194
3025043,3194
3025044,3194
3025045,3194
3025046,3201
3025047,2372
3025052,2372
3025053,3201
3025054,3235
3025055,3235
3025056,3235
3025057,3235
3025058,3235
3025059,3235
3025060,3235
3025061,2348
3025062,2348
3025063,3084
3025064,3084
3025065,2566
3025068,3084
3025071,2979
3025072,2979
3025073,2979
3025074,2979
3025075,2979
3025076,2992
3025077,2992
3025078,2992
3025079,2992
3025080,2490
3025081,2490
3025082,2490
3025083,2992
3025084,3013
3025085,3013
3025086,3013
3025096,3005
3025097,3005
3025120,2999
3025126,3001
3025127,3001
3025128,3001
3025129,3039
3025130,3039
3025131,3039
3025132,3039
3025133,3039
3025141,3060
3025142,3060
3025143,3060
3025144,3108
3025145,2386
3025146,2386
3025149,3108
3025150,3108
3025152,3088
3025153,3088
3025154,3088
3025155,3088
3025156,3088
3025157,3088
3025158,3088
3025159,3135
3025160,3135
3025161,3135
3025162,3135
3025163,3135
3025167,3193
3025168,3193
3025169,3193
3025170,3193
3025171,3193
3025173,3193
3025174,3262
3025175,3262
3025176,3262
3029163,2785
3029205,2201
3029272,3161
3029273,3161
3029274,3161
3029275,3161
3029276,3202
3029277,3202
3029278,3202
3029280,3202
3029285,3220
3029286,3220
3029287,3220
3029288,3220
3029309,3334
3029311,3334
3029312,3334
3029315,3365
3029316,3365
3029317,3365
3029318,3365
3029319,3365
3029320,3365
3029321,3349
3029322,3349
3029323,3349
3029356,2428
3029357,3272
3029358,3272
3029359,3194
3029363,3194
3029364,3194
3029365,3194
3029366,3201
3029367,3201
3029368,3201
3029373,3201
3029374,2411
3029375,3235
3029376,3235
3029377,3235
3029378,3235
3029379,3235
3029380,2411
3029381,3169
3029382,2348
3029383,3084
3029384,2566
3029388,3084
3029390,2979
3029391,2979
3029392,2979
3029393,2979
3029394,2979
3029395,2979
3029396,2992
3029397,2992
3029398,2992
3029399,2992
3029400,2490
3029401,2490
3029402,2490
3029403,2490
3029404,2505
3029405,3013
3029406,3013
3029417,3005
3029429,3009
3029436,2337
3029438,2999
3029439,2999
3029440,2999
3029445,2343
3029451,2380
3029455,2380
3029456,2405
3029457,2405
3029458,2405
3029459,2346
3029461,3060
3029462,3060
3029463,3060
3029464,3108
3029465,3108
3029466,3108
3029468,3108
3029470,3108
3029472,3088
3029473,3088
3029474,3088
3029475,3088
3029476,3088
3029477,3088
3029478,3088
3029479,3135
3029480,3135
3029481,3135
3029482,3135
3029483,3135
3029484,3135
3029489,3193
3029490,3193
3029491,3193
3029492,3193
3029493,3193
3029496,3262
3033501,2528
3033526,2201
3033592,3161
3033593,3161
3033594,3161
3033595,3161
3033596,3202
3033597,3202
3033598,3202
3033602,3202
3033603,3202
3033604,3220
3033606,3220
3033607,3220
3033608,3220
3033630,3334
3033631,3334
3033632,3334
3033634,3365
3033635,3365
3033636,3365
3033637,3365
3033638,3365
3033639,3365
3033640,3365
3033641,3349
3033642,3349
3033643,3349
3033644,3349
3033676,3272
3033677,3272
3033678,3272
3033679,3194
3033680,3194
3033684,3194
3033685,3194
3033686,3201
3033687,3201
3033688,3201
3033689,3201
3033690,2372
3033693,2372
3033695,3235
3033696,3235
3033697,3235
3033698,3235
3033699,3235
3033700,3235
3033701,2348
3033702,3084
3033703,2566
3033704,2566
3033705,2566
3033708,3084
3033709,2979
3033710,2979
3033712,2979
3033713,2979
3033714,2979
3033715,2979
3033716,2992
3033717,2992
3033718,2992
3033719,2992
3033720,2490
3033721,2490
3033722,2490
3033723,2490
3033724,2505
3033725,3013
3033726,3013
3033737,3005
3033738,3005
3033750,3009
3033751,3009
3033752,3009
3033760,2999
3033761,3001
3033762,3001
3033763,3001
3033764,3001
3033765,2343
3033774,3039
3033775,2380
3033776,3060
3033777,2405
3033778,2405
3033779,3060
3033780,3060
3033781,3060
3033782,3060
3033783,3060
3033784,3108
3033785,3108
3033792,3088
3033793,3088
3033794,3088
3033795,3088
3033796,3088
3033797,3088
3033798,3088
3033799,3135
3033800,3135
3033801,3135
3033802,3135
3033808,3193
3033809,3193
3033810,3193
3033814,3262
3033815,3262
3037803,2785
3037848,2922
3037912,3161
3037913,3161
3037914,3161
3037915,3161
3037916,3202
3037917,3202
3037918,3202
3037922,3202
3037923,3202
3037924,3220
3037951,3334
3037952,3334
3037953,3334
3037954,3365
3037955,3365
3037956,3365
3037957,3365
3037958,3365
3037959,3365
3037960,3365
3037961,3349
3037962,3349
3037963,3349
3037998,2428
3037999,3194
3038005,2369
3038007,3201
3038008,3201
3038009,3201
3038010,3201
3038011,2372
3038012,3201
3038013,3201
3038014,2411
3038015,3235
3038016,3235
3038017,3235
3038018,3235
3038019,3235
3038020,3235
3038021,3084
3038022,3084
3038023,3084
3038024,3084
3038025,3084
3038028,3084
3038029,2979
3038030,2979
3038031,2979
3038032,2979
3038033,2979
3038034,2979
3038035,2979
3038036,2992
3038037,2992
3038038,2992
3038039,2992
3038040,2992
3038041,2992
3038042,2992
3038043,2992
3038044,2505
3038045,2505
3038046,2505
3038047,3013
3038048,3013
3038049,3013
3038050,3013
3038051,3005
3038052,3005
3038069,3009
3038070,3009
3038071,3009
3038081,3001
3038083,3001
3038084,3001
3038085,3001
3038088,2343
3038093,3039
3038094,3039
3038095,3039
3038096,3060
3038097,2405
3038098,3060
3038099,3060
3038100,3060
3038101,3060
3038102,3060
3038103,3060
3038104,3108
3038105,3108
3038106,3108
3038107,3108
3038108,3108
3038109,3108
3038110,3108
3038111,3088
3038112,3088
3038113,3088
3038114,3088
3038115,3088
3038116,3088
3038117,3088
3038118,3088
3038119,3135
3038120,3135
3038123,3135
3038124,3135
3038125,3135
3038128,3193
3038129,3193
3038130,3193
3038131,3193
3038132,3193
3038133,3193
3038134,3262
3042169,2821
3042232,3161
3042233,3161
3042234,3161
3042235,3161
3042236,3202
3042237,3202
3042238,3202
3042270,3334
3042271,3334
3042272,3334
3042273,3334
3042274,3365
3042275,3365
3042276,3365
3042277,3365
3042278,3365
3042279,3365
3042280,3365
3042281,3349
3042282,3349
3042318,3272
3042319,3194
3042324,3194
3042327,3201
3042328,3201
3042329,3201
3042330,3201
3042331,3201
3042332,3201
3042333,3201
3042334,3235
3042336,3235
3042337,3235
3042338,3235
3042339,2411
3042340,2411
3042341,2348
3042342,3084
3042343,3084
3042344,3084
3042348,3084
3042349,2979
3042350,2979
3042351,2979
3042352,2979
3042353,2979
3042354,2979
3042355,2979
3042356,2992
3042357,2992
3042358,2992
3042359,2992
3042360,2992
3042361,2992
3042362,2992
3042363,2992
3042364,2505
3042365,2505
3042366,2505
3042369,3013
3042370,3013
3042371,3005
3042372,3005
3042373,3005
3042388,3009
3042389,3009
3042390,3009
3042391,2346
3042396,2337
3042401,3001
3042402,3001
3042404,3001
3042405,3001
3042406,2343
3042407,2343
3042408,2343
3042409,2380
3042410,2380
3042411,3039
3042412,3039
3042413,3039
3042414,3039
3042417,3060
3042419,3060
3042420,3060
3042421,3060
3042422,3060
3042423,3060
3042424,3108
3042425,3108
3042426,3108
3042427,3108
3042428,3108
3042429,3108
3042430,3108
3042431,3088
3042432,3088
3042433,3088
3042434,3088
3042435,3088
3042436,3088
3042437,3088
3042438,3088
3042439,3135
3042440,3135
3042443,3135
3042444,3135
3042445,3135
3042446,3193
3042447,3193
3042448,3193
3042449,3193
3042450,3193
3042451,3193
3042452,3193
3042453,3193
3042454,3262
3042455,3262
3042456,3262
3046552,3145
3046553,3145
3046554,3145
3046555,3145
3046557,3159
3046558,3159
3046591,3402
3046592,3402
3046593,3402
3046594,3426
3046595,3426
3046596,3426
3046597,3426
3046598,3426
3046599,3426
3046600,3426
3046638,3321
3046639,3248
3046640,3248
3046641,3248
3046642,3248
3046643,2394
3046644,3248
3046645,2394
3046646,2412
3046647,2412
3046648,3252
3046649,3252
3046650,3252
3046651,3252
3046652,3252
3046653,3252
3046654,3274
3046655,3274
3046656,3274
3046657,3274
3046658,3274
3046659,3274
3046660,2434
3046661,3146
3046662,3146
3046667,3146
3046668,3146
3046669,3062
3046670,3062
3046671,3062
3046672,3062
3046673,3062
3046674,3062
3046675,3062
3046676,3050
3046677,3050
3046678,3050
3046679,3050
3046680,3050
3046681,3050
3046682,3050
3046683,3050
3046684,2532
3046685,2532
3046686,2532
3046687,2532
3046688,3059
3046689,3059
3046690,3059
3046691,3166
3046692,3166
3046695,3166
3046696,3166
3046708,3115
3046709,3115
3046710,3115
3046717,3115
3046720,3115
3046721,3113
3046722,3113
3046723,3113
3046724,3113
3046725,3113
3046726,2435
3046727,2435
3046728,2435
3046729,2441
3046730,2441
3046731,3111
3046732,3111
3046733,3111
3046737,3167
3046739,3167
3046740,3167
3046741,3167
3046742,3167
3046743,3167
3046744,3163
3046745,3163
3046746,3163
3046747,3163
3046748,3163
3046749,3163
3046750,3163
3046751,3147
3046752,3147
3046753,3147
3046754,3147
3046755,3147
3046756,3147
3046757,3147
3046758,3147
3046759,3213
3046760,3213
3046762,3213
3046763,3213
3046764,3213
3046765,3213
3046766,3268
3046767,3268
3046768,3268
3046769,3268
3046770,3268
3046773,3268
3046774,3363
3046775,3363
3046776,3363
3050912,3402
3050913,3402
3050914,3426
3050915,3426
3050916,3426
3050917,3426
3050918,3426
3050958,2450
3050959,2394
3050960,3248
3050961,2394
3050966,2412
3050967,3252
3050968,2412
3050970,3252
3050971,3252
3050972,3252
3050973,3252
3050974,3274
3050975,3274
3050976,3274
3050977,3274
3050978,3274
3050979,2434
3050980,3186
3050981,3146
3050982,3146
3050984,3146
3050985,3146
3050986,3146
3050987,3146
3050988,3146
3050989,3062
3050990,3062
3050991,3062
3050992,3062
3050993,3062
3050994,3062
3050995,3062
3050996,3050
3050997,3050
3050998,3050
3050999,3050
3051000,3050
3051001,3050
3051002,3050
3051003,3050
3051004,2532
3051005,2532
3051006,2532
3051007,2532
3051008,3059
3051009,3059
3051015,3166
3051016,3166
3051018,3166
3051028,3115
3051029,3115
3051030,3115
3051031,3115
3051032,3115
3051033,3115
3051039,3115
3051040,3115
3051041,3113
3051042,3113
3051045,3113
3051046,3113
3051047,3113
3051048,3113
3051049,3111
3051050,3111
3051051,3111
3051052,3111
3051053,3111
3051057,3167
3051060,3167
3051061,3167
3051062,3167
3051063,3167
3051064,3163
3051065,3163
3051066,3163
3051067,3163
3051068,3163
3051069,3163
3051070,3163
3051071,3147
3051072,3147
3051073,3147
3051074,3147
3051075,3147
3051076,3147
3051077,3147
3051078,3147
3051079,3213
3051080,3213
3051081,3213
3051083,3213
3051084,3213
3051085,3213
3051086,3268
3051088,3268
3051089,3268
3051093,3268
3051094,3363
3055231,3402
3055232,3402
3055233,3402
3055234,3426
3055235,3426
3055236,3426
3055237,3426
3055238,3426
3055279,3248
3055280,3248
3055287,2412
3055290,3252
3055294,3274
3055295,3274
3055296,3274
3055297,3274
3055298,3274
3055299,2434
3055300,2434
3055301,3146
3055303,3146
3055304,3146
3055305,3146
3055306,3146
3055307,3146
3055308,3146
3055309,3062
3055310,3062
3055311,3062
3055312,3062
3055313,3062
3055314,3062
3055315,3062
3055316,3050
3055317,3050
3055318,3050
3055319,3050
3055320,3050
3055321,2525
3055322,3050
3055324,2532
3055325,2532
3055326,2532
3055327,2532
3055328,3059
3055329,3059
3055331,3166
3055336,3166
3055337,3166
3055338,3166
3055348,3115
3055349,3115
3055350,3115
3055351,3115
3055352,3115
3055353,3115
3055355,3115
3055359,3115
3055360,3115
3055361,3113
3055362,3113
3055363,3113
3055364,3113
3055365,3113
3055366,3113
3055367,3113
3055368,3113
3055369,3111
3055370,3111
3055371,3111
3055372,3111
3055373,3111
3055377,3167
3055378,3167
3055380,3167
3055381,3167
3055382,3167
3055383,3167
3055384,3163
3055385,3163
3055386,3163
3055387,3163
3055388,3163
3055389,3163
3055390,3163
3055391,3147
3055394,3147
3055395,3147
3055396,3147
3055397,3147
3055398,3147
3055399,3213
3055400,3213
3055401,3213
3055402,2453
3055403,2453
3055404,3213
3055406,3268
3055407,3268
3055408,3268
3059550,3402
3059551,3402
3059552,3402
3059553,3402
3059554,3426
3059555,3426
3059556,3426
3059557,3426
3059558,3426
3059597,2450
3059598,3321
3059599,3248
3059600,3248
3059601,3248
3059602,3248
3059603,3248
3059604,3248
3059605,3248
3059606,2412
3059607,2412
3059608,2412
3059609,2412
3059611,3252
3059612,3252
3059615,3274
3059616,3274
3059617,3274
3059619,3274
3059620,3274
3059621,3236
3059622,3236
3059623,3236
3059624,3236
3059626,3236
3059627,3236
3059628,3236
3059629,3151
3059630,3151
3059631,3151
3059632,3151
3059633,3151
3059634,3151
3059635,3151
3059636,3138
3059637,3138
3059638,3138
3059639,3138
3059641,2309
3059648,3059
3059649,3059
3059650,3059
3059651,3166
3059653,3166
3059657,2631
3059670,3232
3059674,3231
3059690,3224
3059692,3224
3059693,3224
3059694,3224
3059695,3224
3059696,3281
3059697,3281
3059698,3281
3059699,3281
3059700,3167
3059701,3167
3059702,3167
3059703,3167
3059704,3163
3059705,3163
3059706,3163
3059707,3163
3059713,3147
3059714,3147
3059715,3147
3059716,3147
3059717,3147
3059719,3213
3059720,3213
3059721,3213
3059727,3268
3059728,3268
3063869,3402
3063870,3402
3063871,3402
3063872,3402
3063873,3402
3063874,3426
3063875,3426
3063876,3426
3063877,3426
3063878,3426
3063879,3426
3063917,2450
3063918,3321
3063919,2394
3063920,2394
3063921,2394
3063922,2394
3063923,2394
3063924,3248
3063925,3248
3063926,3252
3063927,3252
3063928,3252
3063929,3252
3063930,3252
3063931,3252
3063932,3252
3063935,3274
3063936,3274
3063937,3274
3063938,3274
3063940,3274
3063941,3236
3063942,3236
3063943,3236
3063944,3236
3063945,3236
3063946,3236
3063947,3236
3063948,3236
3063949,3151
3063950,3151
3063951,3151
3063952,3151
3063953,3151
3063954,3151
3063955,3151
3063956,3138
3063957,3138
3063958,2309
3063963,3050
3063969,3059
3063970,3059
3063971,3166
3063972,3166
3063977,2631
3063990,3232
3063993,3232
3063994,3231
3063995,3231
3064013,3224
3064014,3224
3064015,3224
3064016,3281
3064017,3281
3064018,3281
3064019,3281
3064020,3281
3064021,3167
3064022,3167
3064023,3167
3064024,3163
3064026,3163
3064027,3163
3064034,3147
3064035,3147
3064037,3147
3064041,3213
3068191,3402
3068192,3402
3068193,3402
3068194,3426
3068195,3426
3068196,3426
3068197,3426
3068198,3426
3068199,3426
3068237,2450
3068238,2450
3068239,2394
3068240,2394
3068241,2394
3068242,2394
3068243,2394
3068244,3248
3068245,3248
3068246,3252
3068247,2412
3068248,3252
3068249,3252
3068250,3252
3068251,3252
3068252,3252
3068254,3274
3068255,3274
3068256,3274
3068257,3274
3068258,3274
3068259,3274
3068260,3274
3068261,3236
3068262,3236
3068263,3236
3068264,3236
3068265,3236
3068266,3236
3068267,3236
3068268,3236
3068269,3151
3068270,3151
3068271,3151
3068272,3151
3068273,3151
3068274,3151
3068275,3151
3068276,3138
3068277,3138
3068283,3050
3068288,3059
3068289,3059
3068290,3059
3068291,3166
3068292,3166
3068296,2631
3068297,2631
3068298,2631
3068299,2459
3068313,3232
3068314,3231
3068315,3231
3068334,3224
3068338,3281
3068339,3281
3068344,3163
3068345,3163
3068346,3163
3068347,3163
3068354,3147
3068355,3147
3068356,3147
3068359,3213
3068360,3213
3068361,3213
3072513,3484
3072514,3487
3072515,3487
3072516,3487
3072520,3487
3072558,2501
3072559,2485
3072560,2485
3072561,2485
3072562,2485
3072563,2485
3072564,3373
3072565,3373
3072566,3327
3072567,3327
3072568,3327
3072569,3327
3072570,3327
3072571,3327
3072572,3327
3072573,3327
3072574,3333
3072575,3333
3072576,3333
3072577,3333
3072578,3333
3072579,3333
3072580,3333
3072581,3354
3072582,3354
3072583,3354
3072584,3354
3072585,3354
3072586,3354
3072587,3354
3072588,3354
3072589,3357
3072590,3357
3072591,3357
3072592,3357
3072593,3357
3072594,3357
3072595,3357
3072596,3329
3072597,3329
3072598,2447
3072606,3317
3072608,3317
3072616,3544
3072617,3544
3072618,3544
3072619,2821
3072628,3454
3072656,3357
3072657,3357
3072658,3357
3072660,3357
3072663,3230
3072664,3222
3072665,3222
3072679,3290
3072680,3290
3072681,3290
3072682,2507
3076833,3484
3076834,3487
3076835,3487
3076836,3487
3076839,3487
3076840,3487
3076841,3485
3076878,2501
3076879,2485
3076880,2485
3076881,2485
3076882,2485
3076883,2485
3076884,3373
3076885,3373
3076886,3327
3076887,3327
3076888,3327
3076889,3327
3076890,3327
3076891,3327
3076892,3327
3076893,3327
3076894,3333
3076895,3333
3076896,3333
3076897,3333
3076898,3333
3076899,3333
3076900,3333
3076901,3354
3076902,3354
3076903,3354
3076904,3354
3076905,3354
3076906,3354
3076907,3354
3076908,3354
3076909,3357
3076910,3357
3076911,3357
3076912,3357
3076913,3357
3076914,3357
3076915,3357
3076916,3329
3076917,2447
3076918,3329
3076919,3329
3076920,2447
3076925,3317
3076926,3317
3076927,3317
3076928,3317
3076937,3544
3076938,3544
3076939,2821
3076940,2821
3076945,3560
3076946,3454
3076947,3454
3076948,3454
3076978,3357
3076979,3357
3077002,2507
3081154,3487
3081155,3487
3081158,3487
3081159,3487
3081160,3487
3081161,3485
3081162,3485
3081163,3485
3081198,2501
3081199,2485
3081200,2485
3081201,2485
3081202,3373
3081203,3373
3081204,3373
3081205,3373
3081206,3327
3081207,3327
3081208,3327
3081209,3327
3081210,3327
3081211,3327
3081212,3327
3081214,3333
3081215,3333
3081216,3333
3081217,3333
3081218,3333
3081219,3333
3081220,3333
3081222,3354
3081223,3354
3081224,3354
3081225,3354
3081226,3354
3081227,3354
3081228,2473
3081229,2473
3081230,2473
3081231,3357
3081232,3357
3081233,3357
3081234,3357
3081235,3357
3081236,2447
3081237,3329
3081238,3329
3081239,3329
3081245,3317
3081246,3317
3081247,3317
3081248,3317
3081249,3317
3081254,3544
3081258,3544
3081259,2821
3081260,2821
3081261,2821
3081265,3560
3081266,3454
3081267,3454
3081268,3454
3081269,3454
3081299,3357
3081320,3417
3081322,3417
3085468,3484
3085469,3484
3085470,3484
3085478,3487
3085479,3487
3085480,3487
3085481,3485
3085482,3485
3085483,3485
3085516,2501
3085517,2501
3085518,3405
3085519,2485
3085520,2485
3085521,3373
3085522,3373
3085523,3373
3085524,3373
3085525,3373
3085526,3327
3085527,3327
3085528,3327
3085529,3327
3085530,3327
3085531,3327
3085532,3327
3085535,3333
3085536,3333
3085537,3333
3085538,3333
3085539,3333
3085540,3333
3085542,3354
3085543,3354
3085544,3354
3085545,3354
3085546,3354
3085548,3354
3085549,2473
3085550,3357
3085565,3317
3085566,3317
3085567,3317
3085578,3544
3085580,2821
3085585,3560
3085586,3454
3085587,3454
3085588,3454
3085589,3454
3085590,3454
3085640,3417
3085641,3417
3089775,3288
3089776,3288
3089788,3484
3089789,3484
3089790,3484
3089799,3487
3089800,3487
3089801,3485
3089802,3485
3089803,3485
3089835,3405
3089836,3405
3089837,3405
3089838,3405
3089839,3373
3089840,3373
3089841,3373
3089842,3373
3089843,3373
3089844,3373
3089845,3373
3089846,3327
3089847,3327
3089848,3327
3089849,3327
3089850,3327
3089851,3327
3089852,3327
3089853,3327
3089855,3333
3089856,3333
3089857,3333
3089858,3333
3089859,3333
3089860,3333
3089861,3354
3089862,3354
3089863,3354
3089864,3354
3089865,3354
3089866,3354
3089868,3354
3089870,3357
3089871,3357
3089872,3357
3089885,3317
3089906,3454
3089907,3454
3089908,3454
3089909,3454
3089910,3454
3089960,3417
3089961,3417
3089962,3417
3089963,3417
3094093,3288
3094094,3288
3094095,3288
3094096,3288
3094107,3484
3094108,3484
3094109,3484
3094110,3484
3094156,3405
3094157,3405
3094158,3405
3094159,3373
3094160,3373
3094161,3373
3094162,3373
3094163,3373
3094164,3373
3094165,3373
3094166,3327
3094167,3327
3094168,3327
3094169,3327
3094170,3327
3094171,3327
3094172,3327
3094173,3327
3094174,3333
3094175,3333
3094176,3333
3094177,3333
3094178,3333
3094179,3333
3094184,3354
3094185,3354
3094186,3354
3094187,3354
3094188,2473
3094189,2473
3094190,2473
3094191,3357
3094227,3454
3094281,3417
3094282,3417
3094283,3417
3098413,3321
3098414,3321
3098415,3321
3098416,3321
3098427,3566
3098428,3566
3098429,3566
3098446,3555
3098447,3555
3098448,3555
3098463,2700
3098475,3711
3098476,3711
3098477,3711
3098478,3711
3098479,3679
3098480,3679
3098481,3679
3098482,3679
3098483,3679
3098484,3679
3098485,3679
3098486,3596
3098487,3596
3098488,3596
3098489,3596
3098490,3596
3098491,3596
3098492,3596
3098493,3596
3098494,3570
3098495,3570
3098496,3570
3098497,3570
3098498,3570
3098499,3570
3098500,3570
3098504,3530
3098505,3530
3098506,3530
3098507,3530
3098508,3530
3098509,3623
3098601,3535
3098602,3535
3098603,3535
3102745,3464
3102746,3566
3102747,3566
3102748,3566
3102758,3560
3102759,3560
3102766,3555
3102767,3555
3102768,3555
3102769,3560
3102779,2700
3102780,2700
3102783,2700
3102796,3711
3102797,3711
3102798,3711
3102799,3679
3102800,3679
3102801,3679
3102802,3679
3102803,3679
3102804,3679
3102805,3679
3102806,3596
3102807,3596
3102808,3596
3102809,3596
3102810,3596
3102811,3596
3102812,3596
3102813,3596
3102814,3570
3102815,3570
3102816,3570
3102817,3570
3102819,3570
3102820,3570
3102824,3530
3102825,3530
3102826,3530
3102827,3530
3102828,3530
3102829,3623
3102830,3623
3102832,3623
3102833,3623
3102920,3535
3102921,3535
3102922,3535
3102923,3535
3102924,3535
3102925,3535
3102926,3546
3107065,3464
3107066,3566
3107067,3566
3107076,3560
3107077,3560
3107078,3560
3107079,3560
3107080,3560
3107081,3555
3107082,3555
3107083,3555
3107084,3555
3107085,3555
3107086,3555
3107087,3555
3107088,3555
3107099,2700
3107100,2700
3107103,2700
3107104,2730
3107105,2730
3107106,2730
3107115,3711
3107116,3711
3107117,3711
3107118,3711
3107119,3679
3107122,3679
3107123,3679
3107124,3679
3107125,3679
3107126,3596
3107127,3596
3107128,3596
3107129,3596
3107130,3596
3107131,3596
3107132,3596
3107133,3596
3107134,3570
3107135,3570
3107136,3570
3107137,3570
3107138,3570
3107139,3570
3107140,3570
3107145,3530
3107146,3530
3107147,3530
3107148,3530
3107149,3623
3107150,3623
3107151,3623
3107152,3623
3107153,3623
3107154,3623
3107155,3623
3107243,3535
3107244,3535
3107245,3535
3107246,3546
3107247,3546
3107248,3546
3111384,3464
3111385,3464
3111386,3566
3111387,3566
3111388,3566
3111389,3566
3111394,3560
3111395,3560
3111396,3560
3111397,3560
3111398,3560
3111399,3560
3111400,3560
3111401,3555
3111402,3555
3111403,3555
3111404,3555
3111405,3555
3111406,3555
3111407,3555
3111408,3555
3111420,2700
3111421,2700
3111423,2700
3111424,2730
3111441,3679
3111442,3679
3111443,3679
3111444,3679
3111445,3679
3111446,3596
3111447,3596
3111449,3596
3111450,3596
3111451,3596
3111452,3596
3111453,3596
3111454,3570
3111455,3570
3111456,3570
3111457,3570
3111458,3570
3111459,3570
3111460,3570
3111461,3530
3111466,3530
3111467,3530
3111468,3530
3111469,3623
3111470,3623
3111471,3623
3111472,3623
3111473,3623
3111474,3623
3111475,3623
3111565,3535
3111566,3546
3111567,3546
3111568,3546
3111569,3546
3115704,3464
3115705,3464
3115706,3566
3115707,3566
3115708,3566
3115709,3566
3115710,3566
3115713,3566
3115714,3560
3115715,3560
3115716,3560
3115717,3560
3115718,3560
3115719,3560
3115720,3560
3115721,3555
3115722,3555
3115723,3555
3115724,3555
3115725,3555
3115726,3555
3115727,3555
3115728,3555
3115768,3596
3115769,3596
3115770,3596
3115771,3596
3115772,3596
3115773,3596
3115774,3570
3115775,3570
3115776,3570
3115777,3570
3115778,3570
3115779,3570
3115780,3570
3115781,3530
3115782,3530
3115783,3530
3115786,3530
3115787,3530
3115788,3530
3115789,3623
3115790,3623
3115791,3623
3115794,3623
3115887,3546
3120024,3464
3120025,3464
3120026,3566
3120027,3566
3120028,3566
3120029,3566
3120030,3566
3120031,3566
3120032,3566
3120033,3566
3120034,3560
3120035,3560
3120036,3560
3120037,3560
3120038,3560
3120039,3560
3120043,3555
3120044,3555
3120045,3555
3120046,3555
3120047,3555
3120048,3555
3120091,3596
3120092,3596
3120093,3596
3120094,3570
3120095,3570
3120098,3570
3120099,3570
3120100,3570
3120101,3530
3120102,3530
3120103,3530
3120107,3530
3120108,3530
3120109,3623
3120110,3623
3120111,3623
3120112,3623
3120113,3623
3120114,2697
3120205,3535
3120208,3546
3124343,3620
3124344,3620
3124345,3620
3124346,3682
3124347,3682
3124348,3682
3124349,3682
3124350,3682
3124351,3682
3124352,3682
3124353,3682
3124354,3654
3124357,3654
3124358,3654
3124359,3654
3124360,3654
3124362,3661
3124363,3661
3124364,3661
3124367,3661
3124368,3661
3124369,3706
3124370,3706
3124411,2994
3124421,3846
3124422,3846
3124423,3846
3124424,3846
3124425,3846
3124428,3846
3124429,3801
3124430,3801
3124431,3801
3124432,3801
3124433,3801
3124434,3801
3124435,2835
3124525,3829
3124527,3683
3124528,3683
3124541,3951
3124542,3951
3128645,3525
3128661,3620
3128662,3620
3128663,3620
3128664,3620
3128665,3620
3128666,3682
3128667,3682
3128669,3682
3128670,3682
3128671,3682
3128672,3682
3128673,3682
3128674,3654
3128677,3654
3128678,3654
3128679,3654
3128682,3661
3128683,3661
3128684,3661
3128687,3661
3128688,3661
3128689,3706
3128690,3706
3128691,3706
3128692,3706
3128741,3846
3128742,3846
3128743,3846
3128744,3846
3128749,3801
3128750,3801
3128751,3801
3128752,3801
3128753,3801
3128754,3801
3128755,3801
3128760,2962
3128761,2962
3128845,3829
3128846,3683
3128848,3683
3132973,3560
3132974,3560
3132980,3620
3132981,3620
3132982,3620
3132983,3620
3132984,3620
3132985,3620
3132986,3682
3132988,3682
3132989,3682
3132990,3682
3132991,3682
3132992,3682
3132995,3654
3132996,3654
3132997,3654
3132998,3654
3133002,3661
3133003,3661
3133004,3661
3133005,2713
3133006,2713
3133007,2713
3133008,3661
3133009,3706
3133010,3706
3133011,3706
3133012,3706
3133013,3706
3133014,3706
3133069,3801
3133070,3801
3133071,3801
3133072,3801
3133073,3801
3133074,3801
3133075,3801
3133076,3966
3133164,3829
3133165,3829
3133166,3683
3133167,3683
3137286,3525
3137287,3525
3137288,3525
3137289,3525
3137290,3525
3137291,3560
3137292,3560
3137293,3560
3137294,3560
3137299,3620
3137300,3620
3137301,3620
3137302,3620
3137303,3620
3137304,3620
3137305,3620
3137306,3682
3137307,3682
3137308,3682
3137309,3682
3137310,3682
3137311,3682
3137312,3682
3137315,3654
3137316,3654
3137317,3654
3137321,3661
3137322,3661
3137323,3661
3137324,2713
3137325,2713
3137326,2713
3137327,3661
3137328,3661
3137329,3706
3137330,3706
3137331,3706
3137332,3706
3137333,3706
3137334,3706
3137335,2761
3137390,3801
3137391,2835
3137396,3966
3137485,3829
3137486,3683
3137490,3683
3141607,3525
3141608,3525
3141609,3525
3141610,3525
3141611,3560
3141612,3560
3141613,3560
3141614,3560
3141615,3560
3141616,3560
3141619,3620
3141620,3620
3141621,3620
3141622,3620
3141623,3620
3141624,3620
3141625,3620
3141629,3682
3141630,3682
3141631,3682
3141632,3682
3141635,3654
3141636,3654
3141641,3661
3141642,3661
3141643,2713
3141644,2713
3141645,2713
3141646,2713
3141647,2713
3141648,2713
3141649,3706
3141651,3706
3141652,3706
3141653,2761
3141654,2761
3141655,2761
3141656,2945
3141657,2945
3141805,3829
3141809,3683
3141810,3683
3141811,3683
3141812,3683
3141813,3683
3141814,3747
3145920,3523
3145921,3523
3145922,3523
3145923,3523
3145926,3525
3145927,3525
3145930,3525
3145931,3560
3145932,3560
3145933,3560
3145934,3560
3145935,3560
3145936,3560
3145937,3560
3145938,3560
3145939,3620
3145940,3620
3145941,3620
3145942,3620
3145943,3620
3145944,3620
3145945,3620
3145946,3682
3145949,3682
3145950,3682
3145951,3682
3145952,3682
3145953,3682
3145954,3654
3145955,3654
3145956,3654
3145959,3654
3145960,3654
3145961,2713
3145962,2713
3145963,2713
3145964,2713
3145965,2713
3145966,2713
3145967,2713
3145968,2713
3145969,3706
3145972,2761
3145973,2761
3145974,2761
3145975,2761
3145976,2945
3145977,2945
3145978,2945
3146129,3683
3146130,3683
3146131,3683
3146132,3683
3146133,3683
3146134,3747
3150240,3810
3150241,3810
3150242,3810
3150243,3810
3150244,3781
3150246,3781
3150247,3781
3150248,3781
3150249,3781
3150250,3781
3150251,3762
3150252,3762
3150253,3762
3150254,3762
3150255,3762
3150256,3762
3150257,3762
3150258,3762
3150259,3773
3150260,3773
3150261,3773
3150262,3773
3150263,3773
3150266,3791
3150269,3791
3150270,3791
3150271,3791
3150272,3791
3150273,3791
3150274,3816
3150275,3816
3150279,3816
3150280,3816
3150281,2870
3150282,2870
3150283,2870
3150284,2870
3150285,2870
3150286,2870
3150287,2870
3150288,2870
3150289,3968
3150291,2997
3150292,2997
3150294,2997
3150295,2997
3150296,3164
3150449,3893
3150450,3893
3150451,3893
3150452,3893
3150453,3893
3154560,3810
3154561,3810
3154562,3810
3154563,3810
3154564,3781
3154565,3781
3154566,3781
3154567,3781
3154568,3781
3154569,3781
3154570,3781
3154571,3762
3154572,3762
3154573,3762
3154576,3762
3154577,3762
3154580,3773
3154581,3773
3154582,3773
3154583,3773
3154589,3791
3154590,3791
3154591,3791
3154592,3791
3154598,3816
3154599,3816
3154600,3816
3154601,3852
3154602,2870
3154603,2870
3154604,2870
3154605,2870
3154606,2870
3154607,2870
3154608,3852
3154609,3968
3154772,3893
3158881,3810
3158882,3810
3158883,3810
3158884,3781
3158885,3781
3158886,3781
3158887,3781
3158888,3781
3158889,3781
3158890,3781
3158891,3762
3158892,3762
3158893,3762
3158894,3762
3158895,3762
3158896,3762
3158897,3762
3158900,3773
3158901,3773
3158902,3773
3158903,3773
3158907,3791
3158910,3791
3158911,3791
3158912,3791
3158915,3816
3158916,3816
3158917,3816
3158918,3816
3158919,3816
3158920,3816
3158921,3852
3158922,3852
3158923,2870
3158924,2870
3158925,2870
3158926,3852
3158927,3852
3158928,3852
3158929,3968
3158930,3968
3159094,3865
3163203,3810
3163206,3781
3163207,3781
3163208,3781
3163209,3781
3163213,3762
3163215,3762
3163216,3762
3163217,3762
3163219,3773
3163220,3773
3163221,3773
3163222,3773
3163223,3773
3163224,3773
3163225,3773
3163226,3791
3163227,3791
3163230,3791
3163231,3791
3163232,3791
3163234,3816
3163235,3816
3163236,3816
3163237,3816
3163238,3816
3163239,3816
3163240,3816
3163241,3852
3163242,3852
3163243,3852
3163244,3852
3163245,3852
3163246,3852
3163247,3852
3163249,3968
3163250,3968
3167529,3781
3167530,3781
3167534,3762
3167544,3773
3167545,3773
3167546,3791
3167547,3791
3167548,3791
3167549,3791
3167550,3791
3167551,3791
3167552,3791
3167553,3791
3167554,3816
3167555,3816
3167556,3816
3167557,3816
3167558,3816
3167559,3816
3167560,3816
3167561,3852
3167562,3852
3167563,3852
3167564,3852
3167565,3852
3167566,3852
3167567,3852
3167569,3968
3167570,3968
3167571,3968
3171850,3781
3171851,3762
3171864,3773
3171865,3773
3171866,3791
3171867,3791
3171868,3791
3171869,3791
3171870,3791
3171871,3791
3171872,3791
3171873,3791
3171874,3816
3171875,3816
3171876,3816
3171877,3816
3171878,3816
3171879,3816
3171880,3816
3171881,3852
3171882,3852
3171883,3852
3171884,3852
3171885,3852
3171886,3852
3171887,3852
3171888,3852
3171889,3968
3171890,3968
3176171,3923
3176184,3927
3176185,3927
3176186,3944
3176187,3944
3176188,3944
3176189,3944
3176190,3944
3176191,3944
3176194,4043
3176195,4043
3176196,4043
3176197,4043
3176198,4043
3176199,4043
3176201,4177
3176202,4177
3176203,4177
3176204,4177
3176206,4177
3176207,4177
3176208,4177
3176374,3961
3176375,3961
3176376,3961
3176378,3961
3176380,3961
3180503,3927
3180504,3927
3180505,3927
3180506,3944
3180509,3944
3180510,3944
3180514,4043
3180515,4043
3180516,4043
3180517,4043
3180518,4043
3180519,4043
3180520,4043
3180525,4177
3180526,4177
3180694,3961
3180695,3961
3180696,3961
3184824,3927
3184825,3927
3184826,3944
3184827,3944
3184828,3944
3184834,4043
3184835,4043
3184836,4043
3184837,4043
3184838,4043
3184839,4043
3184840,4043
3184841,4177
3189144,3927
3189145,3927
3189146,3944
3189147,3944
3189148,3944
3189153,3944
3189154,4043
3189155,4043
3189156,4043
3189157,4043
3189159,4043
3189160,4043
3189161,4177
3193465,3927
3193466,3944
3193467,3944
3193468,3944
3193471,3944
3193472,3944
3193473,3944
3193474,4043
3193475,4043
3193476,4043
3193477,4043
3193480,4043
3193651,4029
3193652,4029
3197786,3944
3197787,3944
3197788,3944
3197790,3944
3197791,3944
3197792,3944
3197793,3944
3197794,4043
3197795,4043
3197972,4029
3197973,4029
3197977,3961
3202106,4119
3202107,4119
3202108,4119
3202109,4119
3202110,4119
3202111,4119
3202112,4119
3202113,4119
3202114,4276
3202297,3999
3202307,4065
3206426,4119
3206427,4119
3206428,4119
3206429,4119
3206430,4119
3206431,4119
3206432,4119
3206433,4119
3206623,4065
3206624,4065
3210746,4119
3210747,4119
3210748,4119
3210749,4119
3210750,4119
3210751,4119
3210752,4119
3210944,4065
3210945,4065
3210946,4065
3215066,4119
3215067,4119
3215068,4119
3215069,4119
3215070,4119
3215071,4119
3215072,4119
3215073,4119
3215265,4065
3215268,4065
3215269,4257
3215270,4257
3219385,4018
3219386,4119
3219387,4119
3219388,4119
3219389,4119
3219391,4119
3219393,4119
3219579,3999
3219580,3999
3219587,4065
3219588,4065
3219589,4257
3219590,4257
3219591,4257
3219592,4257
3223706,4119
3223707,4119
3223708,4119
3223709,4119
3223710,4119
3223899,3999
3223906,4065
3223907,4065
3223908,4065
3223909,4257
3223910,4257
3223912,4257
3228026,4272
3228027,4272
3228028,4272
3228029,4272
3228030,4272
3228031,4272
3228220,4070
3228226,4116
3228227,4116
3228228,4116
3228230,4253
3228232,4253
3228233,4253
3228234,4253
3232346,4272
3232347,4272
3232348,4272
3232349,4272
3232350,4272
3232351,4272
3232530,4225
3232531,4225
3232532,4225
3232533,4225
3232538,4070
3232539,4070
3232540,4070
3232541,4116
3232543,4116
3232549,4253
3232550,4253
3232552,4253
3232553,4253
3232554,4253
3236666,4272
3236667,4272
3236668,4272
3236669,4272
3236670,4272
3236852,4225
3236853,4225
3236855,4070
3236856,4070
3236857,4070
3236858,4070
3236859,4070
3236860,4070
3236863,4116
3236864,4116
3236869,4253
3236870,4253
3236871,4253
3236872,4253
3236873,4253
3236874,4253
3240985,4088
3240986,4272
3240987,4272
3240988,4272
3241172,4225
3241173,4225
3241174,4070
3241175,4070
3241176,4070
3241177,4070
3241178,4070
3241179,4070
3241180,4070
3241184,4116
3241185,4116
3241186,4116
3241187,4116
3241188,4116
3241189,4253
3241190,4253
3241191,4253
3241193,4253
3241194,4253
3245306,4272
3245492,4225
3245493,4225
3245494,4070
3245495,4070
3245496,4070
3245497,4070
3245498,4070
3245499,4070
3245500,4070
3245501,4116
3245505,4116
3245506,4116
3245507,4116
3245508,4116
3245509,4253
3245510,4253
3245511,4253
3245512,4253
3245513,4253
3245514,4253
3249627,4272
3249813,4225
3249814,4070
3249815,4070
3249816,4070
3249817,4070
3249818,4070
3249819,4070
3249820,4070
3249821,4116
3249822,4116
3249824,4116
3249825,4116
3249826,4116
3249827,4116
3249828,4116
3249829,4253
3249830,4253
3249831,4253
3249832,4253
3249833,4253
3254134,4169
3254135,4169
3254136,4169
3254137,4169
3254138,4169
3254139,4169
3254140,4169
3254141,4181
3254142,4181
3254143,4181
3254144,4181
3254145,4181
3254146,4181
3254147,4181
3254148,4181
3254149,4391
3254150,4391
3254151,4391
3254152,4391
3254153,4391
3254154,4391
3258456,4169
3258457,4169
3258458,4169
3258459,4169
3258460,4169
3258461,4181
3258462,4181
3258463,4181
3258464,4181
3258465,4181
3258466,4181
3258467,4181
3258468,4181
3258472,4391
3258473,4391
3258474,4391
3262776,4169
3262777,4169
3262778,4169
3262779,4169
3262780,4169
3262781,4181
3262782,4181
3262786,4181
3262787,4181
3262793,4391
3262794,4391
3262795,4391
3262796,4573
3262797,4573
3267098,4169
3267100,4169
3267101,4181
3267102,4181
3267113,4391
3267114,4391
3271425,4181
3271426,4181
3271432,4391
3271433,4391
3275741,4181
3275742,4181
3275743,4181
3275744,4181
3275745,4181
3275746,4181
3275747,4181
3275748,4181
3275752,4391
3275753,4391
3275754,4391
3275755,4391
3280061,4230
3280062,4230
3280063,4230
3280064,4230
3280065,4230
3280066,4230
3280067,4230
3280068,4230
3280069,4406
3280070,4406
3280071,4406
3280072,4406
3280073,4406
3280074,4406
3280075,4406
3284381,4230
3284382,4230
3284383,4230
3284384,4230
3284385,4230
3284386,4230
3284387,4230
3284388,4230
3284389,4406
3284390,4406
3284391,4406
3284392,4406
3284393,4406
3284394,4406
3288499,4270
3288505,4270
3288506,4446
3288507,4446
3288508,4446
3288509,4446
3288702,4230
3288709,4406
3288710,4406
3288711,4406
3288712,4406
3288713,4406
3288714,4406
3292818,4197
3292819,4270
3292820,4270
3292823,4270
3292824,4270
3292825,4270
3292826,4446
3292827,4446
3292828,4446
3292829,4446
3293022,4230
3293025,4230
3293028,4230
3293029,4406
3293030,4406
3293031,4406
3293032,4406
3293033,4406
3293034,4406
3297139,4270
3297140,4270
3297141,4270
3297143,4270
3297144,4270
3297145,4270
3297146,4446
3297147,4446
3297148,4446
3297149,4446
3297342,4230
3297343,4230
3297347,4230
3297348,4230
3301463,4270
3301464,4270
3301465,4270
3301466,4446
3301467,4446
3301468,4446
3301469,4446
3301470,4446
3301662,4230
3301663,4230
3301664,4230
3301665,4230
3301668,4230
3301669,4406
3305785,4303
3305786,4471
3305787,4471
3305788,4471
3305789,4471
3305790,4471
3310102,4303
3310105,4303
3310106,4471
3310107,4471
3310108,4471
3310109,4471
3310110,4471
3314427,4471
3314428,4471
3314429,4471
3336234,4792
3340553,4792
3340554,4792
3344873,4792
